feature,target,coverage,n_obs,n_dates,testable,names_per_day_median,mean_ic,ic_sd,t_hac,p_value,fold1_ic,fold2_ic,fold3_ic,fold4_ic,fold5_ic,positive_folds,sign_agree_folds,spread_q5_q1_bp,long_side,quintile_gross_bp,market_bp,quintile_excess_bp,quintile_net_after_cost_bp,leak_suspect,q_value,q_pass,stable,passes,family,group
C_on_sum_5,label_oc_1,1.0,1094307,1406,True,810.0,-0.05416886465166563,0.0681638853658568,-27.638976430712418,3.7865807785021273e-168,-0.04666556098445123,-0.05913489712519852,-0.05256857289470923,-0.059786168165056525,-0.05269437139587274,0,5,-22.92538626295557,Q1,-10.960221704520105,-19.072189490266176,8.111967785746073,-45.96022170452011,False,1.7115345118829616e-165,True,True,True,C_on_sum_5,A_overnight_intraday
C_on_sum_5,label_oc_2,1.0,1094307,1406,True,810.0,-0.04240180650207622,0.07117605060637647,-18.026998801390164,1.1961021026400812e-72,-0.036732776899380114,-0.04971823571581554,-0.04395664452846144,-0.04172557656033764,-0.03988475628048457,0,5,-19.738029392331306,Q1,-4.720299324893492,-9.769279609876953,5.048980284983458,-39.72029932489349,False,2.162552601573267e-71,True,True,True,C_on_sum_5,A_overnight_intraday
C_on_sum_5,label_oc_3,1.0,1094307,1406,True,810.0,-0.037592148382632425,0.07052339958400125,-13.596269159906702,4.213869411537586e-42,-0.03466473403414465,-0.04334160593916554,-0.04179559518258424,-0.035000318245158084,-0.03317421071023202,0,5,-16.61978334489014,Q1,2.475662530798289,-0.5082199648265837,2.9838824956248757,-32.52433746920171,False,2.4418833000192163e-41,True,True,True,C_on_sum_5,A_overnight_intraday
C_on_sum_5,label_oc_5,1.0,1094307,1406,True,810.0,-0.03213429894175069,0.07188897272852236,-9.596847423501243,8.242700680197045e-22,-0.026619574060909913,-0.03737132418980574,-0.03872860801783688,-0.025918334376061832,-0.0320340109608682,0,5,-11.714502165798567,Q1,19.10561568244049,18.793578948863647,0.3120367335768478,-15.89438431755951,False,2.4350985016006957e-21,True,True,True,C_on_sum_5,A_overnight_intraday
C_on_sum_20,label_oc_1,1.0,1094307,1406,True,810.0,-0.06009023843856078,0.07938639066783022,-26.21147287595525,1.966499497123437e-151,-0.05041512030496502,-0.06924380665507433,-0.05995621334173739,-0.06676202720617788,-0.05409535877617446,0,5,-22.218668580166064,Q1,-10.218845585136744,-19.072189490266176,8.853343905129433,-45.21884558513675,False,2.222144431749484e-149,True,True,True,C_on_excess_20,A_overnight_intraday
C_on_sum_20,label_oc_2,1.0,1094307,1406,True,810.0,-0.04609946168350398,0.08478191483264029,-16.441196085869915,9.69857532533641e-61,-0.03760431426268855,-0.056155619148370896,-0.04791615043221495,-0.04656219685629946,-0.042272646278107534,0,5,-17.565698601607153,Q1,-3.6192198590364266,-9.769279609876953,6.150059750840526,-38.61921985903643,False,1.1536200123821204e-59,True,True,True,C_on_excess_20,A_overnight_intraday
C_on_sum_20,label_oc_3,1.0,1094307,1406,True,810.0,-0.03988791433042319,0.08454292041308771,-11.90840214762718,1.0700817674771827e-32,-0.031639846466293205,-0.050316523021996136,-0.04201819901249603,-0.03824829172481318,-0.03722618377724048,0,5,-13.039215454770435,Q1,3.6533558220360276,-0.5082199648265837,4.161575786862613,-31.346644177963974,False,4.650739989420063e-32,True,True,True,C_on_excess_20,A_overnight_intraday
C_on_sum_20,label_oc_5,1.0,1094307,1406,True,810.0,-0.034208385491554805,0.08436699068737817,-8.207019330883842,2.267470721254926e-16,-0.024738177237864672,-0.04586293428249871,-0.03647268298965811,-0.029210905794216438,-0.03475528090650777,0,5,-5.321227470153087,Q1,19.70681590148367,18.793578948863647,0.9132369526200264,-15.293184098516331,False,5.631300912127618e-16,True,True,True,C_on_excess_20,A_overnight_intraday
C_on_sum_60,label_oc_1,1.0,1094307,1406,True,810.0,-0.06641135236534712,0.09680287727522578,-24.980619350356328,9.930228657094766e-138,-0.053873490418330866,-0.07390889614302612,-0.06698190029304853,-0.07263717111973378,-0.06466153097498194,0,5,-23.780722527972717,Q1,-8.762774983641767,-19.072189490266176,10.309414506624407,-43.76277498364177,False,8.976926706013668e-136,True,True,True,C_on_sum_60,A_overnight_intraday
C_on_sum_60,label_oc_2,1.0,1094307,1406,True,810.0,-0.05221335194835859,0.10535916723904663,-14.968491021329923,1.1796758974896176e-50,-0.04334313365880435,-0.06086336821896974,-0.05467234432602023,-0.04775153597385692,-0.05442849449458218,0,5,-19.809440442352635,Q1,-1.7877962417362538,-9.769279609876953,7.981483368140698,-36.78779624173625,False,1.0881908278883818e-49,True,True,True,C_on_sum_60,A_overnight_intraday
C_on_sum_60,label_oc_3,1.0,1094307,1406,True,810.0,-0.046248432823305,0.10691559228829957,-10.843245123597676,2.1471684639242642e-27,-0.0392779202455162,-0.054486386533371386,-0.0491707278136931,-0.03761023391114718,-0.0506811209220542,0,5,-15.491934544124447,Q1,5.242425931919982,-0.5082199648265837,5.75064589674657,-29.757574068080018,False,8.020827650361713e-27,True,True,True,C_on_sum_60,A_overnight_intraday
C_on_sum_60,label_oc_5,1.0,1094307,1406,True,810.0,-0.03993227993838601,0.10992099767482678,-7.096840409798352,1.276413064024207e-12,-0.03418190948300936,-0.04800126353495486,-0.04270548219659658,-0.025022517023502517,-0.04971541203714516,0,5,-6.582310774067843,Q1,19.925862159041465,18.793578948863647,1.1322832101778129,-15.074137840958535,False,2.695975256724026e-12,True,True,True,C_on_sum_60,A_overnight_intraday
C_id_sum_5,label_oc_1,1.0,1094307,1406,True,810.0,-0.010876493870841516,0.10193864164402495,-3.605030903160918,0.00031211578618111946,0.008107922318056418,-0.020197816646952402,-0.014716175276048696,-0.018211524735458375,-0.009370235364361393,1,4,-4.950195338239051,Q1,-20.07807205786525,-19.072189490266176,-1.0058825675990701,-55.07807205786525,False,0.00044224556537262065,True,True,True,C_id_sum_5,A_overnight_intraday
C_id_sum_5,label_oc_2,1.0,1094307,1406,True,810.0,-0.024805942022129848,0.10096139081552906,-6.736213557249256,1.625673018071191e-11,-0.004850883237092409,-0.03592140605658906,-0.03053388198925137,-0.03198819690427635,-0.02074977667556307,0,5,-18.259948643321053,Q1,-4.852243400709282,-9.769279609876953,4.91703620916767,-39.852243400709284,False,3.2370229258510055e-11,True,True,True,C_id_sum_5,A_overnight_intraday
C_id_sum_5,label_oc_3,1.0,1094307,1406,True,810.0,-0.028487525843785038,0.09885327157471911,-6.666088236209616,2.6271135105102644e-11,-0.00916922894945063,-0.039652215704569185,-0.03612383936849456,-0.035058241276289225,-0.022455569955311894,0,5,-26.24184819088775,Q1,7.77479753539902,-0.5082199648265837,8.283017500225608,-27.22520246460098,False,5.1628491597853895e-11,True,True,True,C_id_sum_5,A_overnight_intraday
C_id_sum_5,label_oc_5,1.0,1094307,1406,True,810.0,-0.028587851479511536,0.09906956678757446,-5.520108160595029,3.387910618217133e-08,-0.010855649741137788,-0.03540298928269333,-0.035636788602634174,-0.03611229521123786,-0.024944500222690173,0,5,-34.18806999318456,Q1,31.38120293796779,18.793578948863647,12.587623989104141,-3.618797062032211,False,5.778624903525072e-08,True,True,True,C_id_sum_5,A_overnight_intraday
C_id_sum_20,label_oc_1,1.0,1094307,1406,True,810.0,0.011337256730934305,0.10028755489921083,3.48804213617747,0.0004865713924666557,0.023726221671634226,0.0026516732230001845,0.009797113817149835,0.00720437237671294,0.013299918006474913,5,5,6.631822963577786,Q5,-18.278983131583562,-19.072189490266176,0.7932063586826109,-53.27898313158356,False,0.0006770361310313337,True,True,True,PR_C_tug_20,A_overnight_intraday
C_id_sum_20,label_oc_2,1.0,1094307,1406,True,810.0,0.003335610275893206,0.1041418950481934,0.8064366189790386,0.41999113961729956,0.013787927218014001,-0.004502200426864186,-0.001602461297406481,6.404681648750956e-05,0.008910898186989294,3,3,1.934230330116998,Q5,-10.923057279360794,-9.769279609876953,-1.153777669483843,-45.92305727936079,False,0.47000553908285375,False,False,False,,A_overnight_intraday
C_id_sum_20,label_oc_3,1.0,1094307,1406,True,810.0,0.001558757589536101,0.10611915338344682,0.3175101624778088,0.750856529564487,0.011840709884134501,-0.005160601663335992,-0.004912293776687507,-0.004007908886041787,0.010003828755568465,2,2,0.722851186899298,Q5,-1.8257619974420785,-0.5082199648265837,-1.317542032615493,-36.82576199744208,False,0.7952171448578651,False,False,False,,A_overnight_intraday
C_id_sum_20,label_oc_5,1.0,1094307,1406,True,810.0,0.0010389905496501414,0.10718945600949745,0.16917422785170863,0.8656596007822668,0.004832683538272215,-0.002563216981626104,-0.004794952035069428,-0.0060052550728131576,0.013680704991863645,2,2,0.5059654369483362,Q5,18.045164104215793,18.793578948863647,-0.7484148446478536,-16.954835895784207,False,0.895501968552672,False,False,False,,A_overnight_intraday
C_id_sum_60,label_oc_1,1.0,1094307,1406,True,810.0,0.026396998170318094,0.09603190283734173,8.311609202806265,9.441290800210421e-17,0.04350518095001103,0.01071528385287426,0.030230610080755935,0.021170850482895867,0.02636318581372452,5,5,12.59087295190162,Q5,-15.092632223376867,-19.072189490266176,3.9795572668893118,-50.09263222337687,False,2.3974513717388257e-16,True,True,True,C_tug_60,A_overnight_intraday
C_id_sum_60,label_oc_2,1.0,1094307,1406,True,810.0,0.020504953390528297,0.10618936793578514,4.858777976603152,1.1811249242533808e-06,0.03602196610610809,0.005578926147577988,0.02271686683538575,0.015289322003679771,0.02290913007099143,5,5,10.572197568456136,Q5,-5.967382271807025,-9.769279609876953,3.801897338069928,-40.967382271807026,False,1.8798185414173524e-06,True,True,True,C_tug_60,A_overnight_intraday
C_id_sum_60,label_oc_3,1.0,1094307,1406,True,810.0,0.018692597414840317,0.11110868672008262,3.607872206595227,0.0003087184744253912,0.03334426871047143,0.0044215661078932204,0.020992289534605156,0.012543586615755616,0.022148975826431362,5,5,10.130858002188177,Q5,3.66211439907303,-0.5082199648265837,4.1703343638996175,-31.33788560092697,False,0.0004401916417674348,True,True,True,C_tug_60,A_overnight_intraday
C_id_sum_60,label_oc_5,1.0,1094307,1406,True,810.0,0.017708499152574907,0.11588361209597595,2.648531657282232,0.008084227733949316,0.02778679034476084,0.006968720191053786,0.019942190871326208,0.009479514697466515,0.02434167405363708,5,5,11.866303164881785,Q5,25.19641637533338,18.793578948863647,6.402837426469737,-9.803583624666619,False,0.010560898658222805,True,True,True,C_tug_60,A_overnight_intraday
C_tug_20,label_oc_1,1.0,1094307,1406,True,810.0,-0.03200976434832168,0.0875074546312546,-12.749458283158104,3.1391903330938487e-37,-0.03859424320252754,-0.03022063986973684,-0.0300944610963075,-0.03061415209377736,-0.030530589446879978,0,5,-14.295261625425349,Q1,-13.969430625352436,-19.072189490266176,5.10275886491374,-48.96943062535244,False,1.5765711450649107e-36,True,True,True,PR_C_tug_20,A_overnight_intraday
C_tug_20,label_oc_2,1.0,1094307,1406,True,810.0,-0.020077872605419076,0.09292138653509951,-5.960487837440038,2.5148602225620227e-09,-0.026326984921004996,-0.019210610234118193,-0.01690428975704915,-0.015996003561373387,-0.021944830575010194,0,5,-8.765338258728786,Q1,-7.148539879669139,-9.769279609876953,2.620739730207812,-42.14853987966914,False,4.423022648241378e-09,True,True,True,C_tug_20,A_overnight_intraday
C_tug_20,label_oc_3,1.0,1094307,1406,True,810.0,-0.016291826418340656,0.09544816445777514,-3.904904914911909,9.426244032060692e-05,-0.023031736078555826,-0.01607179381706478,-0.012191240514282095,-0.009136476996967619,-0.02101109015197307,0,5,-5.263568935784979,Q1,0.9016288586963883,-0.5082199648265837,1.4098488235229754,-34.09837114130361,False,0.00013699878786146088,True,True,True,PR_C_tug_20,A_overnight_intraday
C_tug_20,label_oc_5,1.0,1094307,1406,True,810.0,-0.013919140710030156,0.09736219400536208,-2.6028961329314058,0.009243995459337885,-0.015963443671257575,-0.016614262492547178,-0.010292431114104793,-0.0038206831693642115,-0.022873018768150614,0,5,-2.1614194263308923,Q1,19.695434577317467,18.793578948863647,0.9018556284538289,-15.304565422682533,False,0.011972166039027862,True,True,True,C_tug_20,A_overnight_intraday
C_tug_60,label_oc_1,1.0,1094307,1406,True,810.0,-0.04861646783845179,0.09006692267314563,-18.581189491590898,4.5627883236527366e-77,-0.05434436521433487,-0.04300752466040368,-0.05030002984853651,-0.04864571567446231,-0.04679119941169862,0,5,-19.980318739565742,Q1,-10.994034834150373,-19.072189490266176,8.078154656115803,-45.99403483415037,False,8.96687096648277e-76,True,True,True,C_tug_60,A_overnight_intraday
C_tug_60,label_oc_2,1.0,1094307,1406,True,810.0,-0.0379956726061975,0.10053081567773917,-10.207679773082596,1.831930211366151e-24,-0.043902968955912426,-0.033540351732209865,-0.040040614068909824,-0.032485436564519056,-0.04000185227999224,0,5,-16.89725767368601,Q1,-3.237188449089775,-9.769279609876953,6.532091160787176,-38.23718844908977,False,5.7904367520104916e-24,True,True,True,C_tug_60,A_overnight_intraday
C_tug_60,label_oc_3,1.0,1094307,1406,True,810.0,-0.03407580358128073,0.10554280486885409,-7.226765410914341,4.946334337467591e-13,-0.04007189912352093,-0.03003799464351521,-0.03643908015157325,-0.025906490935974445,-0.03790990855015122,0,5,-14.526218280414554,Q1,5.354458067293581,-0.5082199648265837,5.862678032120169,-29.64554193270642,False,1.0901263012598185e-12,True,True,True,C_tug_60,A_overnight_intraday
C_tug_60,label_oc_5,1.0,1094307,1406,True,810.0,-0.030585551998048816,0.11119996589378922,-4.877743035401149,1.0730659144688875e-06,-0.03381317997585703,-0.028918494248167514,-0.03305625254935738,-0.018295839146157906,-0.03881470881512746,0,5,-12.519788547600184,Q1,24.522641029408597,18.793578948863647,5.72906208054495,-10.477358970591403,False,1.7199496217728269e-06,True,True,True,C_tug_60,A_overnight_intraday
C_on_absshare_20,label_oc_1,1.0,1094307,1406,True,810.0,-0.004863218903477917,0.07047164983119626,-2.824663967811034,0.00473302245673173,-0.007531094639270904,-0.008828653285300598,0.0006149234776922095,-0.003935522058139926,-0.0046365546467359966,1,4,-8.678178357102801,Q1,-15.54035798811263,-19.072189490266176,3.531831502153547,-50.54035798811263,False,0.006273683725638539,True,True,True,C_on_absshare_20,A_overnight_intraday
C_on_absshare_20,label_oc_2,1.0,1094307,1406,True,810.0,-0.007029552855009481,0.06856019940059986,-3.3504791164441707,0.000806718921114863,-0.013105006506545738,-0.010059116445654645,0.002393474658781939,-0.007948044735812045,-0.0064312006132253964,1,4,-11.092611458142112,Q1,-5.916410906351092,-9.769279609876953,3.8528687035258606,-40.91641090635109,False,0.0011116980254387747,True,True,True,C_on_absshare_20,A_overnight_intraday
C_on_absshare_20,label_oc_3,1.0,1094307,1406,True,810.0,-0.007142607892480528,0.06699521513824841,-2.7588457051865984,0.005800591547417659,-0.014629725989696122,-0.009817194389868262,0.0035373506799533964,-0.008000516990875452,-0.0068041572226983415,1,4,-12.493880390087577,Q1,3.500397832610776,-0.5082199648265837,4.008617797437364,-31.499602167389224,False,0.0076662788872303555,True,True,True,C_on_absshare_20,A_overnight_intraday
C_on_absshare_20,label_oc_5,1.0,1094307,1406,True,810.0,-0.006864003921326481,0.0668659252815646,-2.0447469788319816,0.04087980945724444,-0.01616036022899393,-0.00980141463940608,0.006424629572793616,-0.0065523155544333946,-0.008225712817460464,1,4,-15.483209838584894,Q1,23.883734455934263,18.793578948863647,5.090155507070613,-11.116265544065737,False,0.05090268285034294,True,True,True,C_on_absshare_20,A_overnight_intraday
C_on_id_volratio_60,label_oc_1,1.0,1094307,1406,True,810.0,0.0003976647639606739,0.0689466899807805,0.20203350619144175,0.8398905300988974,-0.008223272614066841,-0.009882779634825423,0.005938106860938002,0.008766988532543322,0.005371579909571566,3,3,-5.416238647957381,Q5,-22.912931983375103,-19.072189490266176,-3.840742493108929,-57.9129319833751,False,0.8787743509368092,False,False,False,,A_overnight_intraday
C_on_id_volratio_60,label_oc_2,1.0,1094307,1406,True,810.0,-0.003584525209213576,0.06773686947702223,-1.5361353852175164,0.12450517931780038,-0.013096536405172958,-0.015213260425360224,0.0051619082430357,0.0007171713867393861,0.004479393933541627,3,2,-8.946889765704475,Q1,-6.65888723082824,-9.769279609876953,3.1103923790487116,-41.65888723082824,False,0.1504715001380903,False,False,False,,A_overnight_intraday
C_on_id_volratio_60,label_oc_3,1.0,1094307,1406,True,810.0,-0.004470852931919067,0.0671688921723553,-1.58801435995757,0.11228309200183047,-0.014577673150645351,-0.018692260959883075,0.005979205941381278,-0.0005442434678226355,0.00544541775783795,2,3,-11.14572692253071,Q1,3.691689697404782,-0.5082199648265837,4.199909662231368,-31.308310302595217,False,0.13679772933915735,False,False,False,,A_overnight_intraday
C_on_id_volratio_60,label_oc_5,1.0,1094307,1406,True,810.0,-0.004761713065637237,0.06754051257771886,-1.3199775295593474,0.18684252039598523,-0.015219402980820982,-0.022727115211025387,0.007995356692671427,-0.0011899077117443154,0.007289616588589923,2,3,-14.100503683436482,Q1,24.80536012719097,18.793578948863647,6.011781178327324,-10.19463987280903,False,0.22224426110259296,False,False,False,,A_overnight_intraday
C_on_posfrac_20,label_oc_1,1.0,1094307,1406,True,810.0,-0.03423818655930728,0.059694529557208886,-19.24785859075793,1.471195110897099e-82,-0.02399584229298908,-0.028131475698345055,-0.04118594285837877,-0.03816341145820161,-0.039694841786744844,0,5,-14.727486019723615,Q1,-10.793843876047934,-19.072189490266176,8.278345614218242,-45.79384387604793,False,3.9116481772087576e-81,True,True,True,C_on_posfrac_20,A_overnight_intraday
C_on_posfrac_20,label_oc_2,1.0,1094307,1406,True,810.0,-0.023796133754622004,0.062495419565090866,-10.5649860413316,4.3303309598745287e-26,-0.011216365396130596,-0.019526241266844414,-0.03460842326080753,-0.023650773256202122,-0.02995694101213776,0,5,-11.788180266828865,Q1,-2.9559801776888444,-9.769279609876953,6.813299432188108,-37.95598017768884,False,1.482810298381278e-25,True,True,True,C_on_posfrac_20,A_overnight_intraday
C_on_posfrac_20,label_oc_3,1.0,1094307,1406,True,810.0,-0.0192979485310363,0.0631177895978236,-7.1425502752236145,9.161499086550505e-13,-0.005562638046726355,-0.01629700204343083,-0.03145996622335712,-0.017327537688083716,-0.025819390674425496,0,5,-9.12661539431176,Q1,4.780238368001514,-0.5082199648265837,5.288458332828103,-30.219761631998487,False,1.9813385584310183e-12,True,True,True,C_on_posfrac_20,A_overnight_intraday
C_on_posfrac_20,label_oc_5,1.0,1094307,1406,True,810.0,-0.015795157192542826,0.06301192151089628,-4.59409195263274,4.346377060052689e-06,-0.0013366881733832773,-0.013883051458197668,-0.029996497254918094,-0.009000967482966565,-0.024726796400338216,0,5,-3.7899308369997944,Q1,21.442729634701852,18.793578948863647,2.649150685838208,-13.557270365298148,False,6.70925317374825e-06,True,True,True,C_on_posfrac_20,A_overnight_intraday
C_id_posfrac_20,label_oc_1,1.0,1094307,1406,True,810.0,0.018765697309351712,0.07281869858754914,8.547955214197762,1.2528831231159317e-17,0.029352609170031446,0.011577537519058132,0.018477421471763136,0.018339011980803212,0.016091423394124785,5,5,8.283453564696206,Q5,-14.737204266271403,-19.072189490266176,4.334985223994774,-49.737204266271405,False,3.27342873785203e-17,True,True,True,C_id_posfrac_20,A_overnight_intraday
C_id_posfrac_20,label_oc_2,1.0,1094307,1406,True,810.0,0.012281294537372613,0.07572040501376627,4.292928036144804,1.7633217143448698e-05,0.018835786536298554,0.007073250584679889,0.009723989360655107,0.011793378171185193,0.01397404401455257,5,5,6.352200762527232,Q5,-6.072281364065474,-9.769279609876953,3.6969982458114785,-41.072281364065475,False,2.665623461150104e-05,True,True,True,C_id_posfrac_20,A_overnight_intraday
C_id_posfrac_20,label_oc_3,1.0,1094307,1406,True,810.0,0.010752420706558994,0.0772451260756032,3.110203490373991,0.0018695849619890558,0.01630521558973454,0.006437824827969204,0.00729909940581517,0.008742952658442662,0.01496203023400973,5,5,5.651731900670008,Q5,2.7032633007621407,-0.5082199648265837,3.211483265588728,-32.29673669923786,False,0.0025225444860270244,True,True,True,C_id_posfrac_20,A_overnight_intraday
C_id_posfrac_20,label_oc_5,1.0,1094307,1406,True,810.0,0.010028644692473564,0.07898058269442124,2.2476674537141554,0.024597402818404786,0.00988095248838482,0.010050613501192364,0.006824026791247582,0.0051314922713624,0.01822696290054339,5,5,5.3276554523358435,Q5,21.189269627545897,18.793578948863647,2.395690678682252,-13.810730372454103,False,0.031230410319997088,True,True,True,C_id_posfrac_20,A_overnight_intraday
C_on_excess_20,label_oc_1,1.0,1094307,1406,True,810.0,-0.060090360251489755,0.07938556571718126,-26.212103394662876,1.9342198156506558e-151,-0.0504145444041478,-0.06924380665507433,-0.05995621334173739,-0.06676202720617788,-0.054096539971592084,0,5,-22.218390189177924,Q1,-10.218845585136744,-19.072189490266176,8.853343905129433,-45.21884558513675,False,2.222144431749484e-149,True,True,True,C_on_excess_20,A_overnight_intraday
C_on_excess_20,label_oc_2,1.0,1094307,1406,True,810.0,-0.046099864229439264,0.0847817761967801,-16.44173817452049,9.612203960791337e-61,-0.037604203397333544,-0.056155619148370896,-0.04791615043221495,-0.04656219685629946,-0.04227476377012805,0,5,-17.564746704859715,Q1,-3.6192198590364266,-9.769279609876953,6.150059750840526,-38.61921985903643,False,1.1536200123821204e-59,True,True,True,C_on_excess_20,A_overnight_intraday
C_on_excess_20,label_oc_3,1.0,1094307,1406,True,810.0,-0.039888083871786,0.08454263905180893,-11.90870494610151,1.0662033757054934e-32,-0.031638820244156415,-0.050316523021996136,-0.04201819901249603,-0.03824829172481318,-0.037228051662263735,0,5,-13.037931889600342,Q1,3.6533558220360276,-0.5082199648265837,4.161575786862613,-31.346644177963974,False,4.650739989420063e-32,True,True,True,C_on_excess_20,A_overnight_intraday
C_on_excess_20,label_oc_5,1.0,1094307,1406,True,810.0,-0.03420858061515402,0.08436660597261973,-8.207240595840007,2.2632975144677807e-16,-0.024736513503529033,-0.04586293428249871,-0.03647268298965811,-0.029210905794216438,-0.034757911591361726,0,5,-5.319917498262405,Q1,19.70681590148367,18.793578948863647,0.9132369526200264,-15.293184098516331,False,5.631300912127618e-16,True,True,True,C_on_excess_20,A_overnight_intraday
C_id_excess_20,label_oc_1,1.0,1094307,1406,True,810.0,0.011337075050498302,0.10028948662860279,3.4879127248829884,0.0004868069526220872,0.023728965686038602,0.002651705445504224,0.009797089094126566,0.0072043756539961245,0.013296267158917033,5,5,6.6321434797481835,Q5,-18.278662615413168,-19.072189490266176,0.7935268748530078,-53.27866261541317,False,0.0006770361310313337,True,True,True,PR_C_tug_20,A_overnight_intraday
C_id_excess_20,label_oc_2,1.0,1094307,1406,True,810.0,0.003334910467211075,0.10414494790113839,0.8062591375218612,0.420093446436887,0.01378871992086528,-0.0045021612238661315,-0.0016024735050158884,6.40488095558273e-05,0.00890659029243364,3,3,1.9339874134896389,Q5,-10.923300195988155,-9.769279609876953,-1.1540205861112023,-45.923300195988155,False,0.47000553908285375,False,False,False,,A_overnight_intraday
C_id_excess_20,label_oc_3,1.0,1094307,1406,True,810.0,0.0015563171383586225,0.10612189576946675,0.3170127922519376,0.7512338956953726,0.011833023932571227,-0.0051605593278499515,-0.004912307499710427,-0.004007906583359691,0.009999289006908675,2,2,0.7215922052241707,Q5,-1.827020979117205,-0.5082199648265837,-1.3188010142906204,-36.82702097911721,False,0.7952171448578651,False,False,False,,A_overnight_intraday
C_id_excess_20,label_oc_5,1.0,1094307,1406,True,810.0,0.0010380225709263385,0.10719134382762922,0.16901609332179152,0.8657839828706142,0.0048321819641759176,-0.002563172718336011,-0.004794962765112239,-0.006005245064847382,0.013676335237092456,2,2,0.5102192614350091,Q5,18.049417928702468,18.793578948863647,-0.7441610201611807,-16.950582071297532,False,0.895501968552672,False,False,False,,A_overnight_intraday
C_beta_60,label_oc_1,0.9999698439286233,1094274,1406,True,810.0,-0.044104982521591306,0.1645995122713504,-10.687920312840497,1.15941578987751e-26,-0.048792624680647205,-0.04056874077070373,-0.0390982691635015,-0.038985442546315356,-0.053048009727195845,0,5,-8.237786438318768,Q1,-14.805601715415001,-19.072189490266176,4.266587774851173,-49.805601715415,False,4.094187008004957e-26,True,True,True,C_beta_id_60,B_market_model
C_beta_60,label_oc_2,0.9999698439286233,1094274,1406,True,810.0,-0.03708680377679032,0.17585426392905196,-6.235842870024066,4.493519729021995e-10,-0.05162704308110808,-0.0291922891990442,-0.031597684661315344,-0.021016605043552787,-0.0519475118169378,0,5,-6.1228178748842375,Q1,-7.135180418672284,-9.769279609876953,2.6340991912046663,-42.135180418672284,False,8.222959180234582e-10,True,True,True,C_beta_id_60,B_market_model
C_beta_60,label_oc_3,0.9999698439286233,1094274,1406,True,810.0,-0.03516709382427089,0.1783211645883189,-4.718727346803417,2.37324644149319e-06,-0.05697933066375082,-0.02509039602585654,-0.027283583148396164,-0.01325310560562546,-0.05316500417469902,0,5,-5.06505376272194,Q1,0.7440908700197425,-0.5082199648265837,1.252310834846327,-34.25590912998026,False,3.698991005361799e-06,True,True,True,C_beta_id_60,B_market_model
C_beta_60,label_oc_5,0.9999698439286233,1094274,1406,True,810.0,-0.035111662707125214,0.18240222970795233,-3.557314683524746,0.0003746652350617944,-0.06452260129487776,-0.022905579842638964,-0.02568929679181449,-0.0036611678468989944,-0.0586957386634658,0,5,-4.19488512801545,Q1,17.675628388152262,18.793578948863647,-1.1179505607113858,-17.324371611847738,False,0.0005242993382288888,True,True,True,C_beta_id_60,B_market_model
C_beta_down_120,label_oc_1,0.9998930830196645,1094190,1406,True,810.0,-0.0401652779136047,0.14886021698550747,-10.552843166708465,4.928278803355899e-26,-0.04008391624387335,-0.025704088991150786,-0.0428440405257874,-0.042840781330459994,-0.04932097990737907,0,5,-6.8501837138144674,Q1,-15.5341620562884,-19.072189490266176,3.538027433977776,-50.5341620562884,False,1.67487369858411e-25,True,True,True,C_beta_down_120,B_market_model
C_beta_down_120,label_oc_2,0.9998930830196645,1094190,1406,True,810.0,-0.03282796504424056,0.15977782769895849,-6.046564633466827,1.479668889043733e-09,-0.03959170631163712,-0.015494539336069134,-0.0354313317331687,-0.023259045067283206,-0.05030102107897087,0,5,-3.8561084942433306,Q1,-8.70847324916567,-9.769279609876953,1.0608063607112845,-43.70847324916567,False,2.6227856386186955e-09,True,True,True,C_beta_down_120,B_market_model
C_beta_down_120,label_oc_3,0.9998930830196645,1094190,1406,True,810.0,-0.03059019043668166,0.16291112899312138,-4.525774566403982,6.0174698956194455e-06,-0.04227253631267995,-0.011321833463205607,-0.03121065302610111,-0.014554224146673927,-0.053510139579435415,0,5,-1.4690634909010125,Q1,-1.6799679814105455,-0.5082199648265837,-1.1717480165839587,-36.67996798141055,False,9.188839164932396e-06,True,True,True,C_beta_down_120,B_market_model
C_beta_down_120,label_oc_5,0.9998930830196645,1094190,1406,True,810.0,-0.028897907733422268,0.16709736408164885,-3.2433289325645873,0.0011814173177822798,-0.04506685389192671,-0.006893842166523874,-0.02758884848595349,-0.004004957325565056,-0.06082142995649072,0,5,3.175815789436833,Q1,13.027028885766766,18.793578948863647,-5.7665500630968785,-21.972971114233232,False,0.0016181837201139106,True,True,True,C_beta_down_120,B_market_model
C_beta_updown_120,label_oc_1,0.9998930830196645,1094190,1406,True,810.0,0.006745396327915364,0.06133667780441928,3.1627738801597127,0.0015627366198773978,0.015967672077031397,-0.0028181698743916577,0.010444654463740639,0.005969072426483207,0.004172907311894797,4,4,1.9188562773494025,Q5,-20.075513640131735,-19.072189490266176,-1.0033241498655578,-55.07551364013173,False,0.002121192048602354,True,True,True,C_beta_updown_120,B_market_model
C_beta_updown_120,label_oc_2,0.9998930830196645,1094190,1406,True,810.0,0.0055677520682905195,0.06537384774411534,2.091284929624154,0.03650252993991779,0.01550943445401399,-0.002856451298636077,0.008365406444533445,0.0005226949830140094,0.0062950873766469545,4,4,2.45385653945242,Q5,-10.766489428033232,-9.769279609876953,-0.9972098181562822,-45.76648942803323,False,0.04570399870593585,True,True,True,C_beta_updown_120,B_market_model
C_beta_updown_120,label_oc_3,0.9998930830196645,1094190,1406,True,810.0,0.005177849536296899,0.06660108512631563,1.6414180300309775,0.10071066970609419,0.014986358722601052,-0.00170395983926532,0.005848068403674358,-0.0008736250900901884,0.007623701385457266,3,3,2.6533176531613787,Q5,-1.7324323517683244,-0.5082199648265837,-1.2242123869417363,-36.732432351768324,False,0.12336374717386063,False,False,False,,B_market_model
C_beta_updown_120,label_oc_5,0.9998930830196645,1094190,1406,True,810.0,0.00392296257713742,0.06804297076848885,0.981472024889689,0.3263600233442526,0.011965108567437328,-0.001854900444610916,0.003037333384743229,-0.0030745998581621545,0.009521946028268467,3,3,1.0352995225418362,Q5,16.73180850538583,18.793578948863647,-2.0617704434778155,-18.26819149461417,False,0.3744028694203101,False,False,False,,B_market_model
C_beta_on_60,label_oc_1,0.9999698439286233,1094274,1406,True,810.0,-0.03670839127232706,0.12270226498075498,-10.866456305423338,1.6654453879505382e-27,-0.050772899924678684,-0.035833227795522005,-0.0330326440513033,-0.0237743510397824,-0.040116704322412655,0,5,-8.977781023149852,Q1,-15.76394399497453,-19.072189490266176,3.3082454952916476,-50.76394399497453,False,6.273177627947027e-27,True,True,True,C_beta_on_60,B_market_model
C_beta_on_60,label_oc_2,0.9999698439286233,1094274,1406,True,810.0,-0.03392379324022937,0.13378879263729912,-6.850407450456969,7.363994104301264e-12,-0.056049865376117024,-0.03095568410870964,-0.027251339981214283,-0.0150139580343584,-0.04032533740478822,0,5,-9.508858344115696,Q1,-6.845088981157723,-9.769279609876953,2.9241906287192276,-41.84508898115772,False,1.4926122579121846e-11,True,True,True,C_beta_on_60,B_market_model
C_beta_on_60,label_oc_3,0.9999698439286233,1094274,1406,True,810.0,-0.033290215727883425,0.1365829960987077,-5.299414890523112,1.161743741018482e-07,-0.06124770885334476,-0.02920235610130671,-0.024337854585836927,-0.00911079599180888,-0.04251951861286722,0,5,-9.871612017389635,Q1,2.1473157817489628,-0.5082199648265837,2.6555357465755502,-32.852684218251035,False,1.9305447461042422e-07,True,True,True,C_beta_on_60,B_market_model
C_beta_on_60,label_oc_5,0.9999698439286233,1094274,1406,True,810.0,-0.03320671835642845,0.141160427281179,-4.040567880383496,5.332192826699948e-05,-0.06627180697159102,-0.028700854323869082,-0.022532639017224045,-0.0013478512320713404,-0.047130888032135144,0,5,-10.030236177601827,Q1,20.754644740346773,18.793578948863647,1.9610657914831269,-14.245355259653227,False,7.876310972772473e-05,True,True,True,C_beta_on_60,B_market_model
C_beta_id_60,label_oc_1,0.9999698439286233,1094274,1406,True,810.0,-0.044004087350313296,0.16183219845780442,-10.725666064848093,7.712936310932387e-27,-0.04480995692444543,-0.04304642715504389,-0.039708032977390686,-0.039442910388373276,-0.05298116241994441,0,5,-8.48561418960264,Q1,-15.343193177721147,-19.072189490266176,3.728996312545032,-50.34319317772115,False,2.788997770033151e-26,True,True,True,C_beta_id_60,B_market_model
C_beta_id_60,label_oc_2,0.9999698439286233,1094274,1406,True,810.0,-0.036704049726033444,0.17194970519962302,-6.301248018920318,2.952584877018638e-10,-0.04749923347653411,-0.03178849946319678,-0.03213353971428446,-0.02052668091724092,-0.05151957078468089,0,5,-6.3215014672167795,Q1,-8.168748495583474,-9.769279609876953,1.6005311142934788,-43.16874849558347,False,5.492050882355657e-10,True,True,True,C_beta_id_60,B_market_model
C_beta_id_60,label_oc_3,0.9999698439286233,1094274,1406,True,810.0,-0.03464410133058467,0.1743160983206963,-4.766178125653892,1.8775328606868129e-06,-0.05139256879178532,-0.02797704285191006,-0.02816309838159785,-0.012991474281309996,-0.05263230737817923,0,5,-4.921225975087228,Q1,-0.8640662478724745,-0.5082199648265837,-0.35584628304588733,-35.86406624787247,False,2.956950707423134e-06,True,True,True,C_beta_id_60,B_market_model
C_beta_id_60,label_oc_5,0.9999698439286233,1094274,1406,True,810.0,-0.034516946059160294,0.17797688781169865,-3.606609457416152,0.00031022403115021886,-0.05760106422080658,-0.02583117026494804,-0.026996303394400595,-0.0039748895506421696,-0.05809738670611812,0,5,-3.6821151823664766,Q1,15.046126077453485,18.793578948863647,-3.7474528714101636,-19.953873922546514,False,0.0004409473650311287,True,True,True,C_beta_id_60,B_market_model
C_r2_60,label_oc_1,0.9999314634741439,1094232,1406,True,810.0,-0.0017482549814360421,0.11579280296174624,-0.497825231996828,0.6186072299279765,-0.009254792954716371,0.010526050536074007,0.00503004150436035,-2.5296514168693465e-05,-0.01497022420746251,2,3,1.179750547316061,Q1,-18.885579246040155,-19.072189490266176,0.18661024422602257,-53.88557924604015,False,0.6705287000658162,False,False,False,,B_market_model
C_r2_60,label_oc_2,0.9999314634741439,1094232,1406,True,810.0,-0.00012069916969624519,0.12389229326377849,-0.025598171773862227,0.9795778443066098,-0.015062541851161971,0.01541482982316251,0.007833534177968018,0.0071237590666269794,-0.015857075725022228,3,2,3.1796081261184153,Q1,-11.007097685846295,-9.769279609876953,-1.2378180759693451,-46.0070976858463,False,0.981749857265161,False,False,False,,B_market_model
C_r2_60,label_oc_3,0.9999314634741439,1094232,1406,True,810.0,-0.0007583752677868061,0.12771677849915314,-0.13041287743474472,0.8962397788789392,-0.021756735715242427,0.015615360197679182,0.00992554509284923,0.01056053134889848,-0.0180749524333478,3,2,4.211216443713388,Q1,-2.8218264085046663,-0.5082199648265837,-2.313606443678079,-37.82182640850466,False,0.9185949661072121,False,False,False,,B_market_model
C_r2_60,label_oc_5,0.9999314634741439,1094232,1406,True,810.0,-0.0033249502900701876,0.1313434472633026,-0.4387606835392075,0.6608349513075633,-0.03182200680280678,0.01497259385922886,0.009336917974789746,0.014269685052193108,-0.023310817451331456,3,2,2.8364966093055664,Q1,15.537312335678966,18.793578948863647,-3.2562666131846822,-19.462687664321034,False,0.70781373931521,False,False,False,,B_market_model
C_idio_vol_60,label_oc_1,0.9999314634741439,1094232,1406,True,810.0,-0.06710557684068877,0.12700339511811903,-21.841258632802017,9.41263569416892e-106,-0.06502906075651571,-0.07376725470255063,-0.06214391681542965,-0.07125921949010436,-0.06334182656792807,0,5,-14.863762765459526,Q1,-13.237821039800929,-19.072189490266176,5.834368450465247,-48.23782103980093,False,5.3181391672054405e-104,True,True,True,C_idio_vol_60,B_market_model
C_idio_vol_60,label_oc_2,0.9999314634741439,1094232,1406,True,810.0,-0.05779188189457851,0.13595358958230055,-13.870926531219652,9.504113614757634e-44,-0.061430395203075285,-0.06204548029134462,-0.05417123850630972,-0.051708934707525835,-0.05959693708070071,0,5,-14.304283104047762,Q1,-5.987698494052285,-9.769279609876953,3.7815811158246655,-40.98769849405228,False,5.966471324820071e-43,True,True,True,C_idio_vol_60,B_market_model
C_idio_vol_60,label_oc_3,0.9999314634741439,1094232,1406,True,810.0,-0.0534703766473607,0.1362367250261752,-10.31483737120522,6.038345041003761e-25,-0.06024660775505554,-0.05560613199211825,-0.05000348567632057,-0.04342982475728974,-0.0580495371113079,0,5,-12.636948452404242,Q1,0.7053701845009446,-0.5082199648265837,1.2135901493275316,-34.29462981549906,False,1.9356964244919856e-24,True,True,True,PR_C_idio_vol_60,B_market_model
C_idio_vol_60,label_oc_5,0.9999314634741439,1094232,1406,True,810.0,-0.049070517390752064,0.13763166250819947,-7.124112624573624,1.0475336356168831e-12,-0.0579472248196442,-0.050190604473270284,-0.0452997440608319,-0.03311904020969459,-0.058761485957696744,0,5,-7.263312740393295,Q1,13.998414945980564,18.793578948863647,-4.795164002883081,-21.001585054019436,False,2.244005702838062e-12,True,True,True,C_idio_vol_60,B_market_model
C_delay_120,label_oc_1,0.9998473920024271,1094140,1406,True,810.0,0.006325904659051097,0.09340144819212207,2.3376930388794306,0.019403177546118075,0.01342995148734871,-0.004442619401658065,0.007548740737597783,-0.001532967693377323,0.01658989152170504,3,3,-0.3932732079817927,Q5,-18.565467494645304,-19.072189490266176,0.5067219956208731,-53.565467494645304,False,0.024844861900411814,True,False,False,,B_market_model
C_delay_120,label_oc_2,0.9998473920024271,1094140,1406,True,810.0,0.0034141289645124146,0.09908172606078454,0.9025992088318808,0.3667386466018916,0.016383527423319985,-0.008002904174812909,0.00245251043556545,-0.012017851770435843,0.0182027344197608,3,3,-2.524612626641432,Q5,-10.668573410594389,-9.769279609876953,-0.8992938007174378,-45.66857341059439,False,0.415854415447179,False,False,False,,B_market_model
C_delay_120,label_oc_3,0.9998473920024271,1094140,1406,True,810.0,0.0025154647822316044,0.10147601338810264,0.5305887455550121,0.595703796332786,0.020692009037197333,-0.009125945672648388,-0.0008648755124673263,-0.018366852025792108,0.02018012452705775,2,2,-3.973236704615315,Q5,-2.433303465299359,-0.5082199648265837,-1.9250835004727735,-37.43330346529936,False,0.6472550864000464,False,False,False,,B_market_model
C_delay_120,label_oc_5,0.9998473920024271,1094140,1406,True,810.0,0.0028369022767849137,0.10376509387420349,0.4587359985634783,0.6464237597604536,0.02777752339952045,-0.0100209501750167,-0.0032790950443742726,-0.025845865051644004,0.025472345078209814,2,2,-5.237899337740642,Q5,15.887810937392537,18.793578948863647,-2.9057680114711113,-19.112189062607463,False,0.6956750938374406,False,False,False,,B_market_model
C_lagbeta_120,label_oc_1,0.9998857724569065,1094182,1406,True,810.0,-0.015277057869485014,0.06429249284328963,-6.230085212276444,4.661815376566296e-10,-0.030749508566315156,-0.01886394365358132,-0.012006192525217039,-0.011513622601155786,-0.0032946639723200567,0,5,-5.644391679343671,Q1,-18.75579136113765,-19.072189490266176,0.31639812912852766,-53.75579136113765,False,8.496534476645023e-10,True,True,True,C_lagbeta_120,B_market_model
C_lagbeta_120,label_oc_2,0.9998857724569065,1094182,1406,True,810.0,-0.015703207136141813,0.06695598611502047,-5.50151932765319,3.765323269574504e-08,-0.027158596199022632,-0.018981910152359494,-0.012575717728763829,-0.0134693697514246,-0.0063636786054754035,0,5,-8.15967562728395,Q1,-9.058593027271101,-9.769279609876953,0.7106865826058496,-44.0585930272711,False,6.350470588983866e-08,True,True,True,C_lagbeta_120,B_market_model
C_lagbeta_120,label_oc_3,0.9998857724569065,1094182,1406,True,810.0,-0.015883980857011024,0.06812215166803068,-4.872243535359663,1.103380389259023e-06,-0.02415740094278262,-0.01955429336714095,-0.013196014252138273,-0.016071954491174874,-0.0064737296702056125,0,5,-10.196759756442033,Q1,0.8180229545316039,-0.5082199648265837,1.3262429193581895,-34.18197704546839,False,1.7622895263076976e-06,True,True,True,C_lagbeta_120,B_market_model
C_lagbeta_120,label_oc_5,0.9998857724569065,1094182,1406,True,810.0,-0.016286727725473973,0.07066944588073237,-3.932644165988059,8.4016560796099e-05,-0.018478009225404098,-0.02079742700178534,-0.014195206674033905,-0.020616900367564837,-0.007377799728677047,0,5,-13.223442820642024,Q1,20.957715212444487,18.793578948863647,2.16413626358084,-14.042284787555513,False,0.00012329703077869074,True,True,True,C_lagbeta_120,B_market_model
C_coskew_120,label_oc_1,0.999854702565185,1094148,1406,True,810.0,0.003455778621717283,0.09503911628330072,1.1361952283539645,0.255874867107472,0.0042443626272450005,-0.014628256137552734,0.006828062676560373,0.005099393410106467,0.015691786021906347,4,4,-0.8632663346606191,Q5,-18.559723386486898,-19.072189490266176,0.5124661037792825,-53.559723386486894,False,0.29731475561073867,False,True,False,,B_market_model
C_coskew_120,label_oc_2,0.999854702565185,1094148,1406,True,810.0,0.00020182429249100586,0.10078839372092385,0.051481597445035145,0.9589417655157081,0.004027283969004319,-0.017895859446835284,0.0020193218887113113,-0.005250545071902812,0.01804541978365131,3,3,-3.0014143340444264,Q5,-10.656414806179443,-9.769279609876953,-0.8871351963024915,-45.65641480617944,False,0.9740262427260675,False,False,False,,B_market_model
C_coskew_120,label_oc_3,0.999854702565185,1094148,1406,True,810.0,-0.0007681807096126551,0.10284733271092364,-0.16244724751804146,0.8709536667727084,0.003955782798426173,-0.018855891641316833,-0.0010651955126283659,-0.009480379789503036,0.021525443854736908,2,3,-4.617359100227443,Q1,1.9776987643489463,-0.5082199648265837,2.4859187291755336,-33.02230123565106,False,0.8987923684503748,False,False,False,,B_market_model
C_coskew_120,label_oc_5,0.999854702565185,1094148,1406,True,810.0,-0.0015675578780405418,0.10452362801387104,-0.2586966883434639,0.7958692749264288,0.003241717774134789,-0.020112231254344193,-0.004729645759725738,-0.013967734456560868,0.02762621188719992,2,3,-7.776551230371912,Q1,21.999327946846392,18.793578948863647,3.205748997982745,-13.000672053153608,False,0.8385382570320415,False,False,False,,B_market_model
C_resid_1d,label_oc_1,0.9999698439286233,1094274,1406,True,810.0,-0.03396881883057817,0.07740543455365145,-13.759573807504689,4.46149183035661e-43,-0.017922843462271885,-0.027107778864719937,-0.03672948426395478,-0.04026939242341245,-0.047765496640985804,0,5,-16.479421404063007,Q1,-15.59116303094423,-19.072189490266176,3.4810264593219498,-50.59116303094423,False,2.7251274423259294e-42,True,True,True,C_ret_to_band,B_market_model
C_resid_1d,label_oc_2,0.9999698439286233,1094274,1406,True,810.0,-0.04417529078377669,0.07382793420791538,-19.13769389646704,1.2257654122550244e-81,-0.0312705892092452,-0.04269185955796575,-0.04497658093920012,-0.051793407315692264,-0.050122851201343945,0,5,-29.584220698787377,Q1,-2.244927767572869,-9.769279609876953,7.524351842304084,-37.24492776757287,False,3.0780331463292835e-80,True,True,True,C_resid_1d,B_market_model
C_resid_1d,label_oc_3,0.9999698439286233,1094274,1406,True,810.0,-0.042050317460901925,0.07144611380613025,-17.718263864324214,3.031239562398686e-70,-0.02743218479161765,-0.047077565418482584,-0.04506819769931637,-0.04722928452562792,-0.043439411474399274,0,5,-34.76990471805789,Q1,7.9714829733351875,-0.5082199648265837,8.479702938161774,-27.02851702666481,False,4.893286722157878e-69,True,True,True,C_ret_to_band,B_market_model
C_resid_1d,label_oc_5,0.9999698439286233,1094274,1406,True,810.0,-0.03635052361143885,0.06984752574167855,-15.227093408866702,2.33754916586821e-52,-0.025272368059530353,-0.04098114217745734,-0.03996693745800022,-0.03917350881091386,-0.0363586326933497,0,5,-40.33298584185415,Q1,28.816790443736455,18.793578948863647,10.023211494872815,-6.183209556263545,False,2.2968961368965888e-51,True,True,True,C_resid_1d,B_market_model
C_resid_5d,label_oc_1,0.9999661886472443,1094270,1406,True,810.0,-0.03312667312187262,0.07777090762251831,-13.706560206342793,9.275188568902265e-43,-0.020627431539265287,-0.03582779144846582,-0.03928984801830047,-0.033626860765972454,-0.036250317664609094,0,5,-16.295082131009895,Q1,-14.388531714719466,-19.072189490266176,4.683657775546712,-49.38853171471946,False,5.5898469775250985e-42,True,True,True,PR_C_resid_5d_z,B_market_model
C_resid_5d,label_oc_2,0.9999661886472443,1094270,1406,True,810.0,-0.04265500608425351,0.07911848843271106,-13.703568932595305,9.665419685961499e-43,-0.028892985860852476,-0.04929281570879568,-0.050664518615075496,-0.04196380438473699,-0.04246159415050355,0,5,-28.628671187085693,Q1,-0.23942705862358354,-9.769279609876953,9.529852551253368,-35.23942705862358,False,5.748381181650786e-42,True,True,True,I_rev_spread,B_market_model
C_resid_5d,label_oc_3,0.9999661886472443,1094270,1406,True,810.0,-0.04416950413466823,0.07852265090063622,-12.298357274268179,9.243491387098378e-35,-0.03174963149070492,-0.052158006170348,-0.05492608680147747,-0.04236302896416371,-0.03966679113632089,0,5,-34.66638128860079,Q1,11.331513436620822,-0.5082199648265837,11.83973340144741,-23.668486563379176,False,4.352143861425486e-34,True,True,True,I_rev_spread,B_market_model
C_resid_5d,label_oc_5,0.9999661886472443,1094270,1406,True,810.0,-0.04191626601796218,0.0794025209701082,-10.40405828793934,2.375936031596836e-25,-0.03286021557532107,-0.049588480053073536,-0.05362138511412842,-0.039541752180408396,-0.0339976771982663,0,5,-42.26321691242305,Q1,34.45544874020287,18.793578948863647,15.661869791339225,-0.5445512597971316,False,7.83885464439248e-25,True,True,True,I_rev_spread,B_market_model
C_resid_20d,label_oc_1,0.9999524813420732,1094255,1406,True,810.0,-0.018675594420825888,0.07859183462823595,-7.350076928218438,1.980928126463399e-13,-0.01575359502610477,-0.022347065450744812,-0.02394033965005031,-0.015216835618374747,-0.01612919826687597,0,5,-6.969351156928561,Q1,-18.13074411835034,-19.072189490266176,0.941445371915839,-53.130744118350336,False,4.4325718473339424e-13,True,True,True,C_resid_20d_z,B_market_model
C_resid_20d,label_oc_2,0.9999524813420732,1094255,1406,True,810.0,-0.022176559361188047,0.08063670419133438,-7.069363010995042,1.5564649640205208e-12,-0.020801325557794115,-0.02621290186926271,-0.030681258610557906,-0.017998567078634408,-0.015213523177887898,0,5,-10.996899275894352,Q1,-7.1336440948045095,-9.769279609876953,2.635635515072443,-42.13364409480451,False,3.227165888703098e-12,True,True,True,C_resid_20d_z,B_market_model
C_resid_20d,label_oc_3,0.9999524813420732,1094255,1406,True,810.0,-0.022147597964787148,0.08113584177258591,-6.06009750711579,1.360390551054966e-09,-0.02099872289549722,-0.025825414085539233,-0.032600278176477926,-0.02012535433163586,-0.01122708337602664,0,5,-11.77724939416609,Q1,2.328582241731607,-0.5082199648265837,2.836802206558196,-32.67141775826839,False,2.43042106354484e-09,True,True,True,C_resid_20d_z,B_market_model
C_resid_20d,label_oc_5,0.9999524813420732,1094255,1406,True,810.0,-0.020765871669460405,0.08135055830062882,-4.5939594255217715,4.349139778558047e-06,-0.025630261396343144,-0.023454198717711015,-0.03102573771255199,-0.019211909584469652,-0.004564905619677427,0,5,-11.715291440066512,Q1,21.80380074625369,18.793578948863647,3.010221797390043,-13.196199253746311,False,6.70925317374825e-06,True,True,True,C_resid_20d,B_market_model
C_resid_5d_z,label_oc_1,0.9999278081927649,1094228,1406,True,810.0,-0.0348781155724292,0.07760956012929926,-14.352923140252724,1.0213969939827433e-46,-0.0219709150090926,-0.03882702860054917,-0.040151620197987806,-0.03619518259313186,-0.03723743530574999,0,5,-15.724950729138603,Q1,-12.293456605182728,-19.072189490266176,6.778732885083446,-47.293456605182726,False,7.568384283281968e-46,True,True,True,PR_C_resid_5d_z,B_market_model
C_resid_5d_z,label_oc_2,0.9999278081927649,1094228,1406,True,810.0,-0.04390507348287304,0.07846335552744617,-14.250589535553576,4.445127729921303e-46,-0.03000358019585209,-0.050957023470370164,-0.05126634017861271,-0.044055706197440064,-0.043245066152624904,0,5,-27.337685114506428,Q1,1.5772042477888704,-9.769279609876953,11.346483857665822,-33.42279575221113,False,3.1393714592569204e-45,True,True,True,I_rev_spread,B_market_model
C_resid_5d_z,label_oc_3,0.9999278081927649,1094228,1406,True,810.0,-0.045166096774264454,0.07804970486697037,-12.664245390321177,9.331334072552213e-37,-0.032677497050615074,-0.05288828054956932,-0.055423217236067225,-0.044239030742167874,-0.04061864140808491,0,5,-33.28556937869132,Q1,13.135922090057546,-0.5082199648265837,13.644142054884133,-21.864077909942452,False,4.535229033111398e-36,True,True,True,I_rev_spread,B_market_model
C_resid_5d_z,label_oc_5,0.9999278081927649,1094228,1406,True,810.0,-0.042799194178795796,0.07967153871886468,-10.654584071436263,1.659849637965043e-26,-0.03397647996767889,-0.04985528303034788,-0.05448144681340377,-0.0409943977575079,-0.03471712513657871,0,5,-40.133813034603996,Q1,35.16371434386878,18.793578948863647,16.370135395005132,0.16371434386878292,False,5.771169510463073e-26,True,True,True,I_rev_spread,B_market_model
C_resid_20d_z,label_oc_1,0.9999141008875937,1094213,1406,True,810.0,-0.019400944894853372,0.0793515068465598,-7.394477951758668,1.4196490790959046e-13,-0.01643918968080057,-0.02366501312280469,-0.024544978793139074,-0.015901019423480305,-0.016464971757023838,0,5,-6.957441076115496,Q1,-16.531679168288196,-19.072189490266176,2.540510321977977,-51.53167916828819,False,3.208406918756745e-13,True,True,True,C_resid_20d_z,B_market_model
C_resid_20d_z,label_oc_2,0.9999141008875937,1094213,1406,True,810.0,-0.022734796575546588,0.08136134081835092,-7.107299235058008,1.1833568884210456e-12,-0.02083853964499564,-0.02733340450349486,-0.03148676338813912,-0.018439577436931722,-0.015601084778892797,0,5,-11.701197454439992,Q1,-5.855659442726822,-9.769279609876953,3.9136201671501274,-40.85565944272682,False,2.511161096555458e-12,True,True,True,C_resid_20d_z,B_market_model
C_resid_20d_z,label_oc_3,0.9999141008875937,1094213,1406,True,810.0,-0.022601682685521905,0.08188285565100036,-6.066313566243192,1.3087948944139349e-09,-0.020759084973856718,-0.02689356593090179,-0.033524609473968986,-0.02032584351938331,-0.011544658370477526,0,5,-12.392656627262426,Q1,3.02206757413721,-0.5082199648265837,3.5302875389637967,-31.97793242586279,False,2.347521001091661e-09,True,True,True,C_resid_20d_z,B_market_model
C_resid_20d_z,label_oc_5,0.9999141008875937,1094213,1406,True,810.0,-0.021097809897047168,0.0825014246593178,-4.585480876175459,4.529427340314711e-06,-0.02523370778544825,-0.024615577146237758,-0.031809275611507815,-0.019472559425503057,-0.00441729079448402,0,5,-12.505013992687873,Q1,21.825377759357384,18.793578948863647,3.0317988104937346,-13.174622240642616,False,6.963609380347787e-06,True,True,True,C_resid_20d,B_market_model
C_resid_mom_z,label_oc_1,0.9980005610856917,1092119,1406,True,810.0,-0.0034187592165428353,0.07329418966211719,-1.2240664203610845,0.220927172274446,-0.0005287105360877207,-0.029752072943444348,0.006511064085871869,0.008871885622071347,-0.0022002984703643914,2,3,2.31610260239268,Q1,-20.595649618972754,-19.072189490266176,-1.5234601287065743,-55.59564961897276,False,0.2580338032766139,False,False,False,,B_market_model
C_resid_mom_z,label_oc_2,0.9980005610856917,1092119,1406,True,810.0,-0.00018446924650944164,0.078055482640314,-0.058033738599252524,0.9537217542877294,0.0032743947795943907,-0.024138371886638837,0.010951466893208618,0.010669730758239057,-0.0016742650126580962,3,2,6.2381318845001426,Q1,-13.730079936527464,-9.769279609876953,-3.96080032665051,-48.73007993652746,False,0.9709059300406615,False,False,False,,B_market_model
C_resid_mom_z,label_oc_3,0.9980005610856917,1092119,1406,True,810.0,0.0015919472629639041,0.07868536200726396,0.441242538365844,0.6590374205420908,0.006689568824542819,-0.021497098249798167,0.013991358534053486,0.011507773708310187,-0.0027165338293623797,3,3,10.095000020761836,Q5,3.660568000322091,-0.5082199648265837,4.168787965148676,-31.33943199967791,False,0.7075651165915084,False,False,False,,B_market_model
C_resid_mom_z,label_oc_5,0.9980005610856917,1092119,1406,True,810.0,0.003942652007185579,0.08089338845833755,0.9019325009838272,0.3670927251403195,0.01273541923844588,-0.0173386394506374,0.01810450282438368,0.012362596500736416,-0.006114827335567405,3,3,18.097748388549313,Q5,26.800716372769518,18.793578948863647,8.007137423905869,-8.199283627230482,False,0.415854415447179,False,False,False,,B_market_model
C_idio_skew_60,label_oc_1,0.999894910660354,1094192,1406,True,810.0,-0.0256617367077114,0.07048248364480884,-13.924963792398568,4.4676785243925585e-44,-0.016029491104322186,-0.028492803456919565,-0.024647642516869926,-0.030816561542737635,-0.028312750704197073,0,5,-2.5047164802823256,Q1,-18.570538178234987,-19.072189490266176,0.5016513120311933,-53.57053817823498,False,2.926653178297734e-43,True,True,True,C_idio_skew_60,B_market_model
C_idio_skew_60,label_oc_2,0.999894910660354,1094192,1406,True,810.0,-0.01997078467662168,0.07166947362830295,-9.020482006343794,1.872635246712727e-19,-0.01418924638240678,-0.021146659229260633,-0.016471589428550582,-0.020913086727945566,-0.027107942476865685,0,5,0.2245838709498276,Q1,-10.954119201268304,-9.769279609876953,-1.1848395913913519,-45.954119201268306,False,5.129885645540318e-19,True,True,True,C_idio_skew_60,B_market_model
C_idio_skew_60,label_oc_3,0.999894910660354,1094192,1406,True,810.0,-0.01747912260839386,0.07117791957403173,-6.528583904857718,6.639441521757637e-11,-0.013537037986652343,-0.01684657252233212,-0.012040934133227946,-0.017787319699709432,-0.027149335132346554,0,5,2.561625325975074,Q1,-3.5893347113576546,-0.5082199648265837,-3.081114746531067,-38.58933471135765,False,1.2770330075891283e-10,True,True,True,C_idio_skew_60,B_market_model
C_idio_skew_60,label_oc_5,0.999894910660354,1094192,1406,True,810.0,-0.01530612126934802,0.07084365367756289,-4.287501049613888,1.8069440399110842e-05,-0.013813464514630834,-0.012691178202767642,-0.006341907274047284,-0.014627951323750485,-0.029007346223876487,0,5,7.451148145217116,Q1,11.557006990960408,18.793578948863647,-7.236571957903241,-23.44299300903959,False,2.7224623534660332e-05,True,True,True,C_idio_skew_60,B_market_model
C_max1_resid_21,label_oc_1,0.9999515675217283,1094254,1406,True,810.0,-0.05640143913401959,0.099927510655491,-22.12020090149563,2.020267819438967e-108,-0.05405006981562587,-0.06645162864511715,-0.05379062217132104,-0.05691180854720409,-0.050822918876089376,0,5,-12.53654746656927,Q1,-13.265472592096472,-19.072189490266176,5.806716898169703,-48.26547259209647,False,1.5219350906440217e-106,True,True,True,C_max1_resid_21,B_market_model
C_max1_resid_21,label_oc_2,0.9999515675217283,1094254,1406,True,810.0,-0.049887207706349794,0.10165982070406797,-16.299925604504825,9.881232819435071e-60,-0.050899253844057156,-0.05927366089218659,-0.0491496897332065,-0.041981152649702945,-0.04813850455548144,0,5,-13.266867203560128,Q1,-3.951645844144716,-9.769279609876953,5.817633765732237,-38.951645844144714,False,1.1452095472781158e-58,True,True,True,C_max1_resid_21,B_market_model
C_max1_resid_21,label_oc_3,0.9999515675217283,1094254,1406,True,810.0,-0.04668235198321823,0.09997493928738917,-12.937382918711958,2.769023984250516e-38,-0.05053376547998826,-0.05607568001736622,-0.04454805200624271,-0.03676190153561771,-0.045496580703494466,0,5,-12.869303045779136,Q1,4.4518072321873605,-0.5082199648265837,4.960027197013947,-30.54819276781264,False,1.4222714100923104e-37,True,True,True,C_max1_resid_21,B_market_model
C_max1_resid_21,label_oc_5,0.9999515675217283,1094254,1406,True,810.0,-0.04239790441081622,0.09926572066945692,-9.14449754818275,5.99076982870418e-20,-0.04992005270375444,-0.05406145534141917,-0.03636197296464697,-0.02869054745064604,-0.04295351632700881,0,5,-7.826482220337447,Q1,19.970317893242377,18.793578948863647,1.176738944378737,-15.029682106757623,False,1.6714987423298083e-19,True,True,True,C_max1_resid_21,B_market_model
C_max1_21,label_oc_1,1.0,1094307,1406,True,810.0,-0.055459926483159866,0.1127657281039342,-20.81304685804418,3.2970972307620235e-96,-0.05051753196435779,-0.06412748518843406,-0.05328054249215999,-0.05846333306912073,-0.05092687156974604,0,5,-11.487880035605524,Q1,-13.921190276582378,-19.072189490266176,5.150999213683799,-48.92119027658238,False,1.4902879483044346e-94,True,True,True,C_max1_resid_21,C_lottery
C_max1_21,label_oc_2,1.0,1094307,1406,True,810.0,-0.047375173981302705,0.11522660933829279,-14.527765507180822,8.081381930276714e-48,-0.04615287524421614,-0.054327728782984495,-0.047044033818054005,-0.041850275957499954,-0.04750051006786371,0,5,-10.629923147853079,Q1,-5.3612092401658,-9.769279609876953,4.408070369711151,-40.3612092401658,False,6.408394092079079e-47,True,True,True,C_max1_resid_21,C_lottery
C_max1_21,label_oc_3,1.0,1094307,1406,True,810.0,-0.04375828472799177,0.11347356964392354,-11.206695560913051,3.7804476104972095e-29,-0.045983614981073,-0.04935583335792064,-0.041979290955474,-0.03596020905251706,-0.045506254759055814,0,5,-9.308071558747997,Q1,2.4726095492144418,-0.5082199648265837,2.980829514041026,-32.52739045078556,False,1.4730709654696024e-28,True,True,True,C_max1_resid_21,C_lottery
C_max1_21,label_oc_5,1.0,1094307,1406,True,810.0,-0.0395808573561298,0.11300560998330189,-7.787792332145916,6.819013635314066e-15,-0.046236924658406474,-0.046235259950444536,-0.034239677116445086,-0.027007900315303736,-0.04416819967840409,0,5,-4.11098875091496,Q1,17.43463897218859,18.793578948863647,-1.3589399766750543,-17.56536102781141,False,1.613714221550763e-14,True,True,True,C_max1_resid_21,C_lottery
C_max5_21,label_oc_1,1.0,1094307,1406,True,810.0,-0.060665122005662514,0.1276716799994643,-20.22910118094731,5.428341493443562e-91,-0.05395886068998371,-0.07117633264602352,-0.05615195726610864,-0.06381267034675099,-0.058234439196205336,0,5,-13.186364949745387,Q1,-14.105197461308277,-19.072189490266176,4.966992028957901,-49.10519746130828,False,1.8873925807973e-89,True,True,True,C_max1_resid_21,C_lottery
C_max5_21,label_oc_2,1.0,1094307,1406,True,810.0,-0.05322370071855869,0.130347189845029,-14.639030558753229,1.5830935372761337e-48,-0.05073559313667391,-0.062179470883695194,-0.051502983667550725,-0.046066696328838745,-0.05562521326802963,0,5,-13.18678392457904,Q1,-5.685667732276924,-9.769279609876953,4.083611877600027,-40.685667732276926,False,1.301015052452386e-47,True,True,True,C_max1_resid_21,C_lottery
C_max5_21,label_oc_3,1.0,1094307,1406,True,810.0,-0.049520725536802736,0.12844108947279242,-11.430956623865764,2.9286446027597408e-30,-0.050515718324613795,-0.0571128494707285,-0.04695542067092287,-0.039530622537438165,-0.053474944725900794,0,5,-11.717171436157015,Q1,2.1137434884107242,-0.5082199648265837,2.6219634532373104,-32.88625651158927,False,1.2144471196765163e-29,True,True,True,C_max1_resid_21,C_lottery
C_max5_21,label_oc_5,1.0,1094307,1406,True,810.0,-0.044655733226503874,0.1275214396897347,-7.890010516941853,3.021610715083116e-15,-0.051537466483226886,-0.052205612201579724,-0.03903149362212775,-0.029240954809800445,-0.0512397084988013,0,5,-5.837023936735829,Q1,16.997975919804183,18.793578948863647,-1.7956030290594596,-18.002024080195817,False,7.264723634136003e-15,True,True,True,C_max1_resid_21,C_lottery
C_min1_21,label_oc_1,1.0,1094307,1406,True,810.0,0.042997582509854235,0.12267482529098782,13.577448603372618,5.449174656962455e-42,0.0447576563588579,0.0480687221453613,0.0343133445712743,0.04214983872300661,0.04568877355842737,5,5,9.569992885080058,Q5,-14.670155723196197,-19.072189490266176,4.402033767069982,-49.670155723196196,False,3.1177556265152276e-41,True,True,True,C_min1_21,C_lottery
C_min1_21,label_oc_2,1.0,1094307,1406,True,810.0,0.03684547021895415,0.1313798562900244,8.41247377842943,4.01452592948052e-17,0.045345741680399065,0.041470448227883996,0.027268070470878977,0.02684150897878538,0.043278687724348626,5,5,10.353550381266054,Q5,-6.447020824687558,-9.769279609876953,3.322258785189394,-41.447020824687556,False,1.0368946972143972e-16,True,True,True,C_min1_21,C_lottery
C_min1_21,label_oc_3,1.0,1094307,1406,True,810.0,0.0353002076523189,0.1330634907144885,6.504975628259792,7.770597713950073e-11,0.048578317459891135,0.03934615288673726,0.023654136642189513,0.020644710921369002,0.044245885199992396,5,5,11.417939905152666,Q5,1.7165141864573081,-0.5082199648265837,2.224734151283893,-33.28348581354269,False,1.4819874121119972e-10,True,True,True,C_min1_21,C_lottery
C_min1_21,label_oc_5,1.0,1094307,1406,True,810.0,0.03426053964850671,0.135316568936998,4.89130000390748,1.001721453733439e-06,0.05205909707577147,0.04027408405161023,0.020577510154019887,0.012868069935381905,0.04548399590029885,5,5,13.656479423512891,Q5,18.62351545814577,18.793578948863647,-0.17006349071787621,-16.37648454185423,False,1.611309954048094e-06,True,True,True,C_min1_21,C_lottery
C_maxmin_21,label_oc_1,1.0,1094307,1406,True,810.0,-0.03017307876337017,0.07702360229350723,-12.322643868675799,6.841396761357448e-35,-0.021878453615893023,-0.03916304523452104,-0.031600931602174503,-0.03413005271783059,-0.024114471526279,0,5,-6.414498477200538,Q1,-17.748052654057396,-19.072189490266176,1.3241368362087813,-52.748052654057396,False,3.2550645643511223e-34,True,True,True,C_maxmin_21,C_lottery
C_maxmin_21,label_oc_2,1.0,1094307,1406,True,810.0,-0.026207626303347695,0.07759161793502949,-9.172170984974255,4.6358694580125226e-20,-0.017753632674052385,-0.03296316632716252,-0.030065182752934017,-0.027894267691565795,-0.022375519461918528,0,5,-6.234299459770354,Q1,-8.463743252087875,-9.769279609876953,1.3055363577890782,-43.46374325208787,False,1.3014987546718388e-19,True,True,True,C_maxmin_21,C_lottery
C_maxmin_21,label_oc_3,1.0,1094307,1406,True,810.0,-0.023386437998562472,0.07756954701231566,-7.14620975770946,8.920671417987919e-13,-0.014805876896699733,-0.028675753225438354,-0.027334319362663225,-0.026889405597167196,-0.019241585276403152,0,5,-4.987441649027222,Q1,-0.3370938605742294,-0.5082199648265837,0.17112610425235805,-35.33709386057423,False,1.938530519678144e-12,True,True,True,C_maxmin_21,C_lottery
C_maxmin_21,label_oc_5,1.0,1094307,1406,True,810.0,-0.01997571850537222,0.07617434283858217,-5.040107336298471,4.652708212480882e-07,-0.01186821819747816,-0.02482419121194409,-0.021920378187156607,-0.0239357680095578,-0.017339418770315383,0,5,-0.3186358267305597,Q1,16.07162904614498,18.793578948863647,-2.72194990271866,-18.92837095385502,False,7.564834935400571e-07,True,True,True,C_maxmin_21,C_lottery
C_max_to_vol,label_oc_1,0.9999616195455205,1094265,1406,True,810.0,-0.01742549619370307,0.06424066648834217,-7.77399319703735,7.604982525589497e-15,-0.01107723116736007,-0.02659457352663,-0.019736267695182594,-0.01748593307539278,-0.012251886924835557,0,5,-2.2175404495112616,Q1,-18.389150271555923,-19.072189490266176,0.683039218710256,-53.38915027155592,False,1.781063265060338e-14,True,True,True,C_max_to_vol,C_lottery
C_max_to_vol,label_oc_2,0.9999616195455205,1094265,1406,True,810.0,-0.014008205386865804,0.06670861981077665,-5.327420023879424,9.961761836990881e-08,-0.006031831075136663,-0.023724839153231415,-0.01799776937938538,-0.012985099522217948,-0.00931817829223885,0,5,-1.2585430606735888,Q1,-9.671991167085158,-9.769279609876953,0.09728844279179326,-44.67199116708516,False,1.6615189484575195e-07,True,True,True,C_max_to_vol,C_lottery
C_max_to_vol,label_oc_3,0.9999616195455205,1094265,1406,True,810.0,-0.0123149100062351,0.06650204487123158,-4.098626987822925,4.15608196468408e-05,-0.0038843844907248885,-0.022708008202470927,-0.015514249137594482,-0.012947388951191892,-0.006541066734147353,0,5,-0.4672379530361005,Q1,-1.2580707637998123,-0.5082199648265837,-0.7498507989732255,-36.258070763799815,False,6.199831841706944e-05,True,True,True,C_max_to_vol,C_lottery
C_max_to_vol,label_oc_5,0.9999616195455205,1094265,1406,True,810.0,-0.009766340091235332,0.06648317848931448,-2.6637504178520217,0.007727487219123308,-0.0029027218840488554,-0.023326959460816074,-0.009691729423173808,-0.010908650232348896,-0.0020291738552055,0,5,3.6091743308617112,Q1,15.258450052778741,18.793578948863647,-3.5351288960848994,-19.74154994722126,False,0.010124128182735464,True,True,True,C_max_to_vol,C_lottery
C_cs_spread_20,label_oc_1,1.0,1094307,1406,True,810.0,-0.047418961559987934,0.10088249006364391,-16.606886367804773,6.213571657638456e-62,-0.03594778079753599,-0.05140310029301447,-0.046876152472161536,-0.05640983129687852,-0.04646135080779468,0,5,-7.5128746349957085,Q1,-15.96474372673202,-19.072189490266176,3.1074457635341584,-50.964743726732024,False,8.260395262507593e-61,True,True,True,I_max_spread,D_liquidity
C_cs_spread_20,label_oc_2,1.0,1094307,1406,True,810.0,-0.03602124046304372,0.108762000682631,-9.798437412920816,1.1434070873123699e-22,-0.031900324566309465,-0.036176114428100516,-0.03466070232310319,-0.03681017272141227,-0.04054279732660077,0,5,-0.8778853891020575,Q1,-10.5358792835716,-9.769279609876953,-0.7665996736946491,-45.5358792835716,False,3.492027050440481e-22,True,True,True,I_max_spread,D_liquidity
C_cs_spread_20,label_oc_3,1.0,1094307,1406,True,810.0,-0.029973235076035783,0.11240343188594061,-6.545617383906239,5.925009764050276e-11,-0.029673147901432752,-0.028057436736193063,-0.02726346080046861,-0.027134245000745277,-0.037710350721958705,0,5,6.308165401510959,Q1,-5.449395997027543,-0.5082199648265837,-4.941176032200958,-40.449395997027544,False,1.1444890655344979e-10,True,True,True,I_max_spread,D_liquidity
C_cs_spread_20,label_oc_5,1.0,1094307,1406,True,810.0,-0.023123060321093916,0.11696970943489167,-3.8651531441436364,0.00011101951811839793,-0.027830030724989928,-0.01715287972672816,-0.017737399240292436,-0.017051932853226103,-0.03579795268172539,0,5,20.480243635842278,Q1,6.301382339817105,18.793578948863647,-12.492196609046541,-28.698617660182894,False,0.00015981153563540085,True,True,True,I_max_spread,D_liquidity
C_cs_spread_60,label_oc_1,1.0,1094307,1406,True,810.0,-0.054944240885417536,0.11471190974091174,-17.139045450228544,7.588624112417922e-66,-0.044798606108477294,-0.0569058038193895,-0.0541231965371236,-0.06336009162208348,-0.05553141674620319,0,5,-10.47099699516413,Q1,-13.82808292468619,-19.072189490266176,5.2441065655799886,-48.828082924686186,False,1.1064703544557744e-64,True,True,True,C_cs_spread_60,D_liquidity
C_cs_spread_60,label_oc_2,1.0,1094307,1406,True,810.0,-0.04268427354429476,0.12529368724022533,-9.772155062669794,1.4826419343409806e-22,-0.04153725678365493,-0.039351089718495706,-0.041179921723700774,-0.04132160948496745,-0.050005436051554324,0,5,-5.1142936334122675,Q1,-7.424637111164096,-9.769279609876953,2.344642498712854,-42.424637111164095,False,4.467694362147488e-22,True,True,True,C_cs_spread_60,D_liquidity
C_cs_spread_60,label_oc_3,1.0,1094307,1406,True,810.0,-0.03670822585738999,0.12973863227917637,-6.679371087323031,2.3996982099707557e-11,-0.0407312394179236,-0.029327632572165363,-0.034356104152718836,-0.031073686820101892,-0.04801223852096704,0,5,0.06728752066992472,Q1,-1.0214984268328242,-0.5082199648265837,-0.513278462006239,-36.02149842683282,False,4.736522231033981e-11,True,True,True,C_cs_spread_60,D_liquidity
C_cs_spread_60,label_oc_5,1.0,1094307,1406,True,810.0,-0.03072153772204194,0.13523179647474814,-4.212825940964914,2.5219540649386504e-05,-0.040437227466631434,-0.01920433912724001,-0.02568016482193232,-0.019734403139216268,-0.04848832704691607,0,5,10.705942184382929,Q1,12.634191326319266,18.793578948863647,-6.159387622544382,-22.365808673680732,False,3.774580256133344e-05,True,True,True,C_cs_spread_60,D_liquidity
C_ar_spread_20,label_oc_1,1.0,1094307,1406,True,810.0,-0.007271933034731407,0.05525380516526024,-3.4720689929692132,0.0005164635882474763,0.007136119204450995,-0.003256324781378701,-0.013335249547528013,-0.01553421787753156,-0.01135546004707069,1,4,-5.041974835563311,Q1,-24.52341080438625,-23.643645430058143,-0.8797653743281046,-59.523410804386245,False,0.0007160783493492616,True,True,True,C_ar_spread_20,D_liquidity
C_ar_spread_20,label_oc_2,1.0,1094307,1406,True,810.0,-0.0056300060190004695,0.05782540292583317,-2.361225233507695,0.018214664143466112,0.006132821344948094,0.0011196984055024393,-0.013175965693058499,-0.011336942261168109,-0.010870990700190012,2,3,-6.906320925343996,Q1,-16.889791964359215,-15.5106340464543,-1.3791579179049147,-51.88979196435922,False,0.02338928463876899,True,False,False,,D_liquidity
C_ar_spread_20,label_oc_3,1.0,1094307,1406,True,810.0,-0.004294855735593496,0.05847912107299393,-1.586152251931334,0.11270477617506351,0.005966896402959468,0.0023145280369326953,-0.011474674237731705,-0.007351041262099139,-0.010906458781566262,2,3,-10.35029461084178,Q1,-17.38863413980067,-16.66524914198954,-0.7233849978111221,-52.38863413980067,False,0.13694236244927072,False,False,False,,D_liquidity
C_ar_spread_20,label_oc_5,1.0,1094307,1406,True,810.0,-0.002435478033062598,0.05795738682681861,-0.7666496275364064,0.4432898605074633,0.004659441860710203,0.007204199335449714,-0.0072858310565424396,-0.0049505618167302,-0.011771414514955099,2,3,-15.921442243299417,Q1,4.860205235223608,4.174721708985413,0.6854835262382026,-30.13979476477639,False,0.4935148200723483,False,False,False,,D_liquidity
C_ar_spread_60,label_oc_1,1.0,1094307,1406,True,810.0,-0.0002926749432021322,0.0549207780053886,-0.13921031268642453,0.8892839595104226,0.017414145116045825,0.0056608797119396675,-0.004652542439622862,-0.012274295356229648,-0.007585608248835338,2,3,-1.2031746113837833,Q1,-37.15518642532408,-38.070864717606746,0.9156782922826548,-72.15518642532408,False,0.9135371584061613,False,False,False,,D_liquidity
C_ar_spread_60,label_oc_2,1.0,1094307,1406,True,810.0,0.0006242646455763791,0.05774837940585686,0.2687327580251825,0.7881353414902937,0.015268332536096708,0.006910062064807261,-0.002346096025256702,-0.008608138153482107,-0.008071890024638373,2,2,-5.7516829636904765,Q5,-58.65773651807248,-55.72053783803424,-2.9371986800382306,-93.65773651807248,False,0.8323298466205906,False,False,False,,D_liquidity
C_ar_spread_60,label_oc_3,1.0,1094307,1406,True,810.0,0.0015791324156347634,0.05780042346470969,0.5914524137679261,0.5542173304068243,0.014684281920662784,0.007727408059784806,0.0003101477762737053,-0.005750013824661543,-0.009038377122433734,3,3,-11.378039863841602,Q5,-84.25033676401173,-78.91452909278547,-5.335807671226262,-119.25033676401173,False,0.6036294779370713,False,False,False,,D_liquidity
C_ar_spread_60,label_oc_5,1.0,1094307,1406,True,810.0,0.003161017594383826,0.05928759424053825,0.9337627179198146,0.35042630483418313,0.015186976040083974,0.011310052004827903,0.0037294873362282927,-0.0035578249489482006,-0.01081386976504356,3,3,-18.960937747922934,Q5,-113.42397707416299,-104.73493499280546,-8.689042081357526,-148.423977074163,False,0.4009941513545589,False,False,False,,D_liquidity
C_zero_ret_frac_60,label_oc_1,1.0,1094307,1406,True,810.0,-0.013561303752112801,0.06208567015261905,-7.048092936682257,1.8138648333637836e-12,-0.018029711447214523,-0.018200306173820856,-0.010118626511828386,-0.01020396294114629,-0.011262093927921189,0,5,,Q1,,,,,False,3.72666774854741e-12,True,True,True,C_zero_ret_frac_60,D_liquidity
C_zero_ret_frac_60,label_oc_2,1.0,1094307,1406,True,810.0,-0.010987999533687752,0.06930176686072875,-3.814666251347696,0.0001363671066803834,-0.018653622608967996,-0.01825388814545355,-0.004437775900137431,-0.002412079590681282,-0.011181941239193138,0,5,,Q1,,,,,False,0.0001956759753001057,True,True,True,C_zero_ret_frac_60,D_liquidity
C_zero_ret_frac_60,label_oc_3,1.0,1094307,1406,True,810.0,-0.009213865011079637,0.07276497082656648,-2.491753206719555,0.012711432683838265,-0.019620804622291883,-0.01722227576545727,-0.001423217623577882,0.002616137272681369,-0.010414890205739501,1,4,,Q1,,,,,False,0.016415907351699704,True,True,True,C_zero_ret_frac_60,D_liquidity
C_zero_ret_frac_60,label_oc_5,1.0,1094307,1406,True,810.0,-0.006624958551918518,0.07888516265147728,-1.3084984561584796,0.19070429786820503,-0.021958939230528492,-0.015453877268071424,0.004033741030972231,0.00934017114162559,-0.009077161731882444,2,3,,Q1,,,,,False,0.22565011161368764,False,False,False,,D_liquidity
C_frozen_frac_20,label_oc_1,1.0,1094307,1403,True,810.0,-0.0068600030626922315,0.05499847726585939,-4.395006901029025,1.1076923469705734e-05,-0.00805479605662564,-0.008659160569605844,-0.0030987875773306364,-0.008318501181250064,-0.006166357175587087,0,5,,Q1,,,,,False,1.680123962519125e-05,True,True,True,C_frozen_frac_20,D_liquidity
C_frozen_frac_20,label_oc_2,1.0,1094307,1403,True,810.0,-0.014538664036864763,0.05734475126387284,-7.937904719903029,2.0562519431212606e-15,-0.018304177751482346,-0.014489177085271789,-0.011250704366426159,-0.014547167627473812,-0.014118687816229963,0,5,,Q1,,,,,False,4.9701918625177e-15,True,True,True,C_frozen_frac_20,D_liquidity
C_frozen_frac_20,label_oc_3,1.0,1094307,1403,True,810.0,-0.01618272157099087,0.057704465461553035,-7.113074876498535,1.1348566857174453e-12,-0.02015775942672695,-0.01659340336205206,-0.012686188852226258,-0.014913435657975373,-0.016577265392880545,0,5,,Q1,,,,,False,2.41960010351078e-12,True,True,True,C_frozen_frac_20,D_liquidity
C_frozen_frac_20,label_oc_5,1.0,1094307,1403,True,810.0,-0.01745566249848107,0.05843256825078679,-5.809330847969799,6.272302982536748e-09,-0.02146911931631504,-0.017688880865638152,-0.01601593715057419,-0.013793182610694187,-0.018331517578393203,0,5,,Q1,,,,,False,1.0820919649261872e-08,True,True,True,C_frozen_frac_20,D_liquidity
C_turn_shock_1,label_oc_1,1.0,1094307,1406,True,810.0,-0.03286747722661831,0.0713645241642579,-12.158397389627346,5.176422963505287e-34,-0.028925500917201512,-0.03636276613969185,-0.03728288506402007,-0.02882884947443923,-0.03293713663947249,0,5,-9.979471279126864,Q1,-17.700928295732496,-19.072189490266176,1.3712611945336832,-52.700928295732496,False,2.363376948994333e-33,True,True,True,C_turn_shock_1,D_liquidity
C_turn_shock_1,label_oc_2,1.0,1094307,1406,True,810.0,-0.03399960874132398,0.07167080405286862,-10.424653836377562,1.9135485227769153e-25,-0.028017714464020318,-0.04203326547827317,-0.039139954416285455,-0.02832534689803993,-0.032487144883658246,0,5,-14.570887205782,Q1,-8.393158646534093,-9.769279609876953,1.376120963342859,-43.39315864653409,False,6.406843942927153e-25,True,True,True,PR_C_turn_shock_1,D_liquidity
C_turn_shock_1,label_oc_3,1.0,1094307,1406,True,810.0,-0.03193545977576111,0.06912461229816665,-9.178449034915738,4.373448574689654e-20,-0.02486081491135313,-0.04291650833161601,-0.039535182141185565,-0.025591122815458396,-0.02679197489584692,0,5,-16.899341151242364,Q1,0.06241506905708457,-0.5082199648265837,0.5706350338836716,-34.93758493094292,False,1.2354992223498271e-19,True,True,True,PR_C_turn_shock_1,D_liquidity
C_turn_shock_1,label_oc_5,1.0,1094307,1406,True,810.0,-0.025940534529304147,0.06819604091311145,-7.088350098614953,1.3572027881742466e-12,-0.01706001457639215,-0.03887911479445454,-0.03644727330838807,-0.020589077591577437,-0.016759863801785086,0,5,-15.187616519998166,Q1,17.31577376194378,18.793578948863647,-1.4778051869198658,-17.68422623805622,False,2.8400725011794423e-12,True,True,True,PR_C_turn_shock_1,D_liquidity
C_turn_shock_5,label_oc_1,1.0,1094307,1406,True,810.0,-0.03620822392681342,0.08653080597989837,-9.893279211688995,4.4520075478468215e-23,-0.021834050379949996,-0.056518785778679886,-0.03568828833723561,-0.0380060429533175,-0.029019534708791664,0,5,-10.261607377066344,Q1,-16.02891553727087,-19.072189490266176,3.043273952995307,-51.02891553727087,False,1.3877982149150092e-22,True,True,True,C_turn_shock_5,D_liquidity
C_turn_shock_5,label_oc_2,1.0,1094307,1406,True,810.0,-0.032325878682236235,0.08625023729056341,-7.777473813599515,7.398707833864219e-15,-0.015424063691257867,-0.05614558223368859,-0.03509811755435683,-0.03246052325872527,-0.0225359462902061,0,5,-11.515654855709363,Q1,-7.082715156023206,-9.769279609876953,2.686564453853747,-42.082715156023205,False,1.741779135888868e-14,True,True,True,C_turn_shock_5,D_liquidity
C_turn_shock_5,label_oc_3,1.0,1094307,1406,True,810.0,-0.028893615219952175,0.08573970940623643,-6.281553881239463,3.3520558295960966e-10,-0.011404745461410916,-0.05531261743632788,-0.03197537996090039,-0.02963274264770213,-0.016187806992804428,0,5,-9.399505725650705,Q1,0.5287806397401807,-0.5082199648265837,1.0370006045667657,-34.471219360259816,False,6.20954604498949e-10,True,True,True,I_hi52_turn,D_liquidity
C_turn_shock_5,label_oc_5,1.0,1094307,1406,True,810.0,-0.02128782294528868,0.08653042542146783,-4.029106730086335,5.5989195917321587e-05,-0.0036684233948394663,-0.05191116712243453,-0.022940734902105193,-0.021003179935879794,-0.006966574667546495,0,5,-2.1737156239148927,Q1,15.60920399174001,18.793578948863647,-3.1843749571236324,-19.39079600825999,False,8.243360441247348e-05,True,True,True,I_hi52_turn,D_liquidity
C_turn_cv_20,label_oc_1,1.0,1094307,1406,True,810.0,-0.03784131361554705,0.07095207419587655,-15.138250325018932,9.059195586479535e-52,-0.030096457519598354,-0.05516589502509332,-0.03577883783876061,-0.03954259232982131,-0.028655475180954845,0,5,-11.221770663663944,Q1,-13.38350003657492,-19.072189490266176,5.6886894536912544,-48.38350003657492,False,8.712247670401595e-51,True,True,True,C_turn_cv_20,D_liquidity
C_turn_cv_20,label_oc_2,1.0,1094307,1406,True,810.0,-0.03445084129244656,0.07219461617669674,-11.914589741104082,9.935401373039819e-33,-0.026119559899246466,-0.052746229697194724,-0.032353979461210165,-0.033547392007643985,-0.027511739708623653,0,5,-13.673835966375053,Q1,-4.257764709543753,-9.769279609876953,5.511514900333198,-39.25776470954375,False,4.4463380402118795e-32,True,True,True,C_turn_cv_20,D_liquidity
C_turn_cv_20,label_oc_3,1.0,1094307,1406,True,810.0,-0.032028185637143415,0.07199022634908811,-9.62633811078912,6.189599685546109e-22,-0.021383801201442457,-0.051678466287152225,-0.028368656138998517,-0.032587738954681686,-0.026143208582285107,0,5,-14.459840740346754,Q1,4.160738325269861,-0.5082199648265837,4.668958290096446,-30.83926167473014,False,1.8405914854387114e-21,True,True,True,C_turn_cv_20,D_liquidity
C_turn_cv_20,label_oc_5,1.0,1094307,1406,True,810.0,-0.02883104091243657,0.07166460074030191,-7.039474746668728,1.929658502245905e-12,-0.01449414726937328,-0.0524438356231628,-0.020909195218630893,-0.030657390948318885,-0.0256619135360649,0,5,-14.070676376594959,Q1,20.938517741910797,18.793578948863647,2.144938793047148,-14.061482258089203,False,3.946631868846828e-12,True,True,True,C_turn_cv_20,D_liquidity
C_amihud_shock,label_oc_1,0.9981038227846482,1092232,1406,True,810.0,0.019063061143579137,0.09143529394440543,4.975413940749436,6.510835592352113e-07,-0.01672129899941082,0.05258720356823237,0.016919382310312234,0.02758639145421359,0.014958235305679617,4,4,2.614133347391384,Q5,-19.740730097985168,-19.072189490266176,-0.6685406077189934,-54.740730097985164,False,1.0548020386176183e-06,True,True,True,C_amihud_shock,D_liquidity
C_amihud_shock,label_oc_2,0.9981038227846482,1092232,1406,True,810.0,0.008718858281379057,0.09780488542477159,2.0539308543687933,0.03998238453829979,-0.026476490820427027,0.043478482211029665,0.009340876573853287,0.011526191129105606,0.005735848008255887,4,4,-3.897618739945193,Q5,-14.209382001543112,-9.769279609876953,-4.440102391666161,-49.20938200154311,False,0.04992275638483841,True,True,True,C_amihud_shock,D_liquidity
C_amihud_shock,label_oc_3,0.9981038227846482,1092232,1406,True,810.0,0.003968870229146691,0.09866174373499913,0.8284199772082357,0.4074326967529838,-0.03200912976962107,0.039296612605105134,0.0060742479459495995,0.004606916867928284,0.00188312607343809,4,4,-9.875453671023662,Q5,-8.288076620882435,-0.5082199648265837,-7.7798566560558475,-43.288076620882435,False,0.4592508202801713,False,True,False,,D_liquidity
C_amihud_shock,label_oc_5,0.9981038227846482,1092232,1406,True,810.0,-0.0003445399062031615,0.102103462205202,-0.05865269714310178,0.9532287366431753,-0.03639221444739464,0.03851001206481172,0.0019435202663748764,-0.004174969849313576,-0.001604563495780394,2,3,-21.504174012770232,Q1,26.331087766409293,18.793578948863647,7.537508817545651,-8.668912233590707,False,0.9709059300406615,False,False,False,,D_liquidity
C_pv_corr_20,label_oc_1,0.9999616195455205,1094265,1406,True,810.0,-0.028865700433878965,0.07802148582374266,-13.597111840203535,4.165608397168626e-42,-0.0286452431630113,-0.036263955728692385,-0.031280676987528705,-0.026606306566941722,-0.021558324619357812,0,5,-3.591328761466832,Q1,-18.31853395453474,-19.072189490266176,0.753655535731438,-53.31853395453474,False,2.4418833000192163e-41,True,True,True,C_pv_corr_20,D_liquidity
C_pv_corr_20,label_oc_2,0.9999616195455205,1094265,1406,True,810.0,-0.025814922122700073,0.07693969919843396,-10.605248382651423,2.817144386141982e-26,-0.028022347783535535,-0.03166498977846491,-0.029216847008214624,-0.020392175306020298,-0.01979965737338358,0,5,-3.7851175757698936,Q1,-9.737150133116929,-9.769279609876953,0.03212947676002342,-44.73715013311693,False,9.720223378138747e-26,True,True,True,C_pv_corr_20,D_liquidity
C_pv_corr_20,label_oc_3,0.9999616195455205,1094265,1406,True,810.0,-0.023759266369469227,0.07557643919076228,-8.488604367008403,2.0913337115529456e-17,-0.02652854047191656,-0.029337749347958013,-0.026769224663930755,-0.018932277519269368,-0.01725169844897071,0,5,-2.8233698641062213,Q1,-1.5603032551594749,-0.5082199648265837,-1.0520832903328887,-36.560303255159475,False,5.432659986332939e-17,True,True,True,C_pv_corr_20,D_liquidity
C_pv_corr_20,label_oc_5,0.9999616195455205,1094265,1406,True,810.0,-0.020877952096423062,0.07422332938929704,-5.871079244325348,4.329672392366236e-09,-0.02530327465886659,-0.027823188487761597,-0.021060901713540414,-0.015661606141814687,-0.01456326168799122,0,5,1.5151754737811567,Q1,15.198750149041743,18.793578948863647,-3.5948287998219026,-19.801249850958257,False,7.526968928267457e-09,True,True,True,C_pv_corr_20,D_liquidity
C_absret_turn_corr_20,label_oc_1,0.9999616195455205,1094265,1406,True,810.0,-0.026124952667384224,0.060107507182893566,-14.495982986559344,1.2845025485588114e-47,-0.01672621072997621,-0.031348713038581145,-0.031096395908705936,-0.02623135375985937,-0.025225291540818286,0,5,-6.508568452931389,Q1,-16.24708212436419,-19.072189490266176,2.8251073659019896,-51.24708212436419,False,1.0010261240492805e-46,True,True,True,C_absret_turn_corr_20,D_liquidity
C_absret_turn_corr_20,label_oc_2,0.9999616195455205,1094265,1406,True,810.0,-0.022607417162872904,0.059441023694881606,-10.228987114715016,1.47049281758661e-24,-0.013315641109720295,-0.029910406199734226,-0.028248050702226322,-0.01913456167669901,-0.022429060845973642,0,5,-7.5620102297380525,Q1,-7.344696633581558,-9.769279609876953,2.424582976295394,-42.344696633581556,False,4.680723616543294e-24,True,True,True,C_absret_turn_corr_20,D_liquidity
C_absret_turn_corr_20,label_oc_3,0.9999616195455205,1094265,1406,True,810.0,-0.021256873358794347,0.05902520053407359,-8.19031139476578,2.6055117168299697e-16,-0.0122432067484228,-0.029968400711135615,-0.02681929893605843,-0.016974787638365726,-0.020282141556438843,0,5,-8.74816422851955,Q1,1.6540884617477725,-0.5082199648265837,2.16230842657436,-33.345911538252224,False,6.400496173951883e-16,True,True,True,C_absret_turn_corr_20,D_liquidity
C_absret_turn_corr_20,label_oc_5,0.9999616195455205,1094265,1406,True,810.0,-0.019918995265210397,0.05876293518482188,-6.130640950798255,8.752573386800334e-10,-0.012385848075537042,-0.03260161364214406,-0.024150628241152338,-0.0125613482195421,-0.017902713527525874,0,5,-9.580821153354284,Q1,20.668923748481575,18.793578948863647,1.875344799617935,-14.331076251518425,False,1.5824652683335006e-09,True,True,True,C_absret_turn_corr_20,D_liquidity
C_lock_up,label_oc_1,1.0,1094307,1239,True,814.0,-0.0014152604261822744,0.05440804806119886,-0.9059071444001362,0.36498500251203914,-0.0020134345349184443,-0.002460025424263735,-0.0008529309894704087,-0.004670964036535836,0.002741191415511529,1,4,,Q1,,,,,False,0.41554967540413523,False,True,False,,E_price_bands
C_lock_up,label_oc_2,1.0,1094307,1239,True,814.0,-0.008503075852203692,0.05658432257893933,-4.821415410362901,1.4254316509083617e-06,-0.0063910149416514205,-0.010843536023581487,-0.008161016793223381,-0.011474271412122474,-0.005145082315315983,0,5,,Q1,,,,,False,2.252780091645383e-06,True,True,True,C_streak_lock_up,E_price_bands
C_lock_up,label_oc_3,1.0,1094307,1239,True,814.0,-0.013148096036212469,0.05519609456639727,-6.740942099601889,1.573629125442156e-11,-0.008989183554774804,-0.018273499350602147,-0.014238691256738328,-0.013976057902544,-0.009136460461042809,0,5,,Q1,,,,,False,3.147258250884312e-11,True,True,True,C_streak_lock_up,E_price_bands
C_lock_up,label_oc_5,1.0,1094307,1239,True,814.0,-0.016463339951989165,0.054937491217969814,-7.686187175277362,1.515846921556009e-14,-0.013946308569552708,-0.024203721593138636,-0.015637171224795018,-0.017674067040726018,-0.010034602040394002,0,5,,Q1,,,,,False,3.477983799712264e-14,True,True,True,C_streak_lock_up,E_price_bands
C_lock_dn,label_oc_1,1.0,1094307,1178,True,813.0,0.017027907619309095,0.04863842018310008,10.360063843824957,3.7671050786945713e-25,0.014688995907799943,0.020267790314029584,0.017362574759566766,0.013781350314241346,0.01868787293170316,5,5,,Q5,,,,,False,1.2249866874603929e-24,True,True,True,C_streak_lock_dn,E_price_bands
C_lock_dn,label_oc_2,1.0,1094307,1178,True,813.0,-6.426739916171184e-05,0.05508563353629541,-0.03002058333462226,0.9760506374406829,-0.009147831368523604,0.008843550660450885,0.0011035360080057209,0.00019846376125878562,-0.0016519649971142004,3,2,,Q1,,,,,False,0.9803886402737526,False,False,False,,E_price_bands
C_lock_dn,label_oc_3,1.0,1094307,1178,True,813.0,-0.003970517619815049,0.05334207754119636,-1.853550089836436,0.06380355368298589,-0.013308682010036479,0.004444645506267691,-0.0023208951100913617,-0.0018835207777748962,-0.006961834785238008,1,4,,Q1,,,,,False,0.0787956455319935,True,True,True,C_streak_lock_dn,E_price_bands
C_lock_dn,label_oc_5,1.0,1094307,1178,True,813.0,-0.006282138397517129,0.05176254456641237,-2.6869059266843562,0.007211726064829621,-0.015113014584537994,0.0025265937429438385,-0.005068655487384122,-0.0013426288458602514,-0.012258814432570805,1,4,,Q1,,,,,False,0.009475872620066828,True,True,True,C_streak_lock_dn,E_price_bands
C_n_lock_up_20,label_oc_1,1.0,1094307,1406,True,810.0,-0.0283026459120999,0.06776792112486592,-14.900460330076498,3.273166176336846e-50,-0.024584099522568115,-0.03035811456336295,-0.025486530062434322,-0.03317175574745375,-0.0279141123464088,0,5,,Q1,,,,,False,2.9589422234085086e-49,True,True,True,C_n_lock_up_20,E_price_bands
C_n_lock_up_20,label_oc_2,1.0,1094307,1406,True,810.0,-0.030014375758156395,0.0732351630008811,-12.946229141123412,2.467815142406544e-38,-0.029558085604443587,-0.03227845074365447,-0.027113133134406792,-0.030519036156839884,-0.030601085217418507,0,5,,Q1,,,,,False,1.2821292463997218e-37,True,True,True,C_n_lock_up_20,E_price_bands
C_n_lock_up_20,label_oc_3,1.0,1094307,1406,True,810.0,-0.030787182079123506,0.07372088193298296,-10.768231493301899,4.8625139057759086e-27,-0.0326960596705652,-0.032656182392142165,-0.026486224707076313,-0.030419078500876967,-0.03167520490139008,0,5,,Q1,,,,,False,1.77246474629896e-26,True,True,True,C_n_lock_up_20,E_price_bands
C_n_lock_up_20,label_oc_5,1.0,1094307,1406,True,810.0,-0.03100131845989535,0.07597633191068182,-8.255941537564803,1.5070938740650423e-16,-0.033370439104018844,-0.03175086681319005,-0.02580811340881506,-0.02975217742222718,-0.03431320946224927,0,5,,Q1,,,,,False,3.80562251998547e-16,True,True,True,C_n_lock_up_20,E_price_bands
C_n_lock_dn_20,label_oc_1,1.0,1094307,1406,True,810.0,-0.016549551765146137,0.06200517543537552,-10.188503090828396,2.2317401400678405e-24,-0.022491842300981585,-0.015270087454242175,-0.010301197832646816,-0.016594581300244916,-0.018084587178138344,0,5,,Q1,,,,,False,7.005184328546277e-24,True,True,True,C_n_lock_dn_20,E_price_bands
C_n_lock_dn_20,label_oc_2,1.0,1094307,1406,True,810.0,-0.02277849530995927,0.06906330958351857,-10.409653716143787,2.240350876115405e-25,-0.030328854250447058,-0.022474380145090355,-0.016284481742366026,-0.019121491905054043,-0.025672967892665516,0,5,,Q1,,,,,False,7.4458720294423745e-25,True,True,True,C_n_lock_dn_20,E_price_bands
C_n_lock_dn_20,label_oc_3,1.0,1094307,1406,True,810.0,-0.024923206705291835,0.06922293386073826,-9.03642707979821,1.6187626976124787e-19,-0.03368403421257542,-0.02578921412954783,-0.017270245457071544,-0.01942189363162165,-0.02843813744532235,0,5,,Q1,,,,,False,4.461467922688051e-19,True,True,True,C_n_lock_dn_20,E_price_bands
C_n_lock_dn_20,label_oc_5,1.0,1094307,1406,True,810.0,-0.025871180611537804,0.07048139560324475,-7.251111901196914,4.133639815316407e-13,-0.033538641691221345,-0.028597762945922315,-0.01776104043845278,-0.01897131146105164,-0.030470777847602996,0,5,,Q1,,,,,False,9.203966485335054e-13,True,True,True,C_n_lock_dn_20,E_price_bands
C_n_lock_dn_60,label_oc_1,1.0,1094307,1406,True,810.0,-0.02528805197042338,0.067441724863267,-13.008850839554345,1.0896841451405319e-38,-0.027789615389062126,-0.023280518720226722,-0.020463461473929915,-0.026166715980642304,-0.028727707521171344,0,5,,Q1,,,,,False,5.794555689453182e-38,True,True,True,C_n_lock_dn_60,E_price_bands
C_n_lock_dn_60,label_oc_2,1.0,1094307,1406,True,810.0,-0.026530950845376305,0.07637981141373368,-9.785625205893961,1.2979063599606838e-22,-0.03155879027626192,-0.02545832743746288,-0.021506839904376462,-0.02372760970662312,-0.030389455568622433,0,5,,Q1,,,,,False,3.937272984578719e-22,True,True,True,C_n_lock_dn_60,E_price_bands
C_n_lock_dn_60,label_oc_3,1.0,1094307,1406,True,810.0,-0.026410115521013675,0.0788103924484433,-7.734593659536334,1.0373388826550496e-14,-0.03277345985832105,-0.026134460494608817,-0.021706375849844244,-0.02143129406626356,-0.02999223956363702,0,5,,Q1,,,,,False,2.4044983331286277e-14,True,True,True,C_n_lock_dn_60,E_price_bands
C_n_lock_dn_60,label_oc_5,1.0,1094307,1406,True,810.0,-0.02455735013637182,0.08318560324522946,-5.434170263450212,5.505199584639277e-08,-0.03037736643501738,-0.025773966145926523,-0.01943361353798658,-0.017969607547190156,-0.029215619544535058,0,5,,Q1,,,,,False,9.250372536271202e-08,True,True,True,C_n_lock_dn_60,E_price_bands
C_days_since_lock_dn,label_oc_1,1.0,1094307,1406,True,810.0,0.03890127739689455,0.08139009563639886,17.284933841498216,6.109140956005674e-67,0.03586977162666784,0.04052001902959499,0.03678572892725606,0.03730022734122482,0.04401245083042824,5,5,,Q5,,,,,False,9.204439040381882e-66,True,True,True,C_days_since_lock_dn,E_price_bands
C_days_since_lock_dn,label_oc_2,1.0,1094307,1406,True,810.0,0.036911080157920086,0.09272970047409015,11.400896404410657,4.138358541673688e-30,0.03811088060693014,0.037531088290537244,0.03336236128075128,0.03070926302198275,0.04481368444247887,5,5,,Q5,,,,,False,1.7004891462150062e-29,True,True,True,C_days_since_lock_dn,E_price_bands
C_days_since_lock_dn,label_oc_3,1.0,1094307,1406,True,810.0,0.03502702528999534,0.09564268096486235,8.560911957076554,1.1197819678937095e-17,0.03806086570261236,0.03436244231393942,0.031463183047170024,0.026597872982548485,0.0446166356763528,5,5,,Q5,,,,,False,2.959891517473431e-17,True,True,True,C_days_since_lock_dn,E_price_bands
C_days_since_lock_dn,label_oc_5,1.0,1094307,1406,True,810.0,0.032021169576339645,0.10021844264805571,5.862636669202453,4.555743585687766e-09,0.03542177061094487,0.03142523451538584,0.028847788601107687,0.019210572929787145,0.04515374607678429,5,5,,Q5,,,,,False,7.889640232685327e-09,True,True,True,C_days_since_lock_dn,E_price_bands
C_days_since_lock_up,label_oc_1,1.0,1094307,1406,True,810.0,0.04792819034409559,0.09127947731494196,19.850836844338755,1.0838093950417601e-87,0.04191150244074064,0.05457015854829738,0.04967352648180987,0.044719811376937715,0.04876298208358383,5,5,,Q5,,,,,False,3.26587897705917e-86,True,True,True,C_days_since_lock_up,E_price_bands
C_days_since_lock_up,label_oc_2,1.0,1094307,1406,True,810.0,0.04445415887163071,0.10238480516437175,13.02309950605976,9.042453425614344e-39,0.043252350126636724,0.05005402672550014,0.046218408269646634,0.03409468308417872,0.04863644258027447,5,5,,Q5,,,,,False,4.865701129021052e-38,True,True,True,C_days_since_lock_up,E_price_bands
C_days_since_lock_up,label_oc_3,1.0,1094307,1406,True,810.0,0.04247350181444298,0.1049501213112165,9.825034071245085,8.784432164330754e-23,0.04447812933837942,0.04640769609385383,0.04464309217777812,0.028297649635127813,0.04851942608235006,5,5,,Q5,,,,,False,2.719563930327055e-22,True,True,True,C_days_since_lock_up,E_price_bands
C_days_since_lock_up,label_oc_5,1.0,1094307,1406,True,810.0,0.03944107329438013,0.10914057242676856,6.780157826793705,1.2004466956805335e-11,0.042082278264172254,0.04319932484187089,0.042865489793520464,0.01928166656065349,0.0497399561828988,5,5,,Q5,,,,,False,2.4223299394982196e-11,True,True,True,C_days_since_lock_up,E_price_bands
C_streak_lock_dn,label_oc_1,1.0,1094307,1178,True,813.0,0.017051667961609757,0.04863668517099162,10.376412388230417,3.1748249209560845e-25,0.014736469038885586,0.020298212443634753,0.017388711463403695,0.013795460376035866,0.018690793740116816,5,5,,Q5,,,,,False,1.0398701915015581e-24,True,True,True,C_streak_lock_dn,E_price_bands
C_streak_lock_dn,label_oc_2,1.0,1094307,1178,True,813.0,-7.129454741627793e-05,0.055092473511441864,-0.03328420585456153,0.9734479486840502,-0.00915963021051883,0.00885660435409896,0.0011037192573352562,0.00018486081726744002,-0.00167433084277413,3,2,,Q1,,,,,False,0.9803886402737526,False,False,False,,E_price_bands
C_streak_lock_dn,label_oc_3,1.0,1094307,1178,True,813.0,-0.0039896302422502234,0.05334194323507008,-1.8601467398967695,0.06286476791845295,-0.013338092310261809,0.0044593379030702235,-0.0023420008827054572,-0.0018987667061007715,-0.007005089810919921,1,4,,Q1,,,,,False,0.07784897287435819,True,True,True,C_streak_lock_dn,E_price_bands
C_streak_lock_dn,label_oc_5,1.0,1094307,1178,True,813.0,-0.006309392974097777,0.051776088743191256,-2.6935371265524193,0.007069827114552889,-0.015179412571857846,0.002552002277004821,-0.00509815473449767,-0.0013587688861938726,-0.012308521603992706,1,4,,Q1,,,,,False,0.00931650686815716,True,True,True,C_streak_lock_dn,E_price_bands
C_streak_lock_up,label_oc_1,1.0,1094307,1239,True,814.0,-0.0014302517631314667,0.05440334734019051,-0.9148920179643666,0.3602483208410157,-0.00205058699883552,-0.0024672211991120284,-0.0008520768277287462,-0.004677694858767577,0.0027111850736991324,1,4,,Q1,,,,,False,0.4111925278286341,False,True,False,,E_price_bands
C_streak_lock_up,label_oc_2,1.0,1094307,1239,True,814.0,-0.008515608241752352,0.056582429143699535,-4.827456041481087,1.382882005079457e-06,-0.006424251105003531,-0.010845695361154163,-0.008157012078969543,-0.011482617650531334,-0.005173130805905932,0,5,,Q1,,,,,False,2.1932023378804017e-06,True,True,True,C_streak_lock_up,E_price_bands
C_streak_lock_up,label_oc_3,1.0,1094307,1239,True,814.0,-0.01316351236643221,0.055195906491724615,-6.748957268890308,1.489114334918419e-11,-0.009038519164647714,-0.01827564689438484,-0.014237891853071642,-0.013985221023182,-0.009161931814230907,0,5,,Q1,,,,,False,2.991465241702779e-11,True,True,True,C_streak_lock_up,E_price_bands
C_streak_lock_up,label_oc_5,1.0,1094307,1239,True,814.0,-0.01647961386260728,0.054942809278511855,-7.690756826591806,1.4626720173591058e-14,-0.013976092046661066,-0.024216924110410563,-0.015644231595923035,-0.01767901119626047,-0.010063990537841499,0,5,,Q1,,,,,False,3.373100774726101e-14,True,True,True,C_streak_lock_up,E_price_bands
C_open_lock_dn_20,label_oc_1,1.0,1094307,1406,True,810.0,-0.0033957642205607584,0.04573533465769938,-3.0620526949031484,0.0021982475046211157,-0.0009543445859581314,-0.006280473032099605,-0.00014442786460229693,-0.005523956441284407,-0.004073208345673893,0,5,,Q1,,,,,False,0.0029571662859784057,True,True,True,C_open_lock_dn_20,E_price_bands
C_open_lock_dn_20,label_oc_2,1.0,1094307,1406,True,810.0,-0.009703716490074286,0.048062338163491675,-6.469399805556858,9.839294608552381e-11,-0.007586866787368758,-0.01335338673549862,-0.004886887257032586,-0.01216378138102406,-0.010524738502924805,0,5,,Q1,,,,,False,1.8608205703203666e-10,True,True,True,C_open_lock_dn_20,E_price_bands
C_open_lock_dn_20,label_oc_3,1.0,1094307,1406,True,810.0,-0.01176505243412205,0.04886267525240284,-6.1843260590676925,6.236833901837741e-10,-0.010088192732099708,-0.016362906140458187,-0.005613806727244024,-0.014495271854216568,-0.012263311552469534,0,5,,Q1,,,,,False,1.132148162100666e-09,True,True,True,C_open_lock_dn_20,E_price_bands
C_open_lock_dn_20,label_oc_5,1.0,1094307,1406,True,810.0,-0.013291745284015803,0.04967317605626077,-5.402893414006744,6.557442829071462e-08,-0.010096901281584685,-0.021123976492565776,-0.006048694329354129,-0.01631502075909977,-0.012875614450121975,0,5,,Q1,,,,,False,1.0977645032371484e-07,True,True,True,C_open_lock_dn_20,E_price_bands
C_band_proxy_250,label_oc_1,1.0,1094307,1406,True,810.0,-0.05524944670153764,0.11623828531887566,-18.688244122921564,6.171080658312775e-78,-0.05437163549615098,-0.04861114158235868,-0.05451278986219269,-0.05981350498177072,-0.05892508103598219,0,5,-12.695057831379842,Q1,-13.550434942922507,-19.072189490266176,5.521754547343669,-48.55043494292251,False,1.3282516464558924e-76,True,True,True,C_band_proxy_250,E_price_bands
C_band_proxy_250,label_oc_2,1.0,1094307,1406,True,810.0,-0.0483198301953306,0.12760429451216246,-11.320921267590911,1.0337973962754826e-29,-0.0539365724567995,-0.03879587584154717,-0.04575106560085209,-0.04527062172523248,-0.05781123809989233,0,5,-12.10021603427846,Q1,-5.693639514942789,-9.769279609876953,4.075640094934164,-40.69363951494279,False,4.0989159922501593e-29,True,True,True,C_band_proxy_250,E_price_bands
C_band_proxy_250,label_oc_3,1.0,1094307,1406,True,810.0,-0.045498274127709785,0.1311578293420887,-8.378112500395927,5.378322520953503e-17,-0.056264078223179824,-0.03270775722290489,-0.041119317089775405,-0.03911393208146832,-0.05824093846131444,0,5,-11.343558459474277,Q1,2.099111911419573,-0.5082199648265837,2.607331876246158,-32.90088808858043,False,1.3812510110630586e-16,True,True,True,C_band_proxy_250,E_price_bands
C_band_proxy_250,label_oc_5,1.0,1094307,1406,True,810.0,-0.04326473218715154,0.13526033773430668,-5.934367676829487,2.94980121002968e-09,-0.058688774227547494,-0.02717069667084634,-0.03748869268794908,-0.030883776527741814,-0.0620249584506286,0,5,-9.052539654042349,Q1,18.26774696435373,18.793578948863647,-0.5258319845099192,-16.73225303564627,False,5.1678687865636254e-09,True,True,True,C_band_proxy_250,E_price_bands
C_ret_to_band,label_oc_1,1.0,1094307,1406,True,810.0,-0.03618530199470499,0.08513403447800819,-13.770881950479643,3.815268286466655e-43,-0.017142742356090472,-0.03388094368966822,-0.03818547050108643,-0.04461907589013132,-0.047059579041719264,0,5,-15.76750915967042,Q1,-14.697515173141927,-18.883880298684343,4.186365125542416,-49.69751517314192,False,2.3623305006615456e-42,True,True,True,C_ret_to_band,E_price_bands
C_ret_to_band,label_oc_2,1.0,1094307,1406,True,810.0,-0.045833706355446514,0.08184457928737851,-18.64922945448769,1.2811030556931612e-77,-0.030951392017124546,-0.04882137485293311,-0.0470420712835726,-0.05476807006979537,-0.0475794110814723,0,5,-28.106646974884104,Q1,-2.1996938741512255,-9.778593205400902,7.578899331249676,-37.19969387415122,False,2.6320844598786764e-76,True,True,True,C_resid_1d,E_price_bands
C_ret_to_band,label_oc_3,1.0,1094307,1406,True,810.0,-0.0433336217539646,0.0779849087249601,-18.08418852344346,4.245715877104798e-73,-0.027487488065637496,-0.05180503467227803,-0.045619967361133114,-0.04997550963717152,-0.04178561794395873,0,5,-32.95923869531082,Q1,7.528272234631331,-0.8073429143324746,8.335615148963807,-27.47172776536867,False,7.996098235214036e-72,True,True,True,C_ret_to_band,E_price_bands
C_ret_to_band,label_oc_5,1.0,1094307,1406,True,810.0,-0.036837768716975854,0.07502777866868192,-14.75482428480405,2.8643644178325664e-49,-0.026122758993512126,-0.04263143803848686,-0.040412701741824444,-0.04034566497656644,-0.03468394468868262,0,5,-37.314592746142736,Q1,27.299584887115234,18.58533555100426,8.714249336110983,-7.700415112884766,False,2.4897936862698462e-48,True,True,True,C_resid_1d,E_price_bands
C_dist_ema20_atr,label_oc_1,1.0,1094307,1406,True,810.0,-0.028460282608481786,0.1042592297921508,-8.173949887596573,2.984538222499822e-16,-0.00828194608116785,-0.03840204690707483,-0.034067106783705364,-0.0337053501413565,-0.027847145113073807,0,5,-8.917405052112706,Q1,-16.324246728380476,-19.072189490266176,2.747942761885701,-51.32424672838047,False,7.291952846323889e-16,True,True,True,C_dist_ema20_atr,F_relative_position
C_dist_ema20_atr,label_oc_2,1.0,1094307,1406,True,810.0,-0.03332910155604863,0.1059176540342134,-7.798735782405582,6.253043171806679e-15,-0.014374353457538852,-0.04405116088931575,-0.04265301448857772,-0.03605613509403097,-0.029524383771720532,0,5,-15.394017198045836,Q1,-4.633207005628456,-9.769279609876953,5.136072604248494,-39.633207005628456,False,1.4954367797124966e-14,True,True,True,C_dist_ema20_atr,F_relative_position
C_dist_ema20_atr,label_oc_3,1.0,1094307,1406,True,810.0,-0.03206150762695582,0.10566872487477919,-6.4037280914029635,1.5162805178295467e-10,-0.013970701488704733,-0.04189556361225773,-0.04388910622785513,-0.03474825197356607,-0.02582610487776625,0,5,-16.375302867028367,Q1,4.429470253140918,-0.5082199648265837,4.937690217967505,-30.57052974685908,False,2.855661641912313e-10,True,True,True,C_dist_ema20_atr,F_relative_position
C_dist_ema20_atr,label_oc_5,1.0,1094307,1406,True,810.0,-0.028189658278315564,0.10416995760760868,-4.618980821468831,3.856294946082261e-06,-0.016307317396395123,-0.03354091471441435,-0.04134574102962294,-0.03029743068055822,-0.01948785484260039,0,5,-13.975742249918701,Q1,22.28741301909408,18.793578948863647,3.493834070230433,-12.712586980905922,False,5.9898464454611066e-06,True,True,True,C_dist_ema20_atr,F_relative_position
C_dist_sma50_atr,label_oc_1,1.0,1094307,1406,True,810.0,-0.016363301473189245,0.10448858901337271,-4.747910381509511,2.055290635090405e-06,0.002663638841089076,-0.02722303862171082,-0.021155626948616852,-0.02208544333218021,-0.014024360936331193,1,4,-3.729329899160035,Q1,-18.531450384223348,-19.072189490266176,0.5407391060428274,-53.53145038422335,False,3.2256644689613305e-06,True,True,True,C_dist_ema20_atr,F_relative_position
C_dist_sma50_atr,label_oc_2,1.0,1094307,1406,True,810.0,-0.01756861226577379,0.11021875493292341,-4.070309794117045,4.6950661174852196e-05,-0.0009607739234311758,-0.02904943196231356,-0.02567904088997728,-0.02027919614325443,-0.011894809877466557,0,5,-5.287400837902458,Q1,-8.468602870897337,-9.769279609876953,1.3006767389796132,-43.468602870897335,False,6.980821990471445e-05,True,True,True,C_dist_ema20_atr,F_relative_position
C_dist_sma50_atr,label_oc_3,1.0,1094307,1406,True,810.0,-0.016309195093456075,0.11265513968409385,-3.165627926821934,0.0015474859843682773,-0.0009278722956942083,-0.02678869471524967,-0.02591987668347564,-0.019776377158940494,-0.008162147665266227,0,5,-3.8394154058029897,Q1,0.363562417678274,-0.5082199648265837,0.871782382504861,-34.636437582321726,False,0.0021068182678748836,True,True,True,C_dist_ema20_atr,F_relative_position
C_dist_sma50_atr,label_oc_5,1.0,1094307,1406,True,810.0,-0.013835730088125529,0.11352938074718348,-2.1605311929201028,0.030731571535865296,-0.0037459895854524495,-0.021619866908002165,-0.02410518568502797,-0.017076446331785556,-0.0026708944415572613,0,5,1.5536112481565618,Q1,17.78737306310919,18.793578948863647,-1.0062058857544574,-17.21262693689081,False,0.038800755123494735,True,True,True,C_dist_ema20_atr,F_relative_position
C_dist_sma200_atr,label_oc_1,1.0,1094307,1406,True,810.0,-0.0018184270351962184,0.10636318448043265,-0.46492670773133404,0.6419839437409547,0.02820037273399042,-0.011751949370088067,-0.011275494661890853,-0.010360561855451294,-0.003897104593508151,1,4,1.2784935550716399,Q1,-20.677424095766316,-19.072189490266176,-1.6052346055001376,-55.67742409576631,False,0.6925459249902423,False,True,False,,F_relative_position
C_dist_sma200_atr,label_oc_2,1.0,1094307,1406,True,810.0,0.0018390351373571267,0.11923476361152395,0.35394534569300745,0.7233798429229382,0.029890462501935087,-0.011393597853049975,-0.007788600857890924,-0.002571553949348061,0.0010612338213530509,2,2,4.169572787778238,Q5,-8.157888896722742,-9.769279609876953,1.6113907131542087,-43.15788889672274,False,0.7693357388262778,False,False,False,,F_relative_position
C_dist_sma200_atr,label_oc_3,1.0,1094307,1406,True,810.0,0.004704206811524161,0.12467271237254564,0.7479929873410801,0.45446438743350076,0.03141151780223962,-0.008979566339348736,-0.0047892701288486435,0.0021379677922631285,0.0037438027394012833,3,3,8.67002104684287,Q5,3.944571300832463,-0.5082199648265837,4.452791265659052,-31.055428699167535,False,0.504712292677991,False,False,False,,F_relative_position
C_dist_sma200_atr,label_oc_5,1.0,1094307,1406,True,810.0,0.0084564145165592,0.13137171192318395,1.0462857110625061,0.2954291405439229,0.031981583755156084,-0.005380075761753312,0.0004658142800152614,0.007672609488267466,0.007545382926413492,4,4,19.53139593124571,Q5,30.18325988453351,18.793578948863647,11.389680935669869,-4.816740115466491,False,0.3415191087617727,False,True,False,,F_relative_position
C_dist_vwap20_atr,label_oc_1,1.0,1094307,1406,True,810.0,-0.016976284503715598,0.09993876938954943,-5.18143751229559,2.2018235408038445e-07,0.0030610462568721516,-0.022307492895359913,-0.025145177883295667,-0.021818026640165113,-0.0186657589919028,1,4,-5.563390640773423,Q1,-16.952160161004702,-19.072189490266176,2.120029329261473,-51.9521601610047,False,3.605884929142528e-07,True,True,True,C_dist_ema20_atr,F_relative_position
C_dist_vwap20_atr,label_oc_2,1.0,1094307,1406,True,810.0,-0.02298434359810529,0.1017050261831939,-5.51709428514558,3.4465055137658444e-08,-0.0030477931937291382,-0.02866624911490937,-0.03530340867374883,-0.02642136811956416,-0.02148822316059456,0,5,-10.881652444559098,Q1,-5.958278117449124,-9.769279609876953,3.8110014924278266,-40.958278117449126,False,5.853452839546019e-08,True,True,True,C_dist_ema20_atr,F_relative_position
C_dist_vwap20_atr,label_oc_3,1.0,1094307,1406,True,810.0,-0.022228956310573034,0.10203899377697395,-4.504141760069796,6.664171197148169e-06,-0.0028500274147899313,-0.026819735446946585,-0.03754386476074834,-0.02563865043135425,-0.018306462551549253,0,5,-11.244901600737403,Q1,2.038735487685181,-0.5082199648265837,2.546955452511766,-32.96126451231482,False,1.0142105660306304e-05,True,True,True,C_dist_ema20_atr,F_relative_position
C_dist_vwap20_atr,label_oc_5,1.0,1094307,1406,True,810.0,-0.01834929974269834,0.10091704690722803,-3.018457445029606,0.002540650809717295,-0.005964961166029108,-0.018459005237376962,-0.03555150021902198,-0.020922210539008494,-0.010875418992447506,0,5,-7.47068432649423,Q1,17.428957659377453,18.793578948863647,-1.364621289486192,-17.571042340622547,False,0.003397556704118986,True,True,True,C_dist_ema20_atr,F_relative_position
C_dist_vwap60_atr,label_oc_1,1.0,1094307,1406,True,810.0,-0.004606993600992761,0.10291065066388154,-1.3091922042927557,0.19046925225638695,0.015957558542916157,-0.012879763045261663,-0.010716395565269928,-0.012128722810484228,-0.0032723945895383575,1,4,-0.11390968760512778,Q1,-19.680019203451273,-19.072189490266176,-0.6078297131850934,-54.68001920345127,False,0.22565011161368764,False,True,False,,F_relative_position
C_dist_vwap60_atr,label_oc_2,1.0,1094307,1406,True,810.0,-0.006344427598624522,0.11076836154961198,-1.394064594002455,0.1632980997162086,0.011626624893156136,-0.015534312731191376,-0.015694268295794813,-0.011910710460902123,-0.00023122656222105426,1,4,-0.6773473992655167,Q1,-10.292178038828515,-9.769279609876953,-0.5228984289515618,-45.29217803882852,False,0.19526651077176266,False,True,False,,F_relative_position
C_dist_vwap60_atr,label_oc_3,1.0,1094307,1406,True,810.0,-0.005410983772985244,0.11480677138405868,-0.9857861742591848,0.32423805167076,0.011099997723883337,-0.013826000710654408,-0.016227313134386877,-0.011868244957695784,0.003734097440924274,2,3,1.7317447153686756,Q1,-2.2831665310221783,-0.5082199648265837,-1.7749465661955934,-37.283166531022175,False,0.3729150110818919,False,False,False,,F_relative_position
C_dist_vwap60_atr,label_oc_5,1.0,1094307,1406,True,810.0,-0.0028730873999302186,0.11736690759043207,-0.4164209390665902,0.6771020089539667,0.008308595413853417,-0.008759539634145639,-0.014857754454925886,-0.0096342470174766,0.010529811543777747,2,3,8.135714731848392,Q1,13.89153235324249,18.793578948863647,-4.902046595621158,-21.10846764675751,False,0.7235227140595577,False,False,False,,F_relative_position
C_ema20_ema50_atr,label_oc_1,1.0,1094307,1406,True,810.0,0.0020244261099451074,0.10227158773764161,0.6283147039841833,0.5297978010740325,0.02204733632938048,-0.007764264003837621,-0.0024092806799464444,-0.004757330923180381,0.003002190239659275,2,2,4.182735878217563,Q5,-16.97130830247708,-19.072189490266176,2.100881187789094,-51.971308302477084,False,0.581234480789958,False,False,False,,F_relative_position
C_ema20_ema50_atr,label_oc_2,1.0,1094307,1406,True,810.0,0.005508034486663225,0.11226195485426776,1.3011715867072384,0.1931997285689496,0.02159617548199507,-0.004133741581966724,-0.0008166582895411923,0.0020443738955408476,0.008838171904449023,3,3,7.814079763304568,Q5,-5.139061052080841,-9.769279609876953,4.630218557796113,-40.13906105208084,False,0.22770584944430028,False,False,False,,F_relative_position
C_ema20_ema50_atr,label_oc_3,1.0,1094307,1406,True,810.0,0.007054175121780044,0.11629253971577952,1.365760403454167,0.1720141783943312,0.021447329468571096,-0.0016405183737788433,0.0010091037958824304,0.003152175802079007,0.011287718923967925,4,4,11.920793531625867,Q5,6.9547268413154315,-0.5082199648265837,7.46294680614202,-28.04527315868457,False,0.20514619692411004,False,True,False,,F_relative_position
C_ema20_ema50_atr,label_oc_5,1.0,1094307,1406,True,810.0,0.008510460094982766,0.12016464289148546,1.2717621633687497,0.20345763620366394,0.01890945006910913,0.0009882207456579765,0.00323024365821324,0.004592991502690015,0.014808979838235448,5,5,21.36235182598723,Q5,33.11903365521656,18.793578948863647,14.325454706352925,-1.8809663447834382,False,0.23886454951702885,False,True,False,,F_relative_position
C_close_typical_atr,label_oc_1,1.0,1094307,1406,True,810.0,-0.003996454685154379,0.07914956352830567,-1.5229932206983259,0.1277604015127234,0.01613390530207703,0.0007009697487579088,-0.003465066614150717,-0.012646852948720581,-0.020645977941293765,2,3,0.6810555919607697,Q1,-23.382343667768648,-19.072189490266176,-4.310154177502473,-58.38234366776865,False,0.15399387062333592,False,False,False,,F_relative_position
C_close_typical_atr,label_oc_2,1.0,1094307,1406,True,810.0,-0.018617991679095676,0.07690507230506428,-8.707851091935888,3.0968977652276263e-18,-0.004763592656212977,-0.017907805974746206,-0.01808140219572382,-0.026498386391176354,-0.025813165576560413,0,5,-10.929959143079063,Q1,-10.980126874560131,-9.769279609876953,-1.2108472646831798,-45.98012687456013,False,8.282827159070337e-18,True,True,True,C_close_typical_atr,F_relative_position
C_close_typical_atr,label_oc_3,1.0,1094307,1406,True,810.0,-0.019616147104627935,0.07501329130177717,-8.975577738119293,2.8186859103038026e-19,-0.0042761843778252005,-0.0245657678100366,-0.021027889304649515,-0.025487584608971534,-0.022712291115568075,0,5,-16.67435971683673,Q1,-0.16662322738116903,-0.5082199648265837,0.3415967374454173,-35.166623227381166,False,7.629018152439035e-19,True,True,True,C_close_typical_atr,F_relative_position
C_close_typical_atr,label_oc_5,1.0,1094307,1406,True,810.0,-0.016851896288622544,0.07245944439327777,-7.079048180987076,1.4514791870456328e-12,-0.00478325038756636,-0.021982020830802765,-0.018924896166174807,-0.02173243318832939,-0.016836934116403884,0,5,-21.224516360787153,Q1,19.7022364040754,18.793578948863647,0.9086574552117517,-15.2977635959246,False,3.023357569330074e-12,True,True,True,C_close_typical_atr,F_relative_position
C_clv,label_oc_1,1.0,1094307,1406,True,810.0,0.0016377406787451744,0.07775370819439471,0.611093221428864,0.5411378671504747,0.023999457515739352,0.00547923325026756,0.0025277058798163247,-0.0070342118098563906,-0.016718157959542443,3,3,3.5621992613503175,Q5,-20.63480068081011,-19.072189490266176,-1.5626111905439326,-55.63480068081011,False,0.5922380531525776,False,False,False,,F_relative_position
C_clv,label_oc_2,1.0,1094307,1406,True,810.0,-0.013868995192765144,0.07633948497949536,-6.049574768318298,1.4522865226972023e-09,0.0032137004231106315,-0.01392883155422136,-0.013948269397921455,-0.022031610799596743,-0.02261882644568462,1,4,-6.470630258089335,Q1,-11.782826714649593,-9.769279609876953,-2.013547104772639,-46.782826714649595,False,2.5843838907839975e-09,True,True,True,C_close_typical_atr,F_relative_position
C_clv,label_oc_3,1.0,1094307,1406,True,810.0,-0.015206993022192016,0.0752800556521135,-6.394348390035599,1.612334345014553e-10,0.002754035424510992,-0.021354230075033172,-0.017963895453209113,-0.02051808202437729,-0.01893951000426759,1,4,-10.81482250552888,Q1,-1.2689641700696455,-0.5082199648265837,-0.7607442052430593,-36.268964170069644,False,3.0239631699028127e-10,True,True,True,C_close_typical_atr,F_relative_position
C_clv,label_oc_5,1.0,1094307,1406,True,810.0,-0.012937188140523992,0.07273187706949817,-5.058776827030688,4.2195435042050283e-07,0.001924233551592715,-0.020291859345140533,-0.01659988765986689,-0.01710719538812746,-0.012612387734409156,1,4,-14.177588780386106,Q1,18.527156763385463,18.793578948863647,-0.26642218547818597,-16.472843236614537,False,6.885320086284017e-07,True,True,True,C_close_typical_atr,F_relative_position
C_clv_mean_5,label_oc_1,1.0,1094307,1406,True,810.0,0.014035432750633908,0.08449540243743876,5.212135221767529,1.8667939202393243e-07,0.031378798673053356,0.004639018504784465,0.01143137643399362,0.01215676188823755,0.010583492737134353,5,5,2.9303855524653204,Q5,-17.59854142317828,-19.072189490266176,1.4736480670879013,-52.598541423178276,False,3.079528656745163e-07,True,True,True,C_clv_mean_5,F_relative_position
C_clv_mean_5,label_oc_2,1.0,1094307,1406,True,810.0,6.0616328947461715e-05,0.0869781802134791,0.017739192108887268,0.9858469147787302,0.016558321365943103,-0.012908040195045599,-0.004734015764772627,-0.0021881479170177496,0.0035625019292944305,2,2,-6.57200238686691,Q5,-13.501519356355335,-9.769279609876953,-3.7322397464783825,-48.50151935635533,False,0.9858469147787302,False,False,False,,F_relative_position
C_clv_mean_5,label_oc_3,1.0,1094307,1406,True,810.0,-0.003156812220232315,0.08842050256691292,-0.7744340497450721,0.43867415447351255,0.012760819454331048,-0.017438938024558287,-0.010741456312224965,-0.005667089749332658,0.005272605602428755,2,3,-10.397811368045994,Q1,3.5827654288658897,-0.5082199648265837,4.090985393692478,-31.41723457113411,False,0.4895820193136486,False,False,False,,F_relative_position
C_clv_mean_5,label_oc_5,1.0,1094307,1406,True,810.0,-0.003335845445252721,0.09024657143507851,-0.6745355456333757,0.49997089501530223,0.010438987458900645,-0.015762703128954628,-0.010864627597706863,-0.007989402848278584,0.0074600991580913234,2,3,-13.09934999987837,Q1,23.45108080693932,18.793578948863647,4.657501858075673,-11.54891919306068,False,0.5511874257241869,False,False,False,,F_relative_position
C_clv_mean_20,label_oc_1,1.0,1094307,1406,True,810.0,0.03931742524249907,0.09187659049177077,13.294859732453185,2.47937747523399e-40,0.044390042148952674,0.0324706909089169,0.03998926874383096,0.04170404819072424,0.038037630649228105,5,5,11.420002729146958,Q5,-13.32130655437807,-19.072189490266176,5.750882935888106,-48.32130655437807,False,1.383553850377486e-39,True,True,True,C_clv_mean_20,F_relative_position
C_clv_mean_20,label_oc_2,1.0,1094307,1406,True,810.0,0.02877251679446646,0.09864967016029408,7.226164067860151,4.968274735830146e-13,0.029774224654917636,0.02196516580139731,0.027572913746702416,0.02937511509902052,0.03515246024520281,5,5,7.163303896845919,Q5,-6.922605611347522,-9.769279609876953,2.8466739985294307,-41.92260561134752,False,1.0901263012598185e-12,True,True,True,C_clv_mean_20,F_relative_position
C_clv_mean_20,label_oc_3,1.0,1094307,1406,True,810.0,0.0255455765002869,0.10309855797618833,5.211396075480235,1.8742482488199658e-07,0.025745732673976913,0.018932640829647483,0.02307190540832547,0.02365452107317346,0.03628486440987137,5,5,5.124894615564182,Q5,-0.0043053614374637325,-0.5082199648265837,0.5039146033891212,-35.00430536143747,False,3.080582576242271e-07,True,True,True,C_clv_mean_20,F_relative_position
C_clv_mean_20,label_oc_5,1.0,1094307,1406,True,810.0,0.02349514205896852,0.10759325226373986,3.6549281709437786,0.00025725399274222007,0.017993719973384247,0.019451419667470115,0.020609867830385962,0.018337929821137383,0.04102040551684964,5,5,3.7137234342521275,Q5,15.723067415268403,18.793578948863647,-3.070511533595241,-19.276932584731597,False,0.0003679709010110237,True,True,True,C_clv_mean_20,F_relative_position
C_upper_shadow_atr,label_oc_1,1.0,1094307,1406,True,810.0,-0.018726263198645697,0.05620768832071881,-11.731878020923483,8.749555498754416e-32,-0.011621145090457986,-0.021675953723514392,-0.023939490003408993,-0.019752615631354418,-0.016649502153195384,0,5,-3.787626040951434,Q1,-21.411437411186515,-19.271125660732185,-2.1403117504543285,-56.41143741118651,False,3.730942533431128e-31,True,True,True,C_upper_shadow_atr,F_relative_position
C_upper_shadow_atr,label_oc_2,1.0,1094307,1406,True,810.0,-0.018092430854996292,0.05547267394605935,-10.79812714687951,3.512958979941197e-27,-0.009785265193374665,-0.02215686333577953,-0.02151781695756984,-0.019880817221272017,-0.017124834968715936,0,5,-5.535307348432314,Q1,-12.938403908042192,-10.177972488810566,-2.7604314192316233,-47.93840390804219,False,1.2909410235231065e-26,True,True,True,C_upper_shadow_atr,F_relative_position
C_upper_shadow_atr,label_oc_3,1.0,1094307,1406,True,810.0,-0.015988698034567612,0.054664575899841646,-9.253207024627448,2.1785592776742538e-20,-0.007563499796702893,-0.019485556084139613,-0.019073752973459347,-0.01924951198748629,-0.014576196028580105,0,5,-5.313731077957431,Q1,-4.189668276736662,-1.0755284430715966,-3.1141398336650643,-39.18966827673666,False,6.312235855825401e-20,True,True,True,C_upper_shadow_atr,F_relative_position
C_upper_shadow_atr,label_oc_5,1.0,1094307,1406,True,810.0,-0.012663695102441678,0.055772688496989915,-6.4848681304564995,8.880942672583905e-11,-0.006513607964830845,-0.013488501268880664,-0.014813128125371798,-0.014963443362752394,-0.013536688053890657,0,5,-4.226698868389265,Q1,13.270800327214605,18.05168453236136,-4.780884205146749,-21.729199672785395,False,1.6866328100873636e-10,True,True,True,C_upper_shadow_atr,F_relative_position
C_lower_shadow_atr,label_oc_1,1.0,1094307,1406,True,810.0,0.011558939445954802,0.055611690437061656,7.05477567790197,1.728793867990028e-12,0.018114983336779834,0.008435167148544908,0.012178727750678565,0.017542486634003988,0.0015589196189375902,5,5,3.5135874049863816,Q5,-17.587331010187956,-19.072189490266176,1.4848584800782205,-52.58733101018795,False,3.5681042389565872e-12,True,True,True,C_lower_shadow_atr,F_relative_position
C_lower_shadow_atr,label_oc_2,1.0,1094307,1406,True,810.0,0.007895649667816968,0.05707433195800252,4.5751716850875095,4.758296181975828e-06,0.015343049394187293,0.0035949474470059373,0.007718945714604761,0.01250089218394921,0.00034727613858757223,5,5,3.69858280833115,Q5,-9.450374766019825,-9.769279609876953,0.3189048438571269,-44.45037476601983,False,7.29067753984093e-06,True,True,True,C_lower_shadow_atr,F_relative_position
C_lower_shadow_atr,label_oc_3,1.0,1094307,1406,True,810.0,0.007277595316116896,0.05636279303877334,3.895831704262543,9.786232708108579e-05,0.017231092868489437,0.00125807919068297,0.002501342873795075,0.011302460978496581,0.004106286465740969,5,5,4.16127846023718,Q5,-1.1201086638607514,-0.5082199648265837,-0.6118886990341655,-36.12010866386075,False,0.00014177490974567558,True,True,True,C_lower_shadow_atr,F_relative_position
C_lower_shadow_atr,label_oc_5,1.0,1094307,1406,True,810.0,0.006471853979568273,0.05558349442562165,3.128898057156449,0.001754631715888916,0.01619718951474188,-0.002107657977885116,0.0017092095233190018,0.00921203515687095,0.007345385029371857,4,4,5.331341128321474,Q5,17.88476831647372,18.793578948863647,-0.9088106323899232,-17.11523168352628,False,0.002374531543658054,True,True,True,C_lower_shadow_atr,F_relative_position
C_range_pctile_250,label_oc_1,1.0,1094307,1406,True,810.0,-0.04150998621791051,0.08281958922712676,-15.852653108794183,1.3476890525971284e-56,-0.03975731999120871,-0.05628202958762103,-0.03786336789390962,-0.04120299163335053,-0.032476370083584775,0,5,-13.64010144214491,Q1,-12.161457926978205,-18.935093343215094,6.773635416236887,-47.1614579269782,False,1.4857450043265903e-55,True,True,True,C_range_pctile_250,F_relative_position
C_range_pctile_250,label_oc_2,1.0,1094307,1406,True,810.0,-0.03922028500970247,0.08027598848661267,-13.301503439901587,2.2686029106584513e-40,-0.03645545686425463,-0.056241419009381954,-0.034430199657958356,-0.03382481579829071,-0.03516396900689291,0,5,-19.660601020844354,Q1,-1.8416827516897514,-9.486318991551181,7.644636239861432,-36.84168275168975,False,1.2817606445220252e-39,True,True,True,C_range_pctile_250,F_relative_position
C_range_pctile_250,label_oc_3,1.0,1094307,1406,True,810.0,-0.036222718590516956,0.0767486440668173,-11.136510755693351,8.332010574587314e-29,-0.03295101359697952,-0.05679284667570546,-0.032251915775271624,-0.02955004723884492,-0.029591368775445426,0,5,-21.435241706462094,Q1,6.402495767196263,0.1489122729563122,6.253583494239952,-28.597504232803736,False,3.218862204883304e-28,True,True,True,C_range_pctile_250,F_relative_position
C_range_pctile_250,label_oc_5,1.0,1094307,1406,True,810.0,-0.030675620731782333,0.0741991376940727,-8.549964404648465,1.2312647767809616e-17,-0.02873721630724541,-0.057248081735728,-0.023659521839850366,-0.022347768916861827,-0.021418458497071996,0,5,-21.639583818785475,Q1,24.734803731362575,19.528911557708422,5.205892173654156,-10.265196268637425,False,3.235649297122062e-17,True,True,True,C_range_pctile_250,F_relative_position
C_turn_pctile_250,label_oc_1,0.9985616467773669,1092733,1406,True,810.0,-0.043281684036514514,0.09096597559074054,-11.87610971703518,1.57529604818474e-32,-0.021239791354232,-0.06927332127714045,-0.042708637379431376,-0.04578192820073858,-0.037425582191120535,0,5,-10.294750961598119,Q1,-15.808263594132917,-19.09144205938442,3.283178465251504,-50.80826359413292,False,6.781274416947643e-32,True,True,True,C_turn_pctile_250,F_relative_position
C_turn_pctile_250,label_oc_2,0.9985616467773669,1092733,1406,True,810.0,-0.03826299330617077,0.09025158229028568,-9.132125761721683,6.716722843189618e-20,-0.014301421173007787,-0.0673433189219151,-0.03988770058827353,-0.03642331460969101,-0.03337660053608063,0,5,-11.624422141116172,Q1,-8.23905856439448,-9.78044538887036,1.5413868244758795,-43.23905856439448,False,1.8625513651053418e-19,True,True,True,C_turn_pctile_250,F_relative_position
C_turn_pctile_250,label_oc_3,0.9985616467773669,1092733,1406,True,810.0,-0.03371535960768498,0.08845755431024396,-7.242201907384014,4.414579683005609e-13,-0.007163201088437855,-0.06612848681598076,-0.03747676883907829,-0.03051239518141962,-0.027318709991147293,0,5,-11.775198675384946,Q1,-1.5737211630333914,-0.4437938845168896,-1.1299272785165018,-36.57372116303339,False,9.781323611365369e-13,True,True,True,C_turn_pctile_250,F_relative_position
C_turn_pctile_250,label_oc_5,0.9985616467773669,1092733,1406,True,810.0,-0.026258689492577682,0.08975563692721472,-4.93832153796521,7.879784281815899e-07,0.002308615978213977,-0.0627262276472434,-0.03123508533977487,-0.022246081971089987,-0.017426101181609692,1,4,-4.990401250158306,Q1,11.340673857750662,18.944796377612448,-7.604122519861788,-23.659326142249338,False,1.2720223197788521e-06,True,True,True,C_turn_pctile_250,F_relative_position
C_absret_pctile_250,label_oc_1,1.0,1094307,1406,True,810.0,-0.024972769369032744,0.07516187933065806,-11.102093959635178,1.2253880097185773e-28,-0.0252609011273658,-0.03022735288621669,-0.018207372345912243,-0.027645507586655623,-0.023527854943233284,0,5,-7.982010612930017,Q1,-15.98767837362572,-18.883880298684343,2.8962019250586204,-50.98767837362572,False,4.69385915587116e-28,True,True,True,C_absret_pctile_250,F_relative_position
C_absret_pctile_250,label_oc_2,1.0,1094307,1406,True,810.0,-0.027879801553254344,0.07527693035743233,-11.724211113343324,9.578924108830201e-32,-0.028527001663195307,-0.03591210316717653,-0.02164295649730092,-0.02562863292245791,-0.027688992551733644,0,5,-16.59647175042876,Q1,-4.210509380489687,-9.778593205400902,5.568083824911216,-39.21050938048969,False,4.0464240160665895e-31,True,True,True,C_absret_pctile_250,F_relative_position
C_absret_pctile_250,label_oc_3,1.0,1094307,1406,True,810.0,-0.027765835666241252,0.0724755888422442,-10.718049288515642,8.375103993657141e-27,-0.029910422788275975,-0.03745998879059001,-0.022565105705650186,-0.023210962273978952,-0.02569008578297186,0,5,-22.712808678666054,Q1,6.4586002312455735,-0.8073429143324746,7.26594314557805,-28.541399768754427,False,3.0044023850262123e-26,True,True,True,C_absret_pctile_250,F_relative_position
C_absret_pctile_250,label_oc_5,1.0,1094307,1406,True,810.0,-0.02574107339429503,0.06963066760482528,-9.018703231990209,1.903288385404033e-19,-0.02834667207116524,-0.04112292111928467,-0.019165255052844568,-0.019611498959729533,-0.020477750455067615,0,5,-28.72271460885944,Q1,28.133429639385227,18.58533555100426,9.548094088380976,-6.866570360614773,False,5.182447892786885e-19,True,True,True,C_absret_pctile_250,F_relative_position
C_ret_z_60,label_oc_1,0.9999616195455205,1094265,1406,True,810.0,-0.03431170870074567,0.08343166997213364,-13.04871490730579,6.462834676202949e-39,-0.014698055919751526,-0.032422369369915695,-0.035826282756800776,-0.04296663236447199,-0.0456050133963627,0,5,-13.705778635397337,Q1,-15.808482704464634,-19.072189490266176,3.2637067858015425,-50.80848270446464,False,3.5195196067996784e-38,True,True,True,C_ret_to_band,F_relative_position
C_ret_z_60,label_oc_2,0.9999616195455205,1094265,1406,True,810.0,-0.04375112047077165,0.08067903253544804,-17.64772869941541,1.0593159377119702e-69,-0.028588032881871932,-0.045817007381600425,-0.04428112691402682,-0.05268743319833377,-0.04736912651168753,0,5,-25.49775980891727,Q1,-3.3552756622398543,-9.769279609876953,6.414003947637098,-38.355275662239855,False,1.6510717373993465e-68,True,True,True,C_resid_1d,F_relative_position
C_ret_z_60,label_oc_3,0.9999616195455205,1094265,1406,True,810.0,-0.04143652494488995,0.07757743266224332,-17.101449250956122,1.4475937717268759e-65,-0.025112325183863866,-0.048201128872337635,-0.04371136891042395,-0.04814461465456021,-0.04201114220199329,0,5,-29.826421300480217,Q1,6.04050108928254,-0.5082199648265837,6.548721054109127,-28.95949891071746,False,2.0447262025642123e-64,True,True,True,C_ret_to_band,F_relative_position
C_ret_z_60,label_oc_5,0.9999616195455205,1094265,1406,True,810.0,-0.03546189000369185,0.07512121962294364,-13.929377441804787,4.200004332604848e-44,-0.023971655671768326,-0.04010140679753062,-0.038888962858449505,-0.039526783685079135,-0.034822914938248885,0,5,-33.49505668781636,Q1,25.239600058787758,18.793578948863647,6.446021109924108,-9.760399941212242,False,2.7917675857902815e-43,True,True,True,C_resid_1d,F_relative_position
C_on_z_60,label_oc_1,1.0,1094307,1406,True,810.0,-0.03128802148185076,0.05309139389006071,-20.297255738895167,1.3596922654354747e-91,-0.029398068995126998,-0.027474383743971084,-0.028263767657858187,-0.03905159506496141,-0.03224887254852233,0,5,-16.391155986223684,Q1,-12.372468450216978,-19.072189490266176,6.699721040049199,-47.37246845021698,False,5.121507533140288e-90,True,True,True,C_on_z_60,F_relative_position
C_on_z_60,label_oc_2,1.0,1094307,1406,True,810.0,-0.024410434218039793,0.05342955751203712,-15.386588654377826,2.013726303330779e-53,-0.019937249636059643,-0.02385793388518851,-0.022146195598760424,-0.030108450700465514,-0.025996696209257902,0,5,-15.751246826999076,Q1,-4.896722601232319,-9.769279609876953,4.872557008644634,-39.89672260123232,False,2.0686461116034366e-52,True,True,True,C_on_z_60,F_relative_position
C_on_z_60,label_oc_3,1.0,1094307,1406,True,810.0,-0.01924546052828258,0.05451329730681018,-12.374449396712063,3.5935010886996236e-35,-0.013751748151647855,-0.020079385052432883,-0.020441341100573274,-0.023413171675024675,-0.01854415242012623,0,5,-12.795534646825336,Q1,2.2416479523223343,-0.5082199648265837,2.7498679171489213,-32.75835204767767,False,1.7279388213747126e-34,True,True,True,C_on_z_60,F_relative_position
C_on_z_60,label_oc_5,1.0,1094307,1406,True,810.0,-0.01524501431714445,0.054605388524536835,-9.219003330554616,2.998744866822549e-20,-0.0121059653001604,-0.013967771209304583,-0.02111291117582312,-0.015619439236933413,-0.013425459945960458,0,5,-10.392501374296986,Q1,19.70340245665259,18.793578948863647,0.9098235077889483,-15.29659754334741,False,8.633329170724792e-20,True,True,True,C_on_z_60,F_relative_position
C_id_z_60,label_oc_1,1.0,1094307,1406,True,810.0,-0.018248436859503763,0.07983085467224889,-7.194188788768817,6.283320681822694e-13,0.0035731700766332072,-0.015577648900151533,-0.02135221658802295,-0.02826781605449215,-0.02957735639186844,1,4,-4.684807160344767,Q1,-21.021690643402422,-19.072189490266176,-1.9495011531362505,-56.02169064340242,False,1.3720101198955835e-12,True,True,True,C_ret_to_band,F_relative_position
C_id_z_60,label_oc_2,1.0,1094307,1406,True,810.0,-0.03197710342213121,0.07663026498229082,-13.93453159622474,3.9075550724643906e-44,-0.016525682405137583,-0.03211272786791671,-0.03398979659730762,-0.04169953972812666,-0.035545073111139,0,5,-17.51737984599447,Q1,-8.105677559216307,-9.769279609876953,1.6636020506606466,-43.1056775592163,False,2.636141630975977e-43,True,True,True,C_resid_1d,F_relative_position
C_id_z_60,label_oc_3,1.0,1094307,1406,True,810.0,-0.031934200618568394,0.07379138641330188,-14.812889232155523,1.2092860766108602e-49,-0.016224461259183434,-0.036501916209202984,-0.03443133147871385,-0.03884166891539527,-0.03366546415016279,0,5,-23.30433940441356,Q1,2.6958903412765296,-0.5082199648265837,3.204110306103111,-32.30410965872347,False,1.0717594247609977e-48,True,True,True,C_ret_to_band,F_relative_position
C_id_z_60,label_oc_5,1.0,1094307,1406,True,810.0,-0.02774208210568181,0.07197067797290543,-12.106609934427947,9.7438677164508e-34,-0.01566384411930148,-0.030918551183023096,-0.029829901715888358,-0.03295058114153796,-0.029341839282619204,0,5,-28.03979702313219,Q1,23.056641440709257,18.793578948863647,4.263062491845612,-11.943358559290743,False,4.404228207835761e-33,True,True,True,C_resid_1d,F_relative_position
C_eff_10,label_oc_1,0.9999588780844864,1094262,1406,True,810.0,-0.010111443075077421,0.06710530124370917,-4.046940628000093,5.1891396294877714e-05,-0.022842325904437445,-0.005222092783859412,-0.01078700265364424,-0.00953389284607259,-0.0022000555912305283,0,5,-3.8913039888720804,Q1,-16.978113505531574,-19.072189490266176,2.094075984734603,-51.978113505531574,False,7.69013479517532e-05,True,True,True,C_eff_10,F_relative_position
C_eff_10,label_oc_2,0.9999588780844864,1094262,1406,True,810.0,-0.009565315262766846,0.06963433506867699,-3.0279219680472798,0.002462416625168475,-0.026779520027282795,-0.0037437447127959466,-0.009861792004399085,-0.008610417215634348,0.0011308330614940925,1,4,-6.127147965373622,Q1,-6.127847131389476,-9.769279609876953,3.641432478487474,-41.12784713138947,False,0.003302707164914394,True,True,True,C_eff_10,F_relative_position
C_eff_10,label_oc_3,0.9999588780844864,1094262,1406,True,810.0,-0.008040851868832168,0.07138844325396615,-2.2713129518652564,0.023128039726622588,-0.028096007039020186,-0.001874633229755064,-0.008849362083534892,-0.006110167874573408,0.004680638674383868,1,4,-6.792103290241846,Q1,3.4911983514599387,-0.5082199648265837,3.999418316286523,-31.50880164854006,False,0.02944753227164341,True,True,True,C_eff_10,F_relative_position
C_eff_10,label_oc_5,0.9999588780844864,1094262,1406,True,810.0,-0.006645621520875185,0.06875965149064374,-1.7099118587123636,0.08728217321054778,-0.02818659597683355,-0.0016849964095861584,-0.006956135602633372,-0.0049878339889382365,0.008533436373989532,1,4,-7.782021804778973,Q1,23.42684436810506,18.793578948863647,4.6332654192414156,-11.573155631894942,False,0.10749739043914877,False,True,False,,F_relative_position
C_eff_20,label_oc_1,0.9999616195455205,1094265,1406,True,810.0,-0.012476194079463333,0.06957314113052457,-5.213713788759441,1.8509698290825196e-07,-0.016589665812659467,-0.015016358230159002,-0.013723431219100897,-0.01474535235729945,-0.002342226718882833,0,5,-3.7328013266743354,Q1,-17.204111087411572,-19.072189490266176,1.8680784028546078,-52.204111087411576,False,3.064609387345417e-07,True,True,True,C_eff_20,F_relative_position
C_eff_20,label_oc_2,0.9999616195455205,1094265,1406,True,810.0,-0.01077590047995302,0.07105637674605687,-3.5794617728120866,0.00034430260700085724,-0.01443696651028122,-0.017234342677988318,-0.014008077235932042,-0.01304177823631192,0.0047862808325898855,1,4,-4.838422042282691,Q1,-7.290823372651792,-9.769279609876953,2.47845623722516,-42.29082337265179,False,0.00048481239365852797,True,True,True,C_eff_20,F_relative_position
C_eff_20,label_oc_3,0.9999616195455205,1094265,1406,True,810.0,-0.009865856405395177,0.07134035768575006,-2.9344104694357185,0.003341819474153156,-0.013289410669443271,-0.01828360216011865,-0.012328270621468131,-0.013518381423857495,0.008026708240630443,1,4,-6.099934821516868,Q1,3.5103095687740375,-0.5082199648265837,4.018529533600624,-31.489690431225963,False,0.004455759298870875,True,True,True,C_eff_20,F_relative_position
C_eff_20,label_oc_5,0.9999616195455205,1094265,1406,True,810.0,-0.009068954247669417,0.06997010012214078,-2.2972461809238545,0.0216047300467005,-0.009979082737052015,-0.020151078113613455,-0.012170995126595339,-0.014514838909675006,0.01139838613831831,1,4,-8.120735165372611,Q1,25.08198614222983,18.793578948863647,6.288407193366188,-9.91801385777017,False,0.02758570051160629,True,True,True,C_eff_20,F_relative_position
C_streak,label_oc_1,1.0,1094307,1406,True,810.0,-0.030769830422053737,0.07150363527580782,-14.260753282850768,3.842839131692934e-46,-0.01669934418182245,-0.03301198152313655,-0.027302367193984906,-0.037084948242092325,-0.03971866458431339,0,5,-15.923330325015655,Q1,-11.23745142500759,-19.072189490266176,7.834738065258587,-46.23745142500759,False,2.8015536895567844e-45,True,True,True,C_streak,F_relative_position
C_streak,label_oc_2,1.0,1094307,1406,True,810.0,-0.03795469658554611,0.06983591560581293,-16.576548268835715,1.0297616889769493e-61,-0.02379253083193829,-0.04592459076255497,-0.03585460187199785,-0.044150100601103005,-0.0400442228237017,0,5,-25.838847280567837,Q1,2.387774254904011,-9.769279609876953,12.157053864780963,-32.61222574509599,False,1.3298636669073746e-60,True,True,True,C_streak,F_relative_position
C_streak,label_oc_3,1.0,1094307,1406,True,810.0,-0.03630311523242467,0.06800151322244158,-14.982686820163572,9.528570673016899e-51,-0.021665520503247996,-0.04664261788265483,-0.037079628354596335,-0.03969717419445913,-0.03643018302860213,0,5,-28.97996035151767,Q1,11.95256601541683,-0.5082199648265837,12.460785980243415,-23.047433984583172,False,8.97273738375758e-50,True,True,True,C_streak,F_relative_position
C_streak,label_oc_5,1.0,1094307,1406,True,810.0,-0.030408306196316785,0.0664436712654769,-11.43126427891539,2.9182857366679752e-30,-0.01773243379848585,-0.037539930659154265,-0.03586951723885371,-0.03221725627925977,-0.028688513265371068,0,5,-29.57901864796161,Q1,29.225975285592057,18.793578948863647,10.432396336728408,-5.774024714407943,False,1.2144471196765163e-29,True,True,True,C_streak,F_relative_position
C_days_since_hi250,label_oc_1,1.0,1094307,1406,True,810.0,0.000144094644934121,0.09006466257508922,0.04074444766351432,0.9674996268853573,-0.031543162201497915,0.015619297203334622,0.008010866038225947,0.00918906539137061,-0.0005531120441679937,3,3,-2.7376796440354996,Q5,-20.794079586630584,-19.072189490266176,-1.7218900963644082,-55.79407958663059,False,0.9783217703628222,False,False,False,,F_relative_position
C_days_since_hi250,label_oc_2,1.0,1094307,1406,True,810.0,-0.005520188718234601,0.09978298523133657,-1.1903078240617317,0.23392542672857516,-0.03829447928675659,0.015002728971345162,0.0013439917537526435,0.0010252737814170848,-0.006674351470177061,3,2,-6.938959105536407,Q1,-7.010530883662055,-9.769279609876953,2.758748726214895,-42.01053088366206,False,0.272511064127103,False,False,False,,F_relative_position
C_days_since_hi250,label_oc_3,1.0,1094307,1406,True,810.0,-0.008784537147621776,0.10517497559773219,-1.5641243127208517,0.11778837732227541,-0.04368335359447877,0.015448615658625089,-0.0026600780938324186,-0.002762900116662226,-0.010259719831320336,1,4,-10.882138449551318,Q1,3.8127406462684044,-0.5082199648265837,4.320960611094989,-31.187259353731594,False,0.14273551353798522,False,True,False,,F_relative_position
C_days_since_hi250,label_oc_5,1.0,1094307,1406,True,810.0,-0.012220823203790534,0.11230829023669955,-1.689860009596795,0.0910547398782918,-0.050752302269954974,0.01899265800415132,-0.008449256180241987,-0.006854977981890431,-0.014033785766948428,1,4,-19.490800855254648,Q1,26.837949814924887,18.793578948863647,8.044370866061241,-8.162050185075113,False,0.11183897398094535,False,True,False,,F_relative_position
C_days_since_lo250,label_oc_1,1.0,1094307,1406,True,810.0,0.010362146733781902,0.07384044505811206,3.326794359831016,0.0008785117858732111,0.034450314826308545,0.006791704761749477,-0.003996368129837738,0.012846391660487034,0.0017493411040446715,4,4,3.577834786974012,Q5,-18.233888782284154,-19.679653951045836,1.4457651687616841,-53.233888782284154,False,0.0012069523623546852,True,True,True,C_days_since_lo250,F_relative_position
C_days_since_lo250,label_oc_2,1.0,1094307,1406,True,810.0,0.014594103977716072,0.0827830746698417,3.597281850732157,0.0003215599863443347,0.03929077778444414,0.007384611872012164,0.0021432290216003725,0.016975319551345326,0.00720288492981147,5,5,7.590326546152839,Q5,-6.269188920977914,-9.43311581587432,3.1639268948964046,-41.26918892097791,False,0.0004542034807113727,True,True,True,C_days_since_lo250,F_relative_position
C_days_since_lo250,label_oc_3,1.0,1094307,1406,True,810.0,0.016722275565037924,0.08736738018863727,3.4509776599692885,0.0005585598018005854,0.04134129498135288,0.006259972365422242,0.005609846678115579,0.019867785346253847,0.01055442808919045,5,5,11.441467965656503,Q5,5.353863513679461,0.6314017101391618,4.722461803540301,-29.64613648632054,False,0.0007720765456081486,True,True,True,C_days_since_lo250,F_relative_position
C_days_since_lo250,label_oc_5,1.0,1094307,1406,True,810.0,0.019697254206157686,0.09406653353632566,3.192912896988743,0.001408454244797544,0.04215919119869219,0.006058136344586548,0.009412979370590633,0.023899289567679317,0.01696639291681745,5,5,18.882090869203132,Q5,28.811189247499154,21.330148485037927,7.481040762461221,-6.188810752500846,False,0.001923327246672175,True,True,True,C_days_since_lo250,F_relative_position
C_mom_12_1,label_oc_1,1.0,1094307,1406,True,810.0,-0.00455444403645495,0.10973047067389959,-1.005043721458209,0.31487579748959593,0.044684197897624435,-0.02041252191360221,-0.019289324158345642,-0.008753327897138919,-0.01895001432331468,1,4,2.3602713716811516,Q1,-22.62157103235321,-19.072189490266176,-3.5493815420870334,-57.62157103235321,False,0.36307107261555455,False,True,False,,G_momentum_seasonal
C_mom_12_1,label_oc_2,1.0,1094307,1406,True,810.0,0.003548626706117272,0.1241961518243283,0.6343325195441191,0.5258638380606828,0.04847455478850966,-0.015113471975500118,-0.008864183230990077,0.004425399762931955,-0.011126939599753433,2,2,8.5763060011676,Q5,-8.046535670659807,-9.769279609876953,1.7227439392171435,-43.04653567065981,False,0.5783222744608969,False,False,False,,G_momentum_seasonal
C_mom_12_1,label_oc_3,1.0,1094307,1406,True,810.0,0.008320075371512508,0.1294861457737786,1.2532293317041594,0.21012225817702893,0.05140094579848504,-0.012024154407441496,-0.002646472869800298,0.012771998147558796,-0.007844414934704908,2,2,15.036144949719247,Q5,4.420072354147144,-0.5082199648265837,4.928292318973733,-30.579927645852855,False,0.24604989817621004,False,False,False,,G_momentum_seasonal
C_mom_12_1,label_oc_5,1.0,1094307,1406,True,810.0,0.013832989302844956,0.13767109707883066,1.6320081540214952,0.10267776846384129,0.056221703735050914,-0.009530675886902828,0.003915748558039827,0.022893626746947452,-0.004271029525641938,3,3,28.72723873606548,Q5,30.284256083875498,18.793578948863647,11.490677135011856,-4.715743916124502,False,0.1254333820152872,False,False,False,,G_momentum_seasonal
C_mom_6_1,label_oc_1,1.0,1094307,1406,True,810.0,-0.0027201921881111423,0.10545355219875209,-0.6872745578883014,0.4919097283634793,0.032203204084234646,-0.02259588012838263,-0.001112421367915465,-0.015003126207010007,-0.007077231842285896,1,4,2.391708504031748,Q1,-22.62935436419116,-19.072189490266176,-3.557164873924983,-57.62935436419116,False,0.5449588167164036,False,True,False,,G_momentum_seasonal
C_mom_6_1,label_oc_2,1.0,1094307,1406,True,810.0,0.0038608121677450448,0.11718980843623435,0.8124608174414979,0.41652726100471543,0.03329586677498252,-0.01545323424972115,0.005330470627543343,-0.0024299763380482855,-0.0014202720819043416,2,2,7.099399147139029,Q5,-8.618705548443458,-9.769279609876953,1.1505740614334932,-43.61870554844346,False,0.4683341342640084,False,False,False,,G_momentum_seasonal
C_mom_6_1,label_oc_3,1.0,1094307,1406,True,810.0,0.007267945829826813,0.12047945232420165,1.3004428922414772,0.19344921722701616,0.033721245638816164,-0.011082944880895855,0.008930929854274426,0.004777145132276165,1.914983170274334e-05,4,4,12.252744106772042,Q5,3.4920538982600333,-0.5082199648265837,4.000273863086618,-31.507946101739968,False,0.22770584944430028,False,True,False,,G_momentum_seasonal
C_mom_6_1,label_oc_5,1.0,1094307,1406,True,810.0,0.010674193053523278,0.12659273878180766,1.500674236725298,0.13343983979914092,0.035203073406002185,-0.0077306515078084765,0.012599267922823015,0.012111188552905001,0.0012217255680203008,4,4,22.750182502172272,Q5,28.79182316418823,18.793578948863647,9.998244215324583,-6.20817683581177,False,0.16041172231173323,False,True,False,,G_momentum_seasonal
C_fip_id,label_oc_1,1.0,1094307,1406,True,810.0,-0.0060537819295176315,0.06880440784448495,-1.877196329430947,0.06049119042964735,0.029627416316639177,-0.02413845751724692,-0.012499610156512473,-0.0046606197363290615,-0.018553156793058672,1,4,1.7542889293557746,Q1,-21.75556396588129,-19.072189490266176,-2.6833744756151128,-56.755563965881294,False,0.07511543426978187,True,True,True,C_fip_id,G_momentum_seasonal
C_fip_id,label_oc_2,1.0,1094307,1406,True,810.0,-0.0031047495526942345,0.0755315146469103,-0.8319684082489227,0.4054267767077958,0.03000663911474568,-0.021887994367703487,-0.007368851294115353,0.0022576182480064017,-0.018476455883157217,2,3,3.89210471869422,Q1,-13.667107254848224,-9.769279609876953,-3.8978276449712728,-48.667107254848226,False,0.45813225767980925,False,False,False,,G_momentum_seasonal
C_fip_id,label_oc_3,1.0,1094307,1406,True,810.0,-0.0019870180164857157,0.078735067721128,-0.4748043230791726,0.6349264513756798,0.029621094059519425,-0.022999982612288424,-0.005073269788569855,0.005696220134014031,-0.017125279060002278,2,3,4.925937162005468,Q1,-5.107420657412763,-0.5082199648265837,-4.599200692586175,-40.10742065741276,False,0.6865711866550412,False,False,False,,G_momentum_seasonal
C_fip_id,label_oc_5,1.0,1094307,1406,True,810.0,-0.00042679313350967485,0.08360541172277323,-0.08454059138481458,0.9326266310791098,0.028418581896416033,-0.022096675690357157,-0.002156583267524803,0.009317271498883086,-0.015562695683080939,2,3,8.40042498302313,Q1,12.449806090064858,18.793578948863647,-6.343772858798784,-22.550193909935142,False,0.953726781103524,False,False,False,,G_momentum_seasonal
C_ret_2_5,label_oc_1,1.0,1094307,1406,True,810.0,-0.02070302491164892,0.09539469495274969,-7.3916942508427645,1.4496957670590282e-13,-0.00770447487439235,-0.03141251646373824,-0.024825774770086996,-0.024816211425054965,-0.014777235244428345,0,5,-11.168363289740785,Q1,-16.89633596201734,-19.072189490266176,2.1758535282488394,-51.89633596201734,False,3.2600123716949286e-13,True,True,True,C_ret_2_5,G_momentum_seasonal
C_ret_2_5,label_oc_2,1.0,1094307,1406,True,810.0,-0.02492408023102089,0.0953884037625579,-6.72225405465209,1.789346069868746e-11,-0.008348172783339863,-0.037733660948440786,-0.032602015553213445,-0.027608354129669478,-0.0183515873946628,0,5,-17.19719319142618,Q1,-5.775962419502426,-9.769279609876953,3.993317190374528,-40.77596241950243,False,3.547300103424005e-11,True,True,True,C_ret_2_5,G_momentum_seasonal
C_ret_2_5,label_oc_3,1.0,1094307,1406,True,810.0,-0.027999841709530647,0.09499394875207781,-6.523491191147493,6.868944821724525e-11,-0.012548247088440902,-0.03732951093314908,-0.038351034127909134,-0.030450392693657645,-0.02134371100238664,0,5,-21.067205278354596,Q1,4.606330640815977,-0.5082199648265837,5.114550605642562,-30.393669359184024,False,1.3155775675506293e-10,True,True,True,C_ret_2_5,G_momentum_seasonal
C_ret_2_5,label_oc_5,1.0,1094307,1406,True,810.0,-0.028926222097303226,0.09574867702629432,-5.87239741490989,4.29537510529911e-09,-0.013155336873057862,-0.03434864141002502,-0.03848294774140092,-0.031834699454761584,-0.026816991167164485,0,5,-25.934820692160237,Q1,26.74271589457655,18.793578948863647,7.949136945712897,-8.257284105423452,False,7.496175859440917e-09,True,True,True,C_ret_2_5,G_momentum_seasonal
C_season_month,label_oc_1,0.9668913750894401,1058076,1406,True,784.0,0.00699431124244769,0.06546234422784501,2.9048979821137326,0.003673728210547735,0.010935847834842072,0.011846551696282731,0.003519490367589323,-0.0008796094156696573,0.009540215571439562,4,4,3.089941966020174,Q5,-18.752729260530163,-19.072189490266176,0.31946022973601534,-53.75272926053016,False,0.004883897503434048,True,True,True,C_season_month,G_momentum_seasonal
C_season_month,label_oc_2,0.9668913750894401,1058076,1406,True,784.0,0.007921653790646422,0.07137474687490991,2.641031385919171,0.008265406197302032,0.010649971661085713,0.013091844646579127,0.003408797039160838,-0.0011173291752874326,0.013554937508675967,4,4,5.29616747681753,Q5,-8.408755581980715,-9.769279609876953,1.3605240278962363,-43.408755581980714,False,0.010766465709453943,True,True,True,C_season_month,G_momentum_seasonal
C_season_month,label_oc_3,0.9668913750894401,1058076,1406,True,784.0,0.008663395048081758,0.07357324865092038,2.4345739102618924,0.014909334629146622,0.009418531667541597,0.013840294584526921,0.00413699200131457,-0.00040640738684500217,0.01630038646846011,4,4,6.9687380805011605,Q5,1.6393712493181292,-0.5082199648265837,2.147591214144716,-33.36062875068187,False,0.019199485049499355,True,True,True,C_season_month,G_momentum_seasonal
C_season_month,label_oc_5,0.9668913750894401,1058076,1406,True,784.0,0.009640494656566974,0.07644220464734071,2.1113725352479644,0.034740303838995214,0.007432648330229186,0.016018230589578207,0.0025654685280240706,0.0008841695274476049,0.02126060360666577,5,5,9.494582262225315,Q5,21.85663062251283,18.793578948863647,3.0630516736491837,-13.143369377487168,False,0.04373988115661793,True,True,True,C_season_month,G_momentum_seasonal
I_cgw_1,label_oc_1,1.0,1094307,1406,True,810.0,-0.02979716944238354,0.06323513696475494,-15.254788881906196,1.5298903771474183e-52,-0.040503880514343005,-0.03136623672936018,-0.02915812608325456,-0.029806107715041007,-0.01819279288365108,0,5,-11.594206846020127,Q1,-17.45324422349197,-19.072189490266176,1.6189452667742052,-52.45324422349197,False,1.5366898899347403e-51,True,True,True,I_cgw_1,H_interactions
I_cgw_1,label_oc_2,1.0,1094307,1406,True,810.0,-0.03253166524803073,0.0612590438191378,-17.83096641589589,4.0633635725777846e-71,-0.03881188004168927,-0.034333166478745035,-0.03278176949643197,-0.031537023193071376,-0.02522050539269052,0,5,-18.90884772887818,Q1,-7.1973431630175755,-9.769279609876953,2.571936446859374,-42.19734316301758,False,7.064001287712148e-70,True,True,True,I_cgw_1,H_interactions
I_cgw_1,label_oc_3,1.0,1094307,1406,True,810.0,-0.03163931461020364,0.05839431509920137,-17.819948493874943,4.948204911745711e-71,-0.036390376227248035,-0.0330521449870526,-0.03457724299682112,-0.02969093830987579,-0.02451123735300004,0,5,-23.602320673574408,Q1,2.250250248662186,-0.5082199648265837,2.75847021348877,-32.749749751337816,False,8.283661555959487e-70,True,True,True,I_cgw_1,H_interactions
I_cgw_1,label_oc_5,1.0,1094307,1406,True,810.0,-0.030178972587443693,0.056948224709138025,-15.959665131392729,2.440372211439516e-57,-0.03712492964355866,-0.030333203123828038,-0.03405195946331788,-0.02594313952463311,-0.023465522463460804,0,5,-31.41478405676525,Q1,24.398571311827798,18.793578948863647,5.604992362964147,-10.601428688172202,False,2.757620598926653e-56,True,True,True,I_cgw_1,H_interactions
I_cgw_5,label_oc_1,0.9999661886472443,1094270,1406,True,810.0,-0.015001086752239273,0.057599139477351465,-6.865475531317625,6.627012375497607e-12,-0.015297531256828851,-0.014443749406235948,-0.015216142797527685,-0.017817515717773128,-0.012240319377757734,0,5,-4.892955427812857,Q1,-21.034419792192086,-19.072189490266176,-1.96223030192591,-56.03441979219208,False,1.3492836007769904e-11,True,True,True,I_cgw_5,H_interactions
I_cgw_5,label_oc_2,0.9999661886472443,1094270,1406,True,810.0,-0.01780946610330423,0.05833646815620101,-6.625797058770675,3.4537940803751036e-11,-0.018309034464274017,-0.0196770015473476,-0.01688227610613544,-0.018494102490336596,-0.01569244977436677,0,5,-9.888089015175392,Q1,-10.08981335135648,-9.769279609876953,-0.32053374147952995,-45.08981335135648,False,6.758073265495874e-11,True,True,True,I_cgw_5,H_interactions
I_cgw_5,label_oc_3,0.9999661886472443,1094270,1406,True,810.0,-0.019337780358802518,0.05752985241040502,-6.551946840463897,5.679176039118642e-11,-0.02088774452137286,-0.022062478664827974,-0.018331344450582533,-0.019474083796849152,-0.015945323161792924,0,5,-12.630463489856156,Q1,0.12376858143696938,-0.5082199648265837,0.631988546263556,-34.87623141856303,False,1.1064601593455286e-10,True,True,True,I_cgw_5,H_interactions
I_cgw_5,label_oc_5,0.9999661886472443,1094270,1406,True,810.0,-0.01877236797953311,0.0574707226650883,-5.6779781268338105,1.3629613782780592e-08,-0.01747464799638767,-0.024867811203416624,-0.01878743479645033,-0.01700934701830763,-0.015733413667133198,0,5,-15.066382860147872,Q1,21.288942079804826,18.793578948863647,2.495363130941183,-13.711057920195174,False,2.3424279200824442e-08,True,True,True,I_cgw_5,H_interactions
I_gap_turn,label_oc_1,1.0,1094307,1406,True,810.0,-0.015760137476538743,0.059160371063911955,-7.943125786772977,1.971488357269535e-15,-0.017437740669656875,-0.02073311306051263,-0.00931498753452245,-0.016819656984600532,-0.014499674765823705,0,5,-5.237527598298454,Q1,-21.786485049552546,-19.072189490266176,-2.7142955592863727,-56.786485049552546,False,4.790928696160375e-15,True,True,True,I_gap_turn,H_interactions
I_gap_turn,label_oc_2,1.0,1094307,1406,True,810.0,-0.01898667203678891,0.05901322962826681,-9.21714521968016,3.051151660288974e-20,-0.019934163860573777,-0.02635606530083471,-0.012080288768118392,-0.01867574371007832,-0.01789099774112108,0,5,-8.802086220179424,Q1,-12.859738588690604,-9.769279609876953,-3.0904589788136527,-47.859738588690604,False,8.728611078801368e-20,True,True,True,I_gap_turn,H_interactions
I_gap_turn,label_oc_3,1.0,1094307,1406,True,810.0,-0.01824338796292204,0.05817497682779792,-8.783051106854366,1.5909883951490232e-18,-0.019269654144347507,-0.026613489731095345,-0.014036024047604793,-0.01758742659249244,-0.013726419918445485,0,5,-10.690993709995892,Q1,-3.505120574063378,-0.5082199648265837,-2.9969006092367922,-38.505120574063376,False,4.280516396472372e-18,True,True,True,I_gap_turn,H_interactions
I_gap_turn,label_oc_5,1.0,1094307,1406,True,810.0,-0.017361911851083153,0.05645286536169648,-8.194172248039221,2.5232351464871934e-16,-0.018674647754377407,-0.02554131970631698,-0.014659438410468517,-0.01520607420769124,-0.012744511207322333,0,5,-12.939483614624258,Q1,16.80433100151839,18.793578948863647,-1.9892479473452565,-18.19566899848161,False,6.232252930121373e-16,True,True,True,I_gap_turn,H_interactions
I_id_turn,label_oc_1,1.0,1094307,1406,True,810.0,-0.023699562817434218,0.058960081403650506,-13.88861084388615,7.426163234584335e-44,-0.029419581535822713,-0.023129492927945024,-0.026811327942524207,-0.025985434073842913,-0.013189380391470275,0,5,-8.244658940458093,Q1,-20.595523077747202,-19.072189490266176,-1.5233335874810272,-55.5955230777472,False,4.795179688617313e-43,True,True,True,I_cgw_1,H_interactions
I_id_turn,label_oc_2,1.0,1094307,1406,True,810.0,-0.025805485980069362,0.05779348304127899,-15.569194790848112,1.1788182729759507e-54,-0.028827538959426642,-0.02477230134897187,-0.028741517842602104,-0.02744753493113503,-0.019261823871976617,0,5,-14.783811343093893,Q1,-9.820584669255636,-9.769279609876953,-0.051305059378684105,-44.82058466925564,False,1.268632998536023e-53,True,True,True,I_cgw_1,H_interactions
I_id_turn,label_oc_3,1.0,1094307,1406,True,810.0,-0.024553964598050756,0.05572247067775578,-14.672058279011448,9.734669142647596e-49,-0.02539863459804083,-0.023743750670441897,-0.028960384294482357,-0.025009265453168474,-0.019675150302573895,0,5,-17.75968527940637,Q1,-0.5157886270039314,-0.5082199648265837,-0.007568662177345778,-35.51578862700393,False,8.148278615697618e-48,True,True,True,I_cgw_1,H_interactions
I_id_turn,label_oc_5,1.0,1094307,1406,True,810.0,-0.022951574324179554,0.054904050099740136,-12.733269999085636,3.86314288869773e-37,-0.026625065267697225,-0.021559045593031866,-0.02799023544164078,-0.020778912260879946,-0.017822864693344875,0,5,-23.72382766746279,Q1,21.8974764912403,18.793578948863647,3.103897542376659,-13.102523508759699,False,1.9188358084520594e-36,True,True,True,I_cgw_1,H_interactions
I_rev_spread,label_oc_1,0.9999278081927649,1094228,1406,True,810.0,-0.03221342955124183,0.07307777559148033,-13.9877584686734,1.8515616890783958e-44,-0.01981781997141464,-0.03576497270892524,-0.03811723050657772,-0.03219863721291045,-0.03515800842799408,0,5,-15.465133790445762,Q1,-13.952795956181905,-19.072189490266176,5.119393534084271,-48.9527959561819,False,1.2680392173688407e-43,True,True,True,PR_C_resid_5d_z,H_interactions
I_rev_spread,label_oc_2,0.9999278081927649,1094228,1406,True,810.0,-0.04186912420237593,0.07430650122713905,-14.370973998895684,7.871636087764132e-47,-0.028538381785168543,-0.049794007513231375,-0.049604702809233306,-0.0402178613200116,-0.04119307345876725,0,5,-26.603584882931198,Q1,1.422887632417346,-9.769279609876953,11.192167242294298,-33.57711236758266,False,6.030473748592183e-46,True,True,True,I_rev_spread,H_interactions
I_rev_spread,label_oc_3,0.9999278081927649,1094228,1406,True,810.0,-0.0437219944917832,0.07391719396069138,-13.075759216112766,4.5301815689625735e-39,-0.03177390869132963,-0.05376595651368143,-0.05370969101018055,-0.04050109883924693,-0.038876560940248064,0,5,-33.28695001589461,Q1,15.06333047427795,-0.5082199648265837,15.571550439104534,-19.93666952572205,False,2.497124474598882e-38,True,True,True,I_rev_spread,H_interactions
I_rev_spread,label_oc_5,0.9999278081927649,1094228,1406,True,810.0,-0.0421901945968161,0.07422012078315038,-11.393919182665885,4.4835922096280305e-30,-0.033388808202283224,-0.053283567100805874,-0.05259954049505753,-0.03771761522245169,-0.03399062193735926,0,5,-41.62307533462252,Q1,40.73436739174874,18.793578948863647,21.9407884428851,5.734367391748741,False,1.8257510619386215e-29,True,True,True,I_rev_spread,H_interactions
I_max_spread,label_oc_1,1.0,1094307,1406,True,810.0,-0.05865543105001131,0.11731142086859907,-19.290782215482245,6.419468734346418e-83,-0.04794946826454123,-0.06525478271044023,-0.057674672289746126,-0.06597125359139219,-0.056434880708320014,0,5,-10.250597685613442,Q1,-15.072663500000209,-19.072189490266176,3.9995259902659646,-50.07266350000021,False,1.813499917452863e-81,True,True,True,I_max_spread,H_interactions
I_max_spread,label_oc_2,1.0,1094307,1406,True,810.0,-0.04678652662492206,0.12339707990148198,-12.167333863778158,4.639914850214715e-34,-0.04292428916224953,-0.050311027348020364,-0.045633255735703114,-0.044664643195432126,-0.050386606012785745,0,5,-5.480378891741703,Q1,-9.356535278116281,-9.769279609876953,0.41274433176067044,-44.35653527811628,False,2.1621046518526303e-33,True,True,True,I_max_spread,H_interactions
I_max_spread,label_oc_3,1.0,1094307,1406,True,810.0,-0.040824382353402605,0.12491757767997919,-8.635398811067278,5.8522505692332514e-18,-0.040716871344867844,-0.04268450770809434,-0.03786205738044945,-0.035792262487104806,-0.047044078695811835,0,5,-0.6773544859209611,Q1,-3.8272185127868554,-0.5082199648265837,-3.318998547960268,-38.82721851278686,False,1.5560101513490763e-17,True,True,True,I_max_spread,H_interactions
I_max_spread,label_oc_5,1.0,1094307,1406,True,810.0,-0.03420480706867085,0.12775196730120433,-5.548847593437614,2.8755870846284214e-08,-0.039640060037951445,-0.03411239791289138,-0.027358386996935574,-0.02481542147667227,-0.045059141394611965,0,5,9.931834408493632,Q1,7.918912038928518,18.793578948863647,-10.874666909935126,-27.081087961071482,False,4.9233536448941154e-08,True,True,True,I_max_spread,H_interactions
I_beta_mkt,label_oc_1,0.9999698439286233,1094274,1406,True,810.0,-0.0009491616334117495,0.17040754277332337,-0.2020761941453552,0.8398571582620299,0.014149185840414602,-0.018248052936619064,0.019886099001281556,-0.019548363110122594,-0.0009845510211316888,2,3,7.0687013645798995,Q1,-22.45884561686434,-19.072189490266176,-3.3866561265981607,-57.45884561686434,False,0.8787743509368092,False,False,False,,H_interactions
I_beta_mkt,label_oc_2,0.9999698439286233,1094274,1406,True,810.0,-0.00020478819218602837,0.1797250384098925,-0.04195823034098992,0.9665319961319255,0.006111927821379293,-0.01187406282904271,0.013942773147751402,-0.010129987093272225,0.0009214002043660045,3,2,9.054885047976795,Q1,-14.7240318801028,-9.769279609876953,-4.95475227022585,-49.7240318801028,False,0.9783217703628222,False,False,False,,H_interactions
I_beta_mkt,label_oc_3,0.9999698439286233,1094274,1406,True,810.0,-0.00014999811348345664,0.1817581377319897,-0.03229189614916962,0.9742392717722954,0.008978648907482798,-0.01584336338026874,0.013878418839672451,-0.004438707796291711,-0.003313728311683969,2,3,10.573633332719504,Q1,-7.075252677700982,-0.5082199648265837,-6.567032712874394,-42.07525267770098,False,0.9803886402737526,False,False,False,,H_interactions
I_beta_mkt,label_oc_5,0.9999698439286233,1094274,1406,True,810.0,0.000993420760797138,0.18575062238623757,0.18734326143638422,0.8513915056740362,0.010786387520088796,-0.011968167586504423,0.009805746583507795,-0.0020802150328829584,-0.0015675339623475583,2,2,17.48660237988763,Q5,24.32148701408835,18.793578948863647,5.527908065224705,-10.678512985911649,False,0.8867026741121299,False,False,False,,H_interactions
I_beta_vix,label_oc_1,0.9999698439286233,1094274,1396,True,810.0,-0.0043768912203567475,0.16998481097335,-1.0594260933867048,0.28940577139905294,-0.007664522094072236,0.0025041730805786993,-0.009461991049515325,0.01111370861715824,-0.018173290754479564,2,3,-3.8623540199909723,Q1,-16.951608903407095,-19.009587508944243,2.0579786055371483,-51.95160890340709,False,0.33541386839069726,False,False,False,,H_interactions
I_beta_vix,label_oc_2,0.9999698439286233,1094274,1396,True,810.0,-0.000950627926726347,0.17973533886930879,-0.2273600108776269,0.8201438127452956,-0.010043821706540758,0.009466257418088736,0.00014706717287074137,0.0029682656550794957,-0.007155226929921166,3,2,-3.587194345159137,Q1,-8.403666979955165,-9.729615713117242,1.3259487331620812,-43.40366697995516,False,0.8621046589787759,False,False,False,,H_interactions
I_beta_vix,label_oc_3,0.9999698439286233,1094274,1396,True,810.0,0.0006627342957221022,0.1818826684802207,0.14502434488640428,0.8846916505446133,-0.007527023938723877,0.012676098561652352,-0.008851949484274516,-0.00031101144758192766,0.0074832980914355494,2,2,-3.205737191328708,Q5,-2.8068992163503186,0.1767411704926408,-2.9836403868429606,-37.80689921635032,False,0.9108898087611964,False,False,False,,H_interactions
I_beta_vix,label_oc_5,0.9999698439286233,1094274,1396,True,810.0,-0.0008668922000879297,0.18574321490698836,-0.18403096263181704,0.8539891650652244,-0.002064198678299694,0.006824746547807653,-0.016951290074205337,-0.0053622976087224885,0.013326323467624992,2,3,-6.253428703351829,Q1,19.67214225633269,19.825019388208478,-0.15287713187578608,-15.327857743667309,False,0.8873634542746699,False,False,False,,H_interactions
I_lowvol_dd,label_oc_1,0.9999314634741439,1094232,1234,True,803.0,-0.06065906969125601,0.1283616504536108,-18.735581362455907,2.5385375043029243e-78,-0.0655970889484086,-0.056546663489390366,-0.06001296207896901,-0.06683304909943959,-0.05273340236641042,0,5,-11.532253457540333,Q1,-12.814876404778504,-17.015691989030888,4.200815584252382,-47.8148764047785,False,6.039047115499588e-77,True,True,True,C_idio_vol_60,H_interactions
I_lowvol_dd,label_oc_2,0.9999314634741439,1094232,1234,True,803.0,-0.05030670925656499,0.1376076554193049,-11.346207840852319,7.744936180853285e-30,-0.061413335234698226,-0.04464708076254058,-0.05143752804013147,-0.04831584793606995,-0.04320424278271042,0,5,-8.977260922207146,Q1,-5.644299763770538,-6.753945750579394,1.1096459868088562,-40.64429976377054,False,3.0979744723413135e-29,True,True,True,C_idio_vol_60,H_interactions
I_lowvol_dd,label_oc_3,0.9999314634741439,1094232,1234,True,803.0,-0.04568860705996485,0.1368638986338917,-8.3416286338898,7.327426109606759e-17,-0.060059353401191326,-0.03685928286656851,-0.04721012680912815,-0.03997875372497919,-0.041170575264714,0,5,-5.7714513197625665,Q1,1.3465216182894402,3.692306272942876,-2.345784654653437,-33.653478381710556,False,1.8711845206453417e-16,True,True,True,PR_C_idio_vol_60,H_interactions
I_lowvol_dd,label_oc_5,0.9999314634741439,1094232,1234,True,803.0,-0.043139781357836665,0.13882382657848508,-6.083070849426573,1.1790221532726797e-09,-0.05715989828833339,-0.03543615212130744,-0.04199419698786246,-0.03326199734582726,-0.04562152745058072,0,5,-1.3679563901581366,Q1,14.156638367394754,22.17502837524108,-8.018390007846326,-20.843361632605244,False,2.123179335773909e-09,True,True,True,C_idio_vol_60,H_interactions
I_hi52_turn,label_oc_1,1.0,1094307,1406,True,810.0,0.02693508429793334,0.07242519458388665,9.714799560438964,2.6076156161537335e-22,0.023629911666715485,0.040396910400474724,0.027096541377171927,0.02328426081040684,0.02029144009682337,5,5,7.314280311956595,Q5,-18.335914108978674,-19.072189490266176,0.7362753812875029,-53.33591410897867,False,7.805577870870778e-22,True,True,True,C_turn_shock_5,H_interactions
I_hi52_turn,label_oc_2,1.0,1094307,1406,True,810.0,0.02464395164166027,0.07478032073197402,7.507263041827528,6.037633476370192e-14,0.020850192019782245,0.03776082199641716,0.02874999965005268,0.021262950025313164,0.014631426279590465,5,5,8.761911423778924,Q5,-10.695124366575303,-9.769279609876953,-0.9258447566983508,-45.6951243665753,False,1.3713619755373502e-13,True,True,True,C_turn_shock_5,H_interactions
I_hi52_turn,label_oc_3,1.0,1094307,1406,True,810.0,0.023098414119557837,0.07503022834480776,6.304595100583793,2.8894826298801897e-10,0.019711928626516932,0.0356515840539784,0.028137848577854556,0.020810970259336554,0.011222003885207213,5,5,9.014522834378134,Q5,-3.842643991351589,-0.5082199648265837,-3.3344240265250034,-38.842643991351586,False,5.396884912007627e-10,True,True,True,I_hi52_turn,H_interactions
I_hi52_turn,label_oc_5,1.0,1094307,1406,True,810.0,0.017669927682735134,0.0775604951829754,4.2512757617924555,2.1255625838101834e-05,0.015654009118946897,0.03039812111814785,0.021942276432135387,0.014936705131701474,0.005461971297389421,5,5,5.280024510869833,Q5,9.5576700843,18.793578948863647,-9.235908864563646,-25.4423299157,False,3.1918747105721027e-05,True,True,True,I_hi52_turn,H_interactions
I_tug_turn,label_oc_1,1.0,1094307,1406,True,810.0,-0.004605061163180832,0.07256704155594976,-2.2458163779951112,0.024715771813910565,-0.0161068812551189,0.0060036897943188386,-0.004476013989667007,-0.0008918517501797545,-0.007543790503725146,1,4,-7.067725963492966,Q1,-14.943453485896574,-19.072189490266176,4.128736004369606,-49.943453485896576,False,0.03129279792685595,True,True,True,I_tug_turn,H_interactions
I_tug_turn,label_oc_2,1.0,1094307,1406,True,810.0,0.0014976390798063378,0.07441650145297769,0.6016526638146864,0.5474053654153306,-0.008507382591830136,0.008661650871101304,0.0016070362555890235,0.006929097704841387,-0.0011926329189660722,3,3,-5.201465004032219,Q5,-12.715541644420316,-9.769279609876953,-2.9462620345433645,-47.71554164442031,False,0.5976503023375107,False,False,False,,H_interactions
I_tug_turn,label_oc_3,1.0,1094307,1406,True,810.0,0.002030083521425357,0.07428063371851876,0.6794863024133652,0.4968297837347674,-0.008006637792433895,0.005484188678301764,0.0033399051295590907,0.010510189213000261,-0.0011658541775319013,3,3,-5.534026174562426,Q5,-4.558320631133223,-0.5082199648265837,-4.05010066630664,-39.55832063113322,False,0.5490637218780314,False,False,False,,H_interactions
I_tug_turn,label_oc_5,1.0,1094307,1406,True,810.0,0.0007256408924892322,0.07415492307669906,0.19315625227073513,0.8468365991114846,-0.005080698725038248,-0.0008097067548931247,-8.118814830293332e-05,0.012706547484450149,-0.003093159357293584,1,1,-8.835270138960944,Q5,11.937666835287699,18.793578948863647,-6.855912113575947,-23.0623331647123,False,0.8839957108507875,False,False,False,,H_interactions
I_lockdn_turn,label_oc_1,1.0,1094307,1178,True,813.0,-0.006872200999079876,0.045332980246747534,-5.51652510227309,3.457681212740679e-08,-0.008168120710737423,-0.010519337633103441,-0.0031786730006089533,-0.005560131697574912,-0.006916381089978153,0,5,-36.9280572109718,Q1,91.9095835791251,-22.19957748256383,114.10916106168894,56.9095835791251,False,5.853452839546019e-08,True,True,True,I_lockdn_turn,H_interactions
I_lockdn_turn,label_oc_2,1.0,1094307,1178,True,813.0,0.000577229295344169,0.05086717664013935,0.3548524304393666,0.7227001472126868,0.003442618821804546,-0.0061570926554877755,-0.002010213728929886,0.0013685538334267788,0.006027619710028572,3,3,-17.295078202942555,Q5,15.858343726532608,-20.66464378134517,36.52298750787779,-19.14165627346739,False,0.7693357388262778,False,False,False,,H_interactions
I_lockdn_turn,label_oc_3,1.0,1094307,1178,True,813.0,0.0024172555587793224,0.04981232963380392,1.450642006730466,0.14687957181227793,0.005208390338564782,-0.0029684249587948286,-0.0003162260771276963,0.0017035486292696468,0.008162292402967864,3,3,22.337182491660407,Q5,18.43123039792337,-12.368366912717127,30.79959731064049,-16.56876960207663,False,0.1760996457802377,False,False,False,,H_interactions
I_lockdn_turn,label_oc_5,1.0,1094307,1178,True,813.0,0.003958215453477836,0.04872490283182085,2.0933463187850427,0.03631825068548475,0.003868833460316378,0.0009411713450833797,0.0015902225077484105,0.0032923922412027226,0.009663497812355126,5,5,66.78562209537036,Q5,25.301959589455034,4.139945072801243,21.16201451665379,-9.698040410544966,False,0.04559958141621974,True,True,True,I_lockdn_turn,H_interactions
I_mdi_vol,label_oc_1,0.9999314634741439,1094232,1406,True,810.0,0.0560552767981832,0.09133283307698674,20.45980858016125,4.913082427554722e-93,0.03942341128651007,0.06049277682574539,0.05351207659381174,0.06581234767228834,0.06101811028343141,5,5,22.408018279159275,Q5,-12.703994594032475,-19.072189490266176,6.368194896233704,-47.70399459403247,False,2.0188302338679404e-91,True,True,True,I_mdi_vol,H_interactions
I_mdi_vol,label_oc_2,0.9999314634741439,1094232,1406,True,810.0,0.06047050819878142,0.09097447348317947,19.942839677974312,1.729618242953499e-88,0.043804225474340486,0.07261646487251296,0.05875165920656643,0.06782279624669682,0.05936134240302794,5,5,34.66914706976768,Q5,0.447211227566187,-9.769279609876953,10.216490837443141,-34.552788772433814,False,5.5841960415355825e-87,True,True,True,I_mdi_vol,H_interactions
I_mdi_vol,label_oc_3,0.9999314634741439,1094232,1406,True,810.0,0.05480002321691477,0.09036857540286984,18.712969682481233,3.8813237803314806e-78,0.03800546458180053,0.07110138134280027,0.052675199074234166,0.05905824760154556,0.05316563979530222,5,5,37.46048736929987,Q5,9.884832785709584,-0.5082199648265837,10.39305275053617,-25.115167214290416,False,8.771791743549146e-77,True,True,True,I_mdi_vol,H_interactions
I_mdi_vol,label_oc_5,0.9999314634741439,1094232,1406,True,810.0,0.046519399301912095,0.0919481169567883,15.530708785246377,2.1499034569981274e-54,0.03436139586836056,0.058439809614416596,0.04631500907445326,0.047211325343158694,0.04627034293077686,5,5,38.63572881794831,Q5,28.28354925797133,18.793578948863647,9.489970309107678,-6.71645074202867,False,2.259898517588729e-53,True,True,True,I_mdi_vol,H_interactions
I_wq44_turn,label_oc_1,0.9998848586365617,1094181,1406,True,810.0,0.034527869585989905,0.06822044491894631,12.997291336040421,1.2675370543268279e-38,0.03481084970329141,0.04341599552446763,0.031237406178601473,0.03474240128955029,0.028454309327485345,5,5,10.049980008297933,Q5,-17.701638088653993,-19.072189490266176,1.3705514016121818,-52.70163808865399,False,6.66193893669449e-38,True,True,True,I_wq44_turn,H_interactions
I_wq44_turn,label_oc_2,0.9998848586365617,1094181,1406,True,810.0,0.03284911604197796,0.06659118965281387,10.838424214160302,2.2633592358936744e-27,0.033890314981520266,0.04377623473771611,0.032028292173252274,0.028904028432707517,0.0256722503320599,5,5,13.700950375622792,Q5,-7.921681738041935,-9.769279609876953,1.847597871835019,-42.92168173804193,False,8.38556044773722e-27,True,True,True,I_wq44_turn,H_interactions
I_wq44_turn,label_oc_3,0.9998848586365617,1094181,1406,True,810.0,0.031164623518758882,0.06557528478284923,9.53271844662158,1.5321749493094684e-21,0.03261965589559213,0.044102931366902534,0.030423149801745205,0.025269548359518303,0.0234353385223367,5,5,15.41704346181785,Q5,1.1525479004943893,-0.5082199648265837,1.6607678653209754,-33.84745209950561,False,4.497032968103115e-21,True,True,True,I_wq44_turn,H_interactions
I_wq44_turn,label_oc_5,0.9998848586365617,1094181,1406,True,810.0,0.027770917313043583,0.06581176778404414,7.75971205651277,8.512242534747799e-15,0.027974717338885128,0.04267633821456177,0.027118497186766583,0.021182781968541564,0.019930154925457837,5,5,12.853164257227755,Q5,18.652633963781554,18.793578948863647,-0.1409449850820885,-16.347366036218446,False,1.9832647555185597e-14,True,True,True,I_wq44_turn,H_interactions
I_rev_disp,label_oc_1,1.0,1094307,1406,True,810.0,-0.0332330531975108,0.10042287437648241,-11.00577778992712,3.5840968968238025e-28,-0.00900802123519789,-0.032843040726593636,-0.03360604309993883,-0.04490958607838204,-0.04575401626003047,0,5,-14.531889260729134,Q1,-17.047979351195746,-19.072189490266176,2.0242101390704295,-52.04797935119575,False,1.361354451566688e-27,True,True,True,C_ret_to_band,H_interactions
I_rev_disp,label_oc_2,1.0,1094307,1406,True,810.0,-0.04387972607691496,0.09745692627208148,-14.692337378920614,7.218038346827954e-49,-0.023231701956544098,-0.04910626624467965,-0.044006858664445495,-0.05582096335899649,-0.047220949684437456,0,5,-27.263990237856387,Q1,-4.34713641332381,-9.769279609876953,5.42214319655314,-39.34713641332381,False,6.155761005219312e-48,True,True,True,C_resid_1d,H_interactions
I_rev_disp,label_oc_3,1.0,1094307,1406,True,810.0,-0.04146883974705518,0.09323006028650326,-14.03708156842629,9.244174383051087e-45,-0.019811549528017735,-0.052546372044253956,-0.04275862545802323,-0.050780268900722625,-0.04144745889270799,0,5,-31.758266174016185,Q1,5.495345509373469,-0.5082199648265837,6.003565474200055,-29.504654490626532,False,6.428256647906295e-44,True,True,True,C_ret_to_band,H_interactions
I_rev_disp,label_oc_5,1.0,1094307,1406,True,810.0,-0.034515482045933965,0.09052905926281986,-11.352453952592791,7.211002073925692e-30,-0.01787295035659338,-0.04270411999610673,-0.03728417505001716,-0.04162522636784852,-0.033095990032107,0,5,-34.11577393186513,Q1,24.39396597372241,18.793578948863647,5.600387024858771,-10.606034026277591,False,2.9101544084057257e-29,True,True,True,C_resid_1d,H_interactions
I_on_turn20,label_oc_1,1.0,1094307,1406,True,810.0,-0.03440378851761904,0.08131466064469917,-9.442281828732204,3.6474818601212086e-21,-0.02834659303187954,-0.053708349970764735,-0.02861182072870462,-0.03807241983715292,-0.023319205932706977,0,5,-9.036755907689033,Q1,-19.833596998494837,-19.072189490266176,-0.7614075082286553,-54.83359699849484,False,1.0636527746934106e-20,True,True,True,I_on_turn20,H_interactions
I_on_turn20,label_oc_2,1.0,1094307,1406,True,810.0,-0.02977684933297253,0.0808497607577205,-7.646345710120524,2.0677129556898097e-14,-0.02269838917595102,-0.05306292412682645,-0.02535633911348265,-0.030470466127188178,-0.01734038599805107,0,5,-8.096138701731306,Q1,-11.402060863993231,-9.769279609876953,-1.6327812541162798,-46.40206086399323,False,4.7202336160191617e-14,True,True,True,I_on_turn20,H_interactions
I_on_turn20,label_oc_3,1.0,1094307,1406,True,810.0,-0.02631606464660774,0.07920637656265754,-6.273690544041882,3.5258895656028475e-10,-0.019382150369887993,-0.05230405268397576,-0.02156208589642651,-0.02603666167168438,-0.012345091377147514,0,5,-4.524705856151559,Q1,-3.96025697907271,-0.5082199648265837,-3.4520370142461236,-38.96025697907271,False,6.504906463887701e-10,True,True,True,I_on_turn20,H_interactions
I_on_turn20,label_oc_5,1.0,1094307,1406,True,810.0,-0.018893124263709978,0.08093908359344167,-3.929334279988532,8.518135699542986e-05,-0.01032297430438204,-0.04912308860382259,-0.013136653368122376,-0.01727925592620101,-0.004654321013708728,0,5,5.783810245499775,Q1,9.808386959009514,18.793578948863647,-8.985191989854133,-25.191613040990486,False,0.00012460185554024044,True,True,True,I_on_turn20,H_interactions
PR_C_idio_vol_60,label_oc_1,0.9999314634741439,1094232,1406,True,810.0,-0.06710557684068877,0.12700339511811903,-21.841258632802017,9.41263569416892e-106,-0.06502906075651571,-0.07376725470255063,-0.06214391681542965,-0.07125921949010436,-0.06334182656792807,0,5,-14.863762765459526,Q1,-13.237821039800929,-19.072189490266176,5.834368450465247,-48.23782103980093,False,5.3181391672054405e-104,True,True,True,C_idio_vol_60,J_date_ranks
PR_C_idio_vol_60,label_oc_2,0.9999314634741439,1094232,1406,True,810.0,-0.05779188189457851,0.13595358958230055,-13.870926531219652,9.504113614757634e-44,-0.061430395203075285,-0.06204548029134462,-0.05417123850630972,-0.051708934707525835,-0.05959693708070071,0,5,-14.304283104047762,Q1,-5.987698494052285,-9.769279609876953,3.7815811158246655,-40.98769849405228,False,5.966471324820071e-43,True,True,True,C_idio_vol_60,J_date_ranks
PR_C_idio_vol_60,label_oc_3,0.9999314634741439,1094232,1406,True,810.0,-0.0534703766473607,0.1362367250261752,-10.31483737120522,6.038345041003761e-25,-0.06024660775505554,-0.05560613199211825,-0.05000348567632057,-0.04342982475728974,-0.0580495371113079,0,5,-12.636948452404242,Q1,0.7053701845009446,-0.5082199648265837,1.2135901493275316,-34.29462981549906,False,1.9356964244919856e-24,True,True,True,PR_C_idio_vol_60,J_date_ranks
PR_C_idio_vol_60,label_oc_5,0.9999314634741439,1094232,1406,True,810.0,-0.049070517390752064,0.13763166250819947,-7.124112624573624,1.0475336356168831e-12,-0.0579472248196442,-0.050190604473270284,-0.0452997440608319,-0.03311904020969459,-0.058761485957696744,0,5,-7.263312740393295,Q1,13.998414945980564,18.793578948863647,-4.795164002883081,-21.001585054019436,False,2.244005702838062e-12,True,True,True,C_idio_vol_60,J_date_ranks
PR_C_beta_60,label_oc_1,0.9999698439286233,1094274,1406,True,810.0,-0.044104982521591306,0.1645995122713504,-10.687920312840497,1.15941578987751e-26,-0.048792624680647205,-0.04056874077070373,-0.0390982691635015,-0.038985442546315356,-0.053048009727195845,0,5,-8.237786438318768,Q1,-14.805601715415001,-19.072189490266176,4.266587774851173,-49.805601715415,False,4.094187008004957e-26,True,True,True,C_beta_id_60,J_date_ranks
PR_C_beta_60,label_oc_2,0.9999698439286233,1094274,1406,True,810.0,-0.03708680377679032,0.17585426392905196,-6.235842870024066,4.493519729021995e-10,-0.05162704308110808,-0.0291922891990442,-0.031597684661315344,-0.021016605043552787,-0.0519475118169378,0,5,-6.1228178748842375,Q1,-7.135180418672284,-9.769279609876953,2.6340991912046663,-42.135180418672284,False,8.222959180234582e-10,True,True,True,C_beta_id_60,J_date_ranks
PR_C_beta_60,label_oc_3,0.9999698439286233,1094274,1406,True,810.0,-0.03516709382427089,0.1783211645883189,-4.718727346803417,2.37324644149319e-06,-0.05697933066375082,-0.02509039602585654,-0.027283583148396164,-0.01325310560562546,-0.05316500417469902,0,5,-5.06505376272194,Q1,0.7440908700197425,-0.5082199648265837,1.252310834846327,-34.25590912998026,False,3.698991005361799e-06,True,True,True,C_beta_id_60,J_date_ranks
PR_C_beta_60,label_oc_5,0.9999698439286233,1094274,1406,True,810.0,-0.035111662707125214,0.18240222970795233,-3.557314683524746,0.0003746652350617944,-0.06452260129487776,-0.022905579842638964,-0.02568929679181449,-0.0036611678468989944,-0.0586957386634658,0,5,-4.19488512801545,Q1,17.675628388152262,18.793578948863647,-1.1179505607113858,-17.324371611847738,False,0.0005242993382288888,True,True,True,C_beta_id_60,J_date_ranks
PR_C_cs_spread_20,label_oc_1,1.0,1094307,1406,True,810.0,-0.047418961559987934,0.10088249006364391,-16.606886367804773,6.213571657638456e-62,-0.03594778079753599,-0.05140310029301447,-0.046876152472161536,-0.05640983129687852,-0.04646135080779468,0,5,-7.5128746349957085,Q1,-15.96474372673202,-19.072189490266176,3.1074457635341584,-50.964743726732024,False,8.260395262507593e-61,True,True,True,I_max_spread,J_date_ranks
PR_C_cs_spread_20,label_oc_2,1.0,1094307,1406,True,810.0,-0.03602124046304372,0.108762000682631,-9.798437412920816,1.1434070873123699e-22,-0.031900324566309465,-0.036176114428100516,-0.03466070232310319,-0.03681017272141227,-0.04054279732660077,0,5,-0.8778853891020575,Q1,-10.5358792835716,-9.769279609876953,-0.7665996736946491,-45.5358792835716,False,3.492027050440481e-22,True,True,True,I_max_spread,J_date_ranks
PR_C_cs_spread_20,label_oc_3,1.0,1094307,1406,True,810.0,-0.029973235076035783,0.11240343188594061,-6.545617383906239,5.925009764050276e-11,-0.029673147901432752,-0.028057436736193063,-0.02726346080046861,-0.027134245000745277,-0.037710350721958705,0,5,6.308165401510959,Q1,-5.449395997027543,-0.5082199648265837,-4.941176032200958,-40.449395997027544,False,1.1444890655344979e-10,True,True,True,I_max_spread,J_date_ranks
PR_C_cs_spread_20,label_oc_5,1.0,1094307,1406,True,810.0,-0.023123060321093916,0.11696970943489167,-3.8651531441436364,0.00011101951811839793,-0.027830030724989928,-0.01715287972672816,-0.017737399240292436,-0.017051932853226103,-0.03579795268172539,0,5,20.480243635842278,Q1,6.301382339817105,18.793578948863647,-12.492196609046541,-28.698617660182894,False,0.00015981153563540085,True,True,True,I_max_spread,J_date_ranks
PR_C_max1_21,label_oc_1,1.0,1094307,1406,True,810.0,-0.055459926483159866,0.1127657281039342,-20.81304685804418,3.2970972307620235e-96,-0.05051753196435779,-0.06412748518843406,-0.05328054249215999,-0.05846333306912073,-0.05092687156974604,0,5,-11.487880035605524,Q1,-13.921190276582378,-19.072189490266176,5.150999213683799,-48.92119027658238,False,1.4902879483044346e-94,True,True,True,C_max1_resid_21,J_date_ranks
PR_C_max1_21,label_oc_2,1.0,1094307,1406,True,810.0,-0.047375173981302705,0.11522660933829279,-14.527765507180822,8.081381930276714e-48,-0.04615287524421614,-0.054327728782984495,-0.047044033818054005,-0.041850275957499954,-0.04750051006786371,0,5,-10.629923147853079,Q1,-5.3612092401658,-9.769279609876953,4.408070369711151,-40.3612092401658,False,6.408394092079079e-47,True,True,True,C_max1_resid_21,J_date_ranks
PR_C_max1_21,label_oc_3,1.0,1094307,1406,True,810.0,-0.04375828472799177,0.11347356964392354,-11.206695560913051,3.7804476104972095e-29,-0.045983614981073,-0.04935583335792064,-0.041979290955474,-0.03596020905251706,-0.045506254759055814,0,5,-9.308071558747997,Q1,2.4726095492144418,-0.5082199648265837,2.980829514041026,-32.52739045078556,False,1.4730709654696024e-28,True,True,True,C_max1_resid_21,J_date_ranks
PR_C_max1_21,label_oc_5,1.0,1094307,1406,True,810.0,-0.0395808573561298,0.11300560998330189,-7.787792332145916,6.819013635314066e-15,-0.046236924658406474,-0.046235259950444536,-0.034239677116445086,-0.027007900315303736,-0.04416819967840409,0,5,-4.11098875091496,Q1,17.43463897218859,18.793578948863647,-1.3589399766750543,-17.56536102781141,False,1.613714221550763e-14,True,True,True,C_max1_resid_21,J_date_ranks
PR_C_resid_5d_z,label_oc_1,0.9999278081927649,1094228,1406,True,810.0,-0.0348781155724292,0.07760956012929926,-14.352923140252724,1.0213969939827433e-46,-0.0219709150090926,-0.03882702860054917,-0.040151620197987806,-0.03619518259313186,-0.03723743530574999,0,5,-15.724950729138603,Q1,-12.293456605182728,-19.072189490266176,6.778732885083446,-47.293456605182726,False,7.568384283281968e-46,True,True,True,PR_C_resid_5d_z,J_date_ranks
PR_C_resid_5d_z,label_oc_2,0.9999278081927649,1094228,1406,True,810.0,-0.04390507348287304,0.07846335552744617,-14.250589535553576,4.445127729921303e-46,-0.03000358019585209,-0.050957023470370164,-0.05126634017861271,-0.044055706197440064,-0.043245066152624904,0,5,-27.337685114506428,Q1,1.5772042477888704,-9.769279609876953,11.346483857665822,-33.42279575221113,False,3.1393714592569204e-45,True,True,True,I_rev_spread,J_date_ranks
PR_C_resid_5d_z,label_oc_3,0.9999278081927649,1094228,1406,True,810.0,-0.045166096774264454,0.07804970486697037,-12.664245390321177,9.331334072552213e-37,-0.032677497050615074,-0.05288828054956932,-0.055423217236067225,-0.044239030742167874,-0.04061864140808491,0,5,-33.28556937869132,Q1,13.135922090057546,-0.5082199648265837,13.644142054884133,-21.864077909942452,False,4.535229033111398e-36,True,True,True,I_rev_spread,J_date_ranks
PR_C_resid_5d_z,label_oc_5,0.9999278081927649,1094228,1406,True,810.0,-0.042799194178795796,0.07967153871886468,-10.654584071436263,1.659849637965043e-26,-0.03397647996767889,-0.04985528303034788,-0.05448144681340377,-0.0409943977575079,-0.03471712513657871,0,5,-40.133813034603996,Q1,35.16371434386878,18.793578948863647,16.370135395005132,0.16371434386878292,False,5.771169510463073e-26,True,True,True,I_rev_spread,J_date_ranks
PR_C_tug_20,label_oc_1,1.0,1094307,1406,True,810.0,-0.03200976434832168,0.0875074546312546,-12.749458283158104,3.1391903330938487e-37,-0.03859424320252754,-0.03022063986973684,-0.0300944610963075,-0.03061415209377736,-0.030530589446879978,0,5,-14.295261625425349,Q1,-13.969430625352436,-19.072189490266176,5.10275886491374,-48.96943062535244,False,1.5765711450649107e-36,True,True,True,PR_C_tug_20,J_date_ranks
PR_C_tug_20,label_oc_2,1.0,1094307,1406,True,810.0,-0.020077872605419076,0.09292138653509951,-5.960487837440038,2.5148602225620227e-09,-0.026326984921004996,-0.019210610234118193,-0.01690428975704915,-0.015996003561373387,-0.021944830575010194,0,5,-8.765338258728786,Q1,-7.148539879669139,-9.769279609876953,2.620739730207812,-42.14853987966914,False,4.423022648241378e-09,True,True,True,C_tug_20,J_date_ranks
PR_C_tug_20,label_oc_3,1.0,1094307,1406,True,810.0,-0.016291826418340656,0.09544816445777514,-3.904904914911909,9.426244032060692e-05,-0.023031736078555826,-0.01607179381706478,-0.012191240514282095,-0.009136476996967619,-0.02101109015197307,0,5,-5.263568935784979,Q1,0.9016288586963883,-0.5082199648265837,1.4098488235229754,-34.09837114130361,False,0.00013699878786146088,True,True,True,PR_C_tug_20,J_date_ranks
PR_C_tug_20,label_oc_5,1.0,1094307,1406,True,810.0,-0.013919140710030156,0.09736219400536208,-2.6028961329314058,0.009243995459337885,-0.015963443671257575,-0.016614262492547178,-0.010292431114104793,-0.0038206831693642115,-0.022873018768150614,0,5,-2.1614194263308923,Q1,19.695434577317467,18.793578948863647,0.9018556284538289,-15.304565422682533,False,0.011972166039027862,True,True,True,C_tug_20,J_date_ranks
PR_C_turn_shock_1,label_oc_1,1.0,1094307,1406,True,810.0,-0.03286747722661831,0.0713645241642579,-12.158397389627346,5.176422963505287e-34,-0.028925500917201512,-0.03636276613969185,-0.03728288506402007,-0.02882884947443923,-0.03293713663947249,0,5,-9.979471279126864,Q1,-17.700928295732496,-19.072189490266176,1.3712611945336832,-52.700928295732496,False,2.363376948994333e-33,True,True,True,C_turn_shock_1,J_date_ranks
PR_C_turn_shock_1,label_oc_2,1.0,1094307,1406,True,810.0,-0.03399960874132398,0.07167080405286862,-10.424653836377562,1.9135485227769153e-25,-0.028017714464020318,-0.04203326547827317,-0.039139954416285455,-0.02832534689803993,-0.032487144883658246,0,5,-14.570887205782,Q1,-8.393158646534093,-9.769279609876953,1.376120963342859,-43.39315864653409,False,6.406843942927153e-25,True,True,True,PR_C_turn_shock_1,J_date_ranks
PR_C_turn_shock_1,label_oc_3,1.0,1094307,1406,True,810.0,-0.03193545977576111,0.06912461229816665,-9.178449034915738,4.373448574689654e-20,-0.02486081491135313,-0.04291650833161601,-0.039535182141185565,-0.025591122815458396,-0.02679197489584692,0,5,-16.899341151242364,Q1,0.06241506905708457,-0.5082199648265837,0.5706350338836716,-34.93758493094292,False,1.2354992223498271e-19,True,True,True,PR_C_turn_shock_1,J_date_ranks
PR_C_turn_shock_1,label_oc_5,1.0,1094307,1406,True,810.0,-0.025940534529304147,0.06819604091311145,-7.088350098614953,1.3572027881742466e-12,-0.01706001457639215,-0.03887911479445454,-0.03644727330838807,-0.020589077591577437,-0.016759863801785086,0,5,-15.187616519998166,Q1,17.31577376194378,18.793578948863647,-1.4778051869198658,-17.68422623805622,False,2.8400725011794423e-12,True,True,True,PR_C_turn_shock_1,J_date_ranks
PR_C_on_sum_20,label_oc_1,1.0,1094307,1406,True,810.0,-0.06009023843856078,0.07938639066783022,-26.21147287595525,1.966499497123437e-151,-0.05041512030496502,-0.06924380665507433,-0.05995621334173739,-0.06676202720617788,-0.05409535877617446,0,5,-22.218668580166064,Q1,-10.218845585136744,-19.072189490266176,8.853343905129433,-45.21884558513675,False,2.222144431749484e-149,True,True,True,C_on_excess_20,J_date_ranks
PR_C_on_sum_20,label_oc_2,1.0,1094307,1406,True,810.0,-0.04609946168350398,0.08478191483264029,-16.441196085869915,9.69857532533641e-61,-0.03760431426268855,-0.056155619148370896,-0.04791615043221495,-0.04656219685629946,-0.042272646278107534,0,5,-17.565698601607153,Q1,-3.6192198590364266,-9.769279609876953,6.150059750840526,-38.61921985903643,False,1.1536200123821204e-59,True,True,True,C_on_excess_20,J_date_ranks
PR_C_on_sum_20,label_oc_3,1.0,1094307,1406,True,810.0,-0.03988791433042319,0.08454292041308771,-11.90840214762718,1.0700817674771827e-32,-0.031639846466293205,-0.050316523021996136,-0.04201819901249603,-0.03824829172481318,-0.03722618377724048,0,5,-13.039215454770435,Q1,3.6533558220360276,-0.5082199648265837,4.161575786862613,-31.346644177963974,False,4.650739989420063e-32,True,True,True,C_on_excess_20,J_date_ranks
PR_C_on_sum_20,label_oc_5,1.0,1094307,1406,True,810.0,-0.034208385491554805,0.08436699068737817,-8.207019330883842,2.267470721254926e-16,-0.024738177237864672,-0.04586293428249871,-0.03647268298965811,-0.029210905794216438,-0.03475528090650777,0,5,-5.321227470153087,Q1,19.70681590148367,18.793578948863647,0.9132369526200264,-15.293184098516331,False,5.631300912127618e-16,True,True,True,C_on_excess_20,J_date_ranks
