feature,target,coverage,n_obs,n_dates,testable,names_per_day_median,mean_ic,ic_sd,t_hac,p_value,fold1_ic,fold2_ic,fold3_ic,fold4_ic,fold5_ic,positive_folds,sign_agree_folds,spread_q5_q1_bp,long_side,quintile_gross_bp,market_bp,quintile_excess_bp,quintile_net_after_cost_bp,leak_suspect,q_value,q_pass,stable,passes,family
D_rsi7,label_oc_1,1.0,1094307,1406,True,810.0,-0.030753155305266424,0.09815012062439625,-9.326817644923434,1.0909734218915676e-20,-0.008729929646043919,-0.03916715826666202,-0.03610118859684333,-0.03715817069855905,-0.03260274714087289,0,5,-9.942896054650689,Q1,-15.785286118357195,-19.072189490266176,3.286903371908985,-50.78528611835719,False,2.784424703633702e-20,True,True,True,D_ema20_angle_z252
D_rsi7,label_oc_2,1.0,1094307,1406,True,810.0,-0.03678404682445572,0.09854333670115822,-9.280943004717962,1.6798514488531415e-20,-0.014999732394201031,-0.04631710710819033,-0.04601852405312468,-0.041089176011627766,-0.03550026318020329,0,5,-17.042572219708905,Q1,-3.879973042346623,-9.769279609876953,5.889306567530328,-38.87997304234662,False,4.239920262049995e-20,True,True,True,D_ema20_angle_z252
D_rsi7,label_oc_3,1.0,1094307,1406,True,810.0,-0.03550226606352088,0.0973435832396486,-7.719544092271887,1.1674653027048758e-14,-0.013843624286680999,-0.04464326061706798,-0.047502070513254765,-0.039391769747231783,-0.03214256139773111,0,5,-19.143447362322373,Q1,5.427062399279924,-0.5082199648265837,5.935282364106512,-29.572937600720074,False,2.3837202001496568e-14,True,True,True,D_ema20_angle_z252
D_rsi7,label_oc_5,1.0,1094307,1406,True,810.0,-0.030909766543227128,0.0958453375066991,-5.592417131240202,2.239300404837451e-08,-0.015063508017731844,-0.03501964972423206,-0.04469919078516118,-0.03420374643729998,-0.025581698846715958,0,5,-16.633775280787475,Q1,22.408630390932515,18.793578948863647,3.615051442068874,-12.591369609067485,False,3.629576959499565e-08,True,True,True,D_ema20_angle_z252
D_rsi14,label_oc_1,1.0,1094307,1406,True,810.0,-0.02430219356676844,0.10313190063734144,-6.920547242751762,4.499022462083044e-12,-0.003151766252069212,-0.034953968790567266,-0.029596762061032178,-0.03030288691269673,-0.02350840867474382,0,5,-7.119561661345117,Q1,-17.35433605328433,-19.072189490266176,1.717853436981841,-52.35433605328433,False,8.317120821296433e-12,True,True,True,D_pdi14
D_rsi14,label_oc_2,1.0,1094307,1406,True,810.0,-0.02732119877111074,0.10592869532699044,-6.38128641554371,1.7560651641324817e-10,-0.007750805247094224,-0.03837257238111808,-0.03612796806871671,-0.030704725701480456,-0.023662941167477445,0,5,-10.682288699046236,Q1,-6.512078368861025,-9.769279609876953,3.257201241015929,-41.512078368861026,False,3.002871430666544e-10,True,True,True,D_pdi14
D_rsi14,label_oc_3,1.0,1094307,1406,True,810.0,-0.025742168551785335,0.10650525222683528,-5.126573247227699,2.9506329343454577e-07,-0.007170809412641862,-0.03560560662672343,-0.03649601127807785,-0.02949373908519067,-0.01996523483925563,0,5,-10.00648068617832,Q1,2.1214831750683762,-0.5082199648265837,2.6297031398949637,-32.87851682493162,False,4.504992061502188e-07,True,True,True,D_pdi14
D_rsi14,label_oc_5,1.0,1094307,1406,True,810.0,-0.021881923655485486,0.10579619661953983,-3.5728492216857286,0.00035311810107176606,-0.009024728029187795,-0.027552169022040225,-0.03377310579203744,-0.025390240597806736,-0.013698497349898253,0,5,-5.0084151133578025,Q1,19.11431733555956,18.793578948863647,0.3207383866959141,-15.885682664440441,False,0.00046899636667419416,True,True,True,D_pdi14
D_macd,label_oc_1,1.0,1094307,1406,True,810.0,-0.002411128514564832,0.08197592107641939,-0.9193436750638467,0.3579158402030582,0.006009353857845093,0.0029830885189022238,-0.013338824176756017,-0.005490308905946878,-0.002219633344342683,2,3,0.2246409054938684,Q1,-18.181881540521307,-19.072189490266176,0.8903079497448713,-53.1818815405213,False,0.378383979441873,False,False,False,
D_macd,label_oc_2,1.0,1094307,1406,True,810.0,-0.0024482722325681167,0.08808747929009188,-0.7208219633373506,0.47101906044096337,0.003543363154979028,0.0016236323773501215,-0.0152366223802174,-0.005351686805337374,0.003159994246686624,3,2,0.6832444151563764,Q1,-9.862314400783934,-9.769279609876953,-0.0930347909069822,-44.86231440078393,False,0.4881470262751802,False,False,False,
D_macd,label_oc_3,1.0,1094307,1406,True,810.0,-0.0023138703212961654,0.09135133010863665,-0.5522001877568734,0.580811205755084,0.0025014316953848557,0.0021894220297208125,-0.014576733579426826,-0.007963554266593863,0.0062496075043784105,3,2,1.737704965478125,Q1,-1.9306612832402301,-0.5082199648265837,-1.4224413184136426,-36.93066128324023,False,0.5965088059106268,False,False,False,
D_macd,label_oc_5,1.0,1094307,1406,True,810.0,-0.0019748030232649674,0.09538041796385556,-0.35790733584022577,0.7204126606952534,0.0005466544104729983,0.003954337992242091,-0.013812986202025907,-0.011145121723776578,0.010538568834315648,3,2,4.7821250531716615,Q1,13.920496784903401,18.793578948863647,-4.873082163960244,-21.0795032150966,False,0.7300181628378569,False,False,False,
D_macd_signal,label_oc_1,1.0,1094307,1406,True,810.0,0.0025756623783788554,0.079350461764094,0.9790027746933659,0.32757860852484955,0.010768638075309747,0.008054330032783212,-0.0059450525618770025,-0.002580046448909401,0.0025804258427571925,3,3,1.7729054587618134,Q5,-17.199872825632887,-19.072189490266176,1.8723166646332896,-52.19987282563289,False,0.34750464607652914,False,False,False,
D_macd_signal,label_oc_2,1.0,1094307,1406,True,810.0,0.0035373087580721726,0.08548854646584546,1.0397620316581362,0.2984504730090458,0.00984364243942141,0.007667708178133828,-0.006117105807882518,-0.0021333070025582553,0.008408271595923082,3,3,2.993482574200068,Q5,-8.14231015762265,-9.769279609876953,1.6269694522543052,-43.142310157622646,False,0.31847133157283514,False,False,False,
D_macd_signal,label_oc_3,1.0,1094307,1406,True,810.0,0.0038369246983674804,0.08891180526333271,0.9156225769720211,0.35986488562109653,0.010054507047028005,0.007969925081792709,-0.0050377601217018834,-0.005205657185423967,0.011376776457476668,3,3,4.672920166516791,Q5,0.98826490202619,-0.5082199648265837,1.4964848668527755,-34.01173509797381,False,0.379857379266713,False,False,False,
D_macd_signal,label_oc_5,1.0,1094307,1406,True,810.0,0.0033687749205776147,0.09345937731206798,0.6077431900843603,0.5433578129501315,0.008007696076430681,0.009032233098048155,-0.00488377886025411,-0.010190920368542286,0.014837829516295604,3,3,8.22571327643439,Q5,19.42376885406284,18.793578948863647,0.6301899051991959,-15.576231145937161,False,0.5597240121353765,False,False,False,
D_macd_hist,label_oc_1,1.0,1094307,1406,True,810.0,-0.017519995891818317,0.06993116300895455,-7.521211098462225,5.427113924141771e-14,-0.015232038200087911,-0.021675343668681575,-0.021566162147283335,-0.012057177312518508,-0.01707085649137592,0,5,-5.3224630800870445,Q1,-15.222454795044765,-19.072189490266176,3.8497346952214144,-50.22245479504477,False,1.0822582869134027e-13,True,True,True,D_macd_hist
D_macd_hist,label_oc_2,1.0,1094307,1406,True,810.0,-0.021844058236429896,0.0723523435260576,-7.426779572452194,1.1127356360587576e-13,-0.019362828272620033,-0.0270575803380785,-0.029091431044989534,-0.01466353289091427,-0.01905484466250064,0,5,-9.415003629940655,Q1,-5.808714675657983,-9.769279609876953,3.9605649342189686,-40.80871467565798,False,2.1997432805323418e-13,True,True,True,D_macd_hist
D_macd_hist,label_oc_3,1.0,1094307,1406,True,810.0,-0.022783778497181398,0.0737403455152791,-6.573781013824717,4.9053360896201496e-11,-0.02063412605664858,-0.028779830600892266,-0.03217641259037616,-0.01519372769956618,-0.017154827392887487,0,5,-11.338936775533202,Q1,2.628574331452596,-0.5082199648265837,3.136794296279183,-32.3714256685474,False,8.603204834103033e-11,True,True,True,D_macd_hist
D_macd_hist,label_oc_5,1.0,1094307,1406,True,810.0,-0.02098753137750809,0.07580154865625324,-4.999899104618726,5.736032257082954e-07,-0.019312217699789254,-0.02910149742824336,-0.032733255642612424,-0.012140432402396902,-0.011683364628197133,0,5,-11.580977371848807,Q1,19.285121576870026,18.793578948863647,0.49154262800638493,-15.714878423129974,False,8.66102883850936e-07,True,True,True,D_macd_hist
D_cmf20,label_oc_1,0.986405094731186,1079430,1406,True,798.5,0.01195676296955455,0.07817558322468685,4.468105928506776,7.89152277392534e-06,0.018093953950864147,0.0006800184165451857,0.011999255735584228,0.014028963644657293,0.014970896645758184,5,5,5.623515558004208,Q5,-17.25833532470911,-19.072189490266176,1.8138541655570695,-52.25833532470911,False,1.12924719191735e-05,True,True,True,D_cmf20
D_cmf20,label_oc_2,0.986405094731186,1079430,1406,True,798.5,0.0064642218705707535,0.08163585768460493,1.9454745192513456,0.05171789356771324,0.008048098804310233,-0.0038255813376138984,0.005728795266479744,0.008507127368905071,0.013836433621764822,4,4,2.1775701412332413,Q5,-9.788206446363128,-9.769279609876953,-0.018926836486178798,-44.78820644636313,False,0.05895839866719309,True,True,True,D_cmf20
D_cmf20,label_oc_3,0.986405094731186,1079430,1406,True,798.5,0.0050763854455598304,0.0842801464129497,1.2858117573776224,0.19850876591253813,0.005076361356732438,-0.004543791073118127,0.003244460336372461,0.00504657257155757,0.01651760794196156,4,4,0.3643744780635384,Q5,-1.9960760013328183,-0.5082199648265837,-1.4878560365062308,-36.99607600133282,False,0.21416403136305376,False,True,False,
D_cmf20,label_oc_5,0.986405094731186,1079430,1406,True,798.5,0.004289591204499727,0.08605647261949781,0.8528485600582753,0.39374329085342996,-0.0012386508186937061,-0.004937889839164301,0.004425195705411408,0.0028356173649223726,0.020306683282343717,3,3,-0.4180041872857087,Q5,16.091456660709664,18.793578948863647,-2.7021222881539826,-18.908543339290336,False,0.41180490969991757,False,False,False,
D_adx14,label_oc_1,1.0,1094307,1406,True,810.0,-0.011229841310259022,0.0694764071521437,-5.231505353381843,1.681351650299995e-07,-0.013499502244400087,-0.0191503365829649,-0.00828783566535816,-0.013435425094063768,-0.0018096308451668957,0,5,-1.4705876497321495,Q1,-17.948102460028764,-19.072189490266176,1.1240870302374155,-52.948102460028764,False,2.6078212708560445e-07,True,True,True,D_adx14
D_adx14,label_oc_2,1.0,1094307,1406,True,810.0,-0.006985594149792706,0.07283188669382587,-2.5490596820436227,0.010801381362464944,-0.009948310215350205,-0.015258833824675695,-0.004891377253528609,-0.008235089728987946,0.0033687919245598765,1,4,-0.3727553481901245,Q1,-8.772806673591402,-9.769279609876953,0.9964729362855482,-43.772806673591404,False,0.012893883290012672,True,True,True,D_adx14
D_adx14,label_oc_3,1.0,1094307,1406,True,810.0,-0.00508728364735855,0.07381066941275885,-1.5407787517292504,0.1233706425381148,-0.008168093830033946,-0.01370577300473899,-0.0012702552872503807,-0.008340003352570026,0.006008221454519888,1,4,1.2126145386513512,Q1,0.3518140444681694,-0.5082199648265837,0.8600340092947578,-34.64818595553183,False,0.13545058840466212,False,True,False,
D_adx14,label_oc_5,1.0,1094307,1406,True,810.0,-0.0020888434564195267,0.07476279089954817,-0.5024580251379706,0.6153453714804142,-0.0015603313867957646,-0.013206733413092713,0.003641319768711188,-0.008342287499603848,0.00898440865753066,2,3,6.400341376408936,Q1,17.973654356245294,18.793578948863647,-0.8199245926183526,-17.026345643754706,False,0.6291423529037419,False,False,False,
D_pdi14,label_oc_1,1.0,1094307,1406,True,810.0,-0.04004483658194228,0.09462971500329892,-14.202477306007369,8.843016866866923e-46,-0.032143808919745685,-0.051286322906769766,-0.04209870574330747,-0.04079869442838453,-0.033918452988349466,0,5,-13.888207443501056,Q1,-13.601292869968253,-19.072189490266176,5.470896620297924,-48.601292869968255,False,6.952440847053995e-45,True,True,True,D_pdi14
D_pdi14,label_oc_2,1.0,1094307,1406,True,810.0,-0.04253640275799633,0.092715266378628,-12.715285865401214,4.863277610915413e-37,-0.03528513256742887,-0.05510017275609879,-0.04744102201123057,-0.039556117728572045,-0.03532523125867744,0,5,-21.109869679882,Q1,-1.6492144411954794,-9.769279609876953,8.120065168681469,-36.64921444119548,False,2.5200620347470777e-36,True,True,True,D_pdi14
D_pdi14,label_oc_3,1.0,1094307,1406,True,810.0,-0.04253148808188509,0.0904809955372283,-10.9852978834266,4.497524228336165e-28,-0.03643627951485981,-0.0548644008802736,-0.04865739094662851,-0.03943799480113665,-0.03329424701055295,0,5,-24.47571888179607,Q1,8.747943514134876,-0.5082199648265837,9.256163478961462,-26.252056485865126,False,1.4933527049426878e-27,True,True,True,D_pdi14
D_pdi14,label_oc_5,1.0,1094307,1406,True,810.0,-0.04028789448598752,0.08785820962843481,-8.633406620483157,5.955127372209753e-18,-0.03727874130051891,-0.05224560848377492,-0.047403668818547434,-0.035543262215170936,-0.029008332402258936,0,5,-26.615431164996483,Q1,28.630262982321778,18.793578948863647,9.836684033458138,-6.369737017678222,False,1.3355105319972035e-17,True,True,True,D_pdi14
D_mdi14,label_oc_1,1.0,1094307,1406,True,810.0,0.018463242837258788,0.09776122213093089,5.802216461689721,6.5443999675439696e-09,-0.0025144710908655754,0.020253326831426596,0.03007072935811928,0.029475932235926393,0.015042869000572244,4,4,4.52287322064903,Q5,-17.677410421953713,-19.072189490266176,1.3947790683124668,-52.67741042195371,False,1.0891410164963686e-08,True,True,True,D_mdi14
D_mdi14,label_oc_2,1.0,1094307,1406,True,810.0,0.01828033903131522,0.10395316950828636,4.532484191093934,5.82940400957475e-06,-0.002039091454672743,0.020107095907344188,0.03148482058575046,0.029432123258813267,0.012437539739383392,4,4,4.6820256712802895,Q5,-8.96681760805151,-9.769279609876953,0.8024620018254413,-43.966817608051514,False,8.359145372220396e-06,True,True,True,D_mdi14
D_mdi14,label_oc_3,1.0,1094307,1406,True,810.0,0.01611677458403542,0.10534366783794845,3.3250955740446253,0.0008838823015185337,-0.0033256196823687034,0.01626481348733334,0.029868015752612487,0.028867248179933462,0.00893497319472812,4,4,2.089959695411624,Q5,-1.6299592601741721,-0.5082199648265837,-1.1217392953475882,-36.629959260174175,False,0.0011493830688948234,True,True,True,D_mdi14
D_mdi14,label_oc_5,1.0,1094307,1406,True,810.0,0.012214172579518689,0.10586380226193225,1.9904908592309831,0.04653688992769272,-0.0026525449664473897,0.006772239931953727,0.025326921471042613,0.027351073600896694,0.004301332433620737,4,4,-4.849878359059389,Q5,13.178446908242313,18.793578948863647,-5.615132040621333,-21.821553091757686,False,0.05331864775635146,True,True,True,D_mdi14
D_inside_day,label_oc_1,1.0,1094307,1406,True,810.0,0.001496369761298491,0.04512920081510704,1.2090401723479058,0.2266474121511851,0.009098245062705745,0.0020730148117478926,0.003983572059198385,-0.0027198287813439584,-0.0049302836929535025,3,3,,Q5,,,,,False,0.24260849751394464,False,False,False,
D_inside_day,label_oc_2,1.0,1094307,1406,True,810.0,0.002995422763354734,0.04611184714650279,2.263833906362814,0.02358433226195604,0.011248246720501127,0.0031632167172800825,0.0020950645083556594,-0.0017399990454709646,0.0002204602276228295,4,4,,Q5,,,,,False,0.027388256820336045,True,True,True,D_inside_day
D_inside_day,label_oc_3,1.0,1094307,1406,True,810.0,0.0033653244979841178,0.04693412128351772,2.6255215906623377,0.008651632180830445,0.011458732860726548,0.003678636890650054,0.0017362745317878604,0.0005094118138167115,-0.000542526663425674,4,4,,Q5,,,,,False,0.01051104158381532,True,True,True,D_inside_day
D_inside_day,label_oc_5,1.0,1094307,1406,True,810.0,0.003835827392396173,0.046810003133358466,2.8625756923766326,0.004202128773619671,0.010849476220917451,0.005648062628207498,0.0019008534132970876,0.00032929117046411006,0.0004634548548511051,5,5,,Q5,,,,,False,0.005293289283896603,True,True,True,D_inside_day
D_prev_inside_day,label_oc_1,1.0,1094307,1406,True,810.0,0.0017512814233478025,0.04429378910629732,1.4535884964709769,0.14606042811847023,0.004940735860397742,0.002226464208457141,-0.0038199350735298562,-0.001646376276294156,0.007036709046735232,3,3,,Q5,,,,,False,0.15959318343935086,False,False,False,
D_prev_inside_day,label_oc_2,1.0,1094307,1406,True,810.0,0.0025608089174437034,0.044760248131433394,2.220147491584505,0.026408757299601418,0.007314243279677458,0.004486942459349804,-0.0031875523788450436,0.0014153664276151615,0.0027742850977119965,4,4,,Q5,,,,,False,0.030616254225300624,True,True,True,D_prev_inside_day
D_prev_inside_day,label_oc_3,1.0,1094307,1406,True,810.0,0.00231231738949553,0.04479192031537636,1.8904704361769804,0.05869507088497881,0.0089449190633935,0.003372930245554525,-0.0026005372059156352,-0.0009063729890105151,0.0027490934701793193,3,3,,Q5,,,,,False,0.06657948339191626,True,False,False,
D_prev_inside_day,label_oc_5,1.0,1094307,1406,True,810.0,0.0028153723383609946,0.0445088096482455,2.3971065748313327,0.016525116469913434,0.00854902717086706,0.004261632252349359,-0.0026905404738972643,0.0010818608226059177,0.0028746708929950826,4,4,,Q5,,,,,False,0.01942127090278486,True,True,True,D_prev_inside_day
D_nr_length,label_oc_1,1.0,1094307,1406,True,810.0,0.015543186418619145,0.04716566696516118,11.726867268495985,9.283114293357854e-32,0.012384061664630082,0.017938197059329274,0.01642465579815246,0.013767666354513961,0.01719547119945629,5,5,-17.322361233315466,Q5,-15.251704732717824,11.729786129715748,-26.981490862433574,-50.251704732717826,False,3.7571894536430602e-31,True,True,True,D_nr_length
D_nr_length,label_oc_2,1.0,1094307,1406,True,810.0,0.016103889861853505,0.04685512921131851,11.216569365830557,3.381345667240934e-29,0.014086380725515353,0.019833790182800157,0.01439846889044097,0.012772122014716416,0.01941689743326293,5,5,-44.17871190766497,Q5,26.949179520881916,83.93608158056199,-56.98690205968008,-8.050820479118084,False,1.1740306783719792e-28,True,True,True,D_nr_length
D_nr_length,label_oc_3,1.0,1094307,1406,True,810.0,0.01462216303437741,0.046346808429850325,10.576062279514336,3.847918895782073e-26,0.012781200127764772,0.017603906757182524,0.01548324316653849,0.011395893735190532,0.015842229511626216,5,5,-49.21537710070917,Q5,19.01622888197454,77.13773566749647,-58.12150678552193,-15.983771118025459,False,1.185575011132855e-25,True,True,True,D_nr_length
D_nr_length,label_oc_5,1.0,1094307,1406,True,810.0,0.012289806640627607,0.04559160011914151,8.73138631617351,2.515698076735222e-18,0.011118816982013113,0.017276550029799238,0.01282132191040424,0.009010920566509373,0.011225212306349002,5,5,-111.27532450743747,Q5,-76.27751483799356,23.27641806354478,-99.55393290153835,-111.27751483799356,False,5.8133023124557154e-18,True,True,True,D_nr_day
D_nr_day,label_oc_1,1.0,1094307,1406,True,810.0,0.01558001825547013,0.04881584786612841,11.2651642349473,1.9498805454701766e-29,0.014192889707907655,0.019330378012508753,0.01686631211585654,0.01276722484724536,0.014746253727384256,5,5,33.946729552252066,Q5,14.583818653492063,0.6531790545382092,13.93063959895385,-20.416181346507937,False,6.874836562379386e-29,True,True,True,D_nr_length
D_nr_day,label_oc_2,1.0,1094307,1406,True,810.0,0.016305674058678523,0.04807594965015733,10.707866870462489,9.349117038700021e-27,0.015398891552149373,0.020045633965782395,0.015384981489070033,0.01227815383365382,0.01841320932722615,5,5,52.41870818974549,Q5,87.14027615151083,68.26902956653136,18.87124658497948,52.14027615151083,False,2.974323746265495e-26,True,True,True,D_nr_length
D_nr_day,label_oc_3,1.0,1094307,1406,True,810.0,0.014801504269149508,0.04736401915004484,10.193262771059409,2.12509775973523e-24,0.013729082639524649,0.01795589254756747,0.015935881904405133,0.010620685086520374,0.015762559043976086,5,5,51.891926558913745,Q5,174.34720225427893,154.23215465452697,20.11504759975199,139.34720225427893,False,6.185390926208074e-24,True,True,True,D_nr_length
D_nr_day,label_oc_5,1.0,1094307,1406,True,810.0,0.012869070439237927,0.04667449518221228,9.556548459418133,1.2174942535426952e-21,0.012504121160306437,0.01628155589604555,0.01415502541754279,0.009345534503119533,0.012061987400806759,5,5,49.25789573472377,Q5,234.07141981678808,209.9579517385453,24.11346807824276,199.07141981678808,False,3.252992458684389e-21,True,True,True,D_nr_day
D_daily_trend,label_oc_1,1.0,1094307,1406,True,810.0,-0.025583681459204706,0.06691725200934684,-12.383408486725292,3.213974832993948e-35,-0.019014465893935673,-0.025446740245128895,-0.02940350447877066,-0.030509463818932672,-0.0235514649464895,0,5,,Q1,,,,,False,1.5930136128752611e-34,True,True,True,D_structure_trend_code
D_daily_trend,label_oc_2,1.0,1094307,1406,True,810.0,-0.03264215201384418,0.06605468986664847,-15.392293586407417,1.8437905507988243e-53,-0.025502243452119863,-0.03547112203764815,-0.0340981954163206,-0.037645444654133144,-0.030501372939867388,0,5,,Q1,,,,,False,1.9402349796098398e-52,True,True,True,D_structure_trend_code
D_daily_trend,label_oc_3,1.0,1094307,1406,True,810.0,-0.029820887345478227,0.06542354967747277,-14.029798999551403,1.0244150450600851e-44,-0.02034584061446305,-0.035015165647781656,-0.03197934377311435,-0.035456665376214266,-0.026319880415213784,0,5,,Q1,,,,,False,7.785554342456648e-44,True,True,True,D_daily_trend
D_daily_trend,label_oc_5,1.0,1094307,1406,True,810.0,-0.025642652531572663,0.06338300179765424,-11.545937760700898,7.739273518838958e-31,-0.018941213058057432,-0.028665063700429413,-0.030760370781223723,-0.02908118897839182,-0.02078272126880991,0,5,,Q1,,,,,False,2.9573536798244957e-30,True,True,True,D_daily_trend
D_weekly_trend,label_oc_1,1.0,1094307,1406,True,810.0,-0.025324759196339933,0.07029981571323848,-12.161160801641412,5.004249777891415e-34,-0.017122289970175095,-0.0242946238910208,-0.031972930092671624,-0.028261229780926038,-0.024973970604882847,0,5,,Q1,,,,,False,2.3606254124673982e-33,True,True,True,D_weekly_trend
D_weekly_trend,label_oc_2,1.0,1094307,1406,True,810.0,-0.031855900196545724,0.06946401378330805,-12.445842989236947,1.4732068806247682e-35,-0.024045896331101036,-0.03204869385065634,-0.03906510207711585,-0.03403033965171754,-0.030095733012295334,0,5,,Q1,,,,,False,7.464248195165493e-35,True,True,True,D_weekly_trend
D_weekly_trend,label_oc_3,1.0,1094307,1406,True,810.0,-0.0326802646476177,0.06889981573442196,-11.016720792375832,3.1741261172408444e-28,-0.026551264760021783,-0.032320688698877366,-0.04061708116881417,-0.034422464963954985,-0.02950113726699183,0,5,,Q1,,,,,False,1.0642658157807537e-27,True,True,True,D_weekly_trend
D_weekly_trend,label_oc_5,1.0,1094307,1406,True,810.0,-0.031057030537079717,0.0683174817513846,-9.22248971381045,2.902803741117775e-20,-0.026096518043217304,-0.03235776304658405,-0.03722091950391787,-0.033038701771426024,-0.02658715734229885,0,5,,Q1,,,,,False,7.246415178556782e-20,True,True,True,D_weekly_trend
D_monthly_trend,label_oc_1,1.0,1094307,1405,True,810.0,-0.010558235045969607,0.07805193740384989,-4.249076740272772,2.146533802639082e-05,-0.006655011390072908,-0.011758189323658607,-0.018812649449447823,-0.009857005805059525,-0.005711676325894511,0,5,,Q1,,,,,False,3.0086662315678934e-05,True,True,True,D_monthly_trend
D_monthly_trend,label_oc_2,1.0,1094307,1405,True,810.0,-0.010885682753002682,0.08044072459919868,-3.4004484905021304,0.0006727540964761394,-0.009153660541296675,-0.011642467687840432,-0.021653489678141017,-0.008576271394006907,-0.003422918563294218,0,5,,Q1,,,,,False,0.0008765024799803415,True,True,True,D_monthly_trend
D_monthly_trend,label_oc_3,1.0,1094307,1405,True,810.0,-0.01036349407505448,0.08119040719906712,-2.7275645528432553,0.006380377218433336,-0.009121279904381484,-0.010801005718604177,-0.021907239002299246,-0.010332863676465544,0.00031134984906364935,1,4,,Q1,,,,,False,0.00780711631021181,True,True,True,D_monthly_trend
D_monthly_trend,label_oc_5,1.0,1094307,1405,True,810.0,-0.00993164209373207,0.08144867168026555,-2.067224126546852,0.03871303980930061,-0.010626545915953014,-0.011196018097028691,-0.02221800262058816,-0.010893475946655837,0.005219440700120256,1,4,,Q1,,,,,False,0.04457865190161888,True,True,True,D_monthly_trend
D_rsi7_gt_rsi14,label_oc_1,1.0,1094307,1406,True,810.0,-0.01930965945001691,0.07348374539236163,-8.467640812105978,2.504131091530345e-17,-0.006085675307546476,-0.017013865456523836,-0.020722807183349703,-0.026704088840974947,-0.02599805833044251,0,5,,Q1,,,,,False,5.4548588108495417e-17,True,True,True,D_rsi7_gt_rsi14
D_rsi7_gt_rsi14,label_oc_2,1.0,1094307,1406,True,810.0,-0.026049786291395878,0.07323613138791932,-9.998163348235662,1.5524963425124619e-23,-0.013583386511308113,-0.024058264540979632,-0.02942676177109677,-0.03323786358372732,-0.029928850550724046,0,5,,Q1,,,,,False,4.424614576160516e-23,True,True,True,D_rsi7_gt_rsi14
D_rsi7_gt_rsi14,label_oc_3,1.0,1094307,1406,True,810.0,-0.026319440576830777,0.07199725803299994,-8.878477215961215,6.778187748915141e-19,-0.015112132454521659,-0.024043679089394327,-0.031719208563521915,-0.031833663812420226,-0.02887940875724798,0,5,,Q1,,,,,False,1.5932235121161362e-18,True,True,True,D_rsi7_gt_rsi14
D_rsi7_gt_rsi14,label_oc_5,1.0,1094307,1406,True,810.0,-0.024922820686846096,0.07191919592635626,-7.010150295344476,2.3806225458201977e-12,-0.015751510827519934,-0.018426401005623316,-0.03548492812119558,-0.029281391803989094,-0.02566722255892012,0,5,,Q1,,,,,False,4.4369095949346465e-12,True,True,True,D_rsi7_gt_rsi14
D_ema_stack_20_50_100,label_oc_1,1.0,1094307,1406,True,810.0,0.0023145936026638127,0.08714965298074309,0.8172939007436179,0.413760491505039,0.022165444133083106,-0.007294469222621827,-0.002278083775218056,-0.0019350151645908407,0.0009200548141560369,2,2,,Q5,,,,,False,0.43142100028879066,False,False,False,
D_ema_stack_20_50_100,label_oc_2,1.0,1094307,1406,True,810.0,0.008900516252394275,0.09394360184299569,2.392398664870521,0.016738649666559968,0.028454992829854656,-0.003166763199378113,0.004434700902216212,0.005983503833373276,0.008796517000006365,4,4,,Q5,,,,,False,0.019604856801244894,True,True,True,D_ema_stack_20_50_100
D_ema_stack_20_50_100,label_oc_3,1.0,1094307,1406,True,810.0,0.012654956285015211,0.09647939429755817,2.809232427784042,0.004965977999315267,0.03296746263145687,-0.0004944572509645722,0.00947415053658792,0.009323308034923237,0.012006624702902181,4,4,,Q5,,,,,False,0.006198410495495698,True,True,True,D_ema_stack_20_50_100
D_ema_stack_20_50_100,label_oc_5,1.0,1094307,1406,True,810.0,0.01638204753025974,0.10002432400440574,2.7956517778284895,0.0051795174735346375,0.036776877690429324,0.0032845818571523608,0.014053708988666017,0.012053673463474242,0.01574366746674938,5,5,,Q5,,,,,False,0.0064180977389450946,True,True,True,D_ema_stack_20_50_100
D_ema20_angle_deg,label_oc_1,1.0,1094307,1406,True,810.0,-0.0341458508466595,0.11789665045591483,-8.088480046126348,6.04138819767737e-16,-0.009241467397776947,-0.05102626284110307,-0.03663354211261154,-0.04249485308397713,-0.03134310298949133,0,5,-11.041552937749687,Q1,-16.587682256944124,-19.072189490266176,2.4845072333220513,-51.58768225694412,False,1.2563376418823827e-15,True,True,True,D_ema20_angle_z252
D_ema20_angle_deg,label_oc_2,1.0,1094307,1406,True,810.0,-0.0384789913228617,0.11865218527205322,-7.6895053533543525,1.477049554962415e-14,-0.013912508227530427,-0.055928860971298455,-0.04505991938956242,-0.043655919173881855,-0.033854207158669464,0,5,-17.714064394900046,Q1,-4.629596691323248,-9.769279609876953,5.139682918553703,-39.62959669132325,False,2.980241579924165e-14,True,True,True,D_ema20_angle_z252
D_ema20_angle_deg,label_oc_3,1.0,1094307,1406,True,810.0,-0.0368376737837374,0.11811452775613286,-6.473161226654249,9.597344910253047e-11,-0.0126905076474973,-0.053088708355181764,-0.04605428193828271,-0.04178086344971778,-0.03059621911047459,0,5,-18.728609580382702,Q1,4.464091716366297,-0.5082199648265837,4.972311681192884,-30.535908283633702,False,1.6535475865524143e-10,True,True,True,D_ema20_angle_z252
D_ema20_angle_deg,label_oc_5,1.0,1094307,1406,True,810.0,-0.032496264838099434,0.11606174953078734,-4.829660828330818,1.3676581093193677e-06,-0.01410221862117801,-0.04277317317071503,-0.043935821008241394,-0.03635579938993924,-0.02533977991828762,0,5,-15.620032925804045,Q1,22.03929463451724,18.793578948863647,3.2457156856536007,-12.96070536548276,False,2.0117809608052635e-06,True,True,True,D_ema20_angle_z252
D_atr_ratio_14_30,label_oc_1,1.0,1094307,1406,True,810.0,-0.02597190886002587,0.10031968976389731,-6.793841720187257,1.0918617536880673e-11,-0.007951527546330928,-0.05283896782341834,-0.01745983084458848,-0.029618766813198943,-0.02200456991651969,0,5,-4.381212242402457,Q1,-18.37825264953525,-19.072189490266176,0.693936840730928,-53.37825264953525,False,1.9550613600069058e-11,True,True,True,D_atr_ratio_14_30
D_atr_ratio_14_30,label_oc_2,1.0,1094307,1406,True,810.0,-0.02157345413468738,0.10420048096065027,-4.818715887914638,1.4448512809354289e-06,-0.005382909013792252,-0.05061174354654927,-0.014555024748134334,-0.020211605201444494,-0.017121830241428514,0,5,-3.9551446786860067,Q1,-9.574289822891476,-9.769279609876953,0.19498978698547587,-44.57428982289147,False,2.1207688329610157e-06,True,True,True,D_atr_ratio_14_30
D_atr_ratio_14_30,label_oc_3,1.0,1094307,1406,True,810.0,-0.018995037283076777,0.10582598474535172,-3.711616888964901,0.0002059395273750193,-0.0035609999239423927,-0.0499040661525695,-0.011226294248441246,-0.017699801018930407,-0.012606759157356977,0,5,-2.4852734746318657,Q1,-1.385177840347632,-0.5082199648265837,-0.876957875521047,-36.38517784034763,False,0.0002806028620010223,True,True,True,D_atr_ratio_14_30
D_atr_ratio_14_30,label_oc_5,1.0,1094307,1406,True,810.0,-0.014776474566021946,0.10773382130275647,-2.3947134251026063,0.01663335994297325,-0.0018013386528683134,-0.049180178770650305,-0.0038579013491774382,-0.013125708331153611,-0.005948661431365621,0,5,2.766519012775626,Q1,14.769228132178872,18.793578948863647,-4.0243508166847715,-20.230771867821126,False,0.01951495403257925,True,True,True,D_atr_ratio_14_30
D_cpr_width_pct,label_oc_1,1.0,1094307,1406,True,810.0,0.004049324522683095,0.0970890516372127,1.3802727241429635,0.16750268980155286,0.02674775683207243,0.011319102115198269,0.0034993754220241195,-0.007220443481254297,-0.01403481191718779,3,3,1.2596425817479056,Q5,-24.133447386947864,-19.072189490266176,-5.061257896681687,-59.133447386947864,False,0.1824392353889525,False,False,False,
D_cpr_width_pct,label_oc_2,1.0,1094307,1406,True,810.0,-0.01368404249562758,0.0945979523081079,-5.424563154974941,5.809644681524054e-08,0.003103061462828089,-0.011454383492654584,-0.014963898590510663,-0.024725633754220624,-0.020355615849651197,1,4,-11.764081181106773,Q1,-11.927368870505935,-9.769279609876953,-2.1580892606289863,-46.92736887050594,False,9.350110499205772e-08,True,True,True,D_cpr_width_pct
D_cpr_width_pct,label_oc_3,1.0,1094307,1406,True,810.0,-0.015522786942666691,0.09111157201730483,-5.8446621460166295,5.075974058333069e-09,0.0029661677358366824,-0.020227527366821284,-0.018603969789671045,-0.02443914890520289,-0.01730312068022382,1,4,-18.54421645291333,Q1,-0.22653386704484882,-0.5082199648265837,0.28168609778173725,-35.22653386704485,False,8.488915051099802e-09,True,True,True,D_cpr_width_pct
D_cpr_width_pct,label_oc_5,1.0,1094307,1406,True,810.0,-0.012843869921735897,0.08841924581026493,-4.261850159942031,2.0274136991465483e-05,0.002832097330114948,-0.018476480119814297,-0.01632176917259976,-0.020709226587753298,-0.011548580629063632,1,4,-22.928159764177728,Q1,21.14189570463215,18.793578948863647,2.348316755768505,-13.858104295367848,False,2.8475379265220515e-05,True,True,True,D_cpr_width_pct
D_oli,label_oc_1,0.9988357928807913,1093033,1406,True,809.0,0.01747883592524419,0.06598379568989715,8.43704775587809,3.2545351143751744e-17,0.000512417206107357,0.016994163966897756,0.019211702374436673,0.026783665555269922,0.02386948798947283,5,5,1.7900329827408423,Q5,-21.506054777826666,-19.271125660732185,-2.2349291170944796,-56.50605477782666,False,7.066990534071807e-17,True,True,True,D_oli
D_oli,label_oc_2,0.9988357928807913,1093033,1406,True,809.0,0.025799343527907633,0.064005670990207,12.821041846922757,1.2500939575492265e-37,0.01362777678074978,0.027032043984142703,0.02639763775394501,0.03462374055296437,0.02731014206050287,5,5,8.860281092525195,Q5,-10.751933274189275,-10.177972488810566,-0.5739607853787101,-45.75193327418928,False,6.527208144760847e-37,True,True,True,D_oli
D_oli,label_oc_3,0.9988357928807913,1093033,1406,True,809.0,0.0250937809906693,0.06208998620805181,13.394435622887388,6.516953941018593e-41,0.013569289510470955,0.029137121159143305,0.02438604238382277,0.03237246429572779,0.026000759921155046,5,5,12.122247869131852,Q5,-0.7782448412332775,-1.0755284430715966,0.29728360183832186,-35.778244841233274,False,4.165978033324036e-40,True,True,True,D_WQ_33
D_oli,label_oc_5,0.9988357928807913,1093033,1406,True,809.0,0.020936233188532074,0.062067030286933056,10.8115351287686,3.035472795013655e-27,0.01304172126828516,0.022911031398605154,0.01940308531563565,0.026639170139878286,0.02267995241376065,5,5,13.504453204458619,Q5,18.040217811169732,18.05168453236136,-0.011466721191623732,-16.959782188830268,False,9.840110861560852e-27,True,True,True,D_WQ_33
D_range_to_atr14,label_oc_1,1.0,1094307,1406,True,810.0,-0.03101399301251503,0.07322241307986027,-12.088585316305213,1.213583866334081e-33,-0.027199241194007948,-0.03765307368505121,-0.035343039801117214,-0.026347671724276902,-0.028535757999804144,0,5,-11.632126916522061,Q1,-14.387750785432521,-19.072189490266176,4.684438704833653,-49.38775078543252,False,5.53394243048341e-33,True,True,True,D_range_to_atr14
D_range_to_atr14,label_oc_2,1.0,1094307,1406,True,810.0,-0.031503657002783125,0.07171900830696684,-11.076445192176028,1.6322515757210034e-28,-0.02657469739982119,-0.040108567019762,-0.03417513209219685,-0.023570779162729028,-0.03308348716800008,0,5,-17.880796267950732,Q1,-4.74375373586123,-9.769279609876953,5.02552587401572,-39.74375373586123,False,5.5270300880849825e-28,True,True,True,D_range_to_atr14
D_range_to_atr14,label_oc_3,1.0,1094307,1406,True,810.0,-0.029194806269655302,0.0693198023467949,-9.669857353533807,4.0494210833736414e-22,-0.02402800287396423,-0.04053248325952527,-0.03356041600333738,-0.02056986243909867,-0.02729004528120667,0,5,-20.446909911576398,Q1,3.189062281626305,-0.5082199648265837,3.6972822464528914,-31.810937718373694,False,1.0991285797728455e-21,True,True,True,D_range_to_atr14
D_range_to_atr14,label_oc_5,1.0,1094307,1406,True,810.0,-0.024430093028824082,0.06730569044727833,-7.805311850280402,5.935459256408626e-15,-0.020319893639065174,-0.039813021073867375,-0.02724827316063255,-0.01504286074142109,-0.019743096233033827,0,5,-20.540111871553375,Q1,20.693568623817338,18.793578948863647,1.8999896749536884,-14.306431376182662,False,1.2155251890369761e-14,True,True,True,D_range_to_atr14
D_obv,label_oc_1,1.0,1094307,1406,True,810.0,0.006834635265560642,0.09514452210886651,2.5492563353086375,0.01079529197508928,-0.008982774710895062,0.01598153638831313,0.01280137679605987,0.01517534021637338,-0.0007752210229431048,3,3,4.579037946015866,Q5,-15.917064597064225,-19.072189490266176,3.1551248932019504,-50.917064597064225,False,0.012893883290012672,True,False,False,
D_obv,label_oc_2,1.0,1094307,1406,True,810.0,0.006429009408120314,0.09997744387616715,1.6715722288189883,0.09460870479671027,-0.014289119043767345,0.016158049393942536,0.011367341366813324,0.020330152154721972,-0.001393538582033639,3,3,6.652563153815134,Q5,-5.422994571722467,-9.769279609876953,4.346285038154485,-40.42299457172247,False,0.10591219980515519,False,False,False,
D_obv,label_oc_3,1.0,1094307,1406,True,810.0,0.005947096831005339,0.1019992492986085,1.2296542010986147,0.21882662399501832,-0.018499857057527075,0.015493394212054142,0.01123545450461907,0.02395520612945838,-0.0024189412560438337,3,3,9.113648516678932,Q5,5.19453590129854,-0.5082199648265837,5.702755866125125,-29.80546409870146,False,0.23460409218274694,False,False,False,
D_obv,label_oc_5,1.0,1094307,1406,True,810.0,0.00536332190902418,0.10474170753490807,0.8495194542950918,0.395592309693064,-0.02661565824289817,0.015044894708495092,0.011117946786345517,0.030884361302345942,-0.0035830972186774437,3,3,15.19363263779861,Q5,27.671495847088718,18.793578948863647,8.877916898225072,-7.328504152911282,False,0.4131070837100088,False,False,False,
D_obv_slope,label_oc_1,1.0,1094307,1406,True,810.0,-0.03006947663871272,0.08267617321990522,-13.279435400306443,3.0468276703134693e-40,-0.02107635037523032,-0.029271349880491158,-0.023683220698075175,-0.0376267785348685,-0.03865911559473464,0,5,-12.873867217001592,Q1,-13.095518339751436,-19.072189490266176,5.976671150514741,-48.095518339751436,False,1.894572842267648e-39,True,True,True,D_rsi7_obv_x
D_obv_slope,label_oc_2,1.0,1094307,1406,True,810.0,-0.03723849199277152,0.08086805932348026,-16.981090574687293,1.133598726765643e-64,-0.02969625582055743,-0.039486474588324764,-0.03409679820598585,-0.04303864536200972,-0.03986493919976635,0,5,-22.59821439223149,Q1,-0.2052563145284175,-9.769279609876953,9.564023295348536,-35.20525631452842,False,1.762230747972045e-63,True,True,True,D_rsi14_obv_x
D_obv_slope,label_oc_3,1.0,1094307,1406,True,810.0,-0.0347035686501613,0.07721629822141754,-17.164148478212095,4.926552572658971e-66,-0.02810998864090652,-0.04064074194065243,-0.031540157182915717,-0.038178699508470956,-0.03504703368237257,0,5,-26.17160273186989,Q1,10.017445485834566,-0.5082199648265837,10.525665450661153,-24.982554514165436,False,7.83665572022962e-65,True,True,True,D_rsi14_obv_x
D_obv_slope,label_oc_5,1.0,1094307,1406,True,810.0,-0.028557803224507683,0.07652841680718121,-13.132117564651852,2.1554370501922698e-39,-0.025625703025554347,-0.03018920799279015,-0.028992832709629445,-0.030374720198231044,-0.027609925426929798,0,5,-27.99137288753657,Q1,29.575348918859916,18.793578948863647,10.781769969996276,-5.424651081140084,False,1.2820164715926196e-38,True,True,True,D_rsi14_obv_x
D_cpr_vs_yday_code,label_oc_1,1.0,1094307,1406,True,810.0,-0.02620815674476843,0.07342858407527417,-11.741694197954846,7.79098965206568e-32,-0.011234484227247423,-0.02790108768107024,-0.025762210940796313,-0.034481159391048906,-0.03164250217609451,0,5,-55.3380780274819,Q1,11.425706092556284,-20.976541813168698,32.402247905724984,-23.574293907443717,False,3.191040073061632e-31,True,True,True,D_cpr_vs_yday_code
D_cpr_vs_yday_code,label_oc_2,1.0,1094307,1406,True,810.0,-0.03360949076559951,0.07183056350252942,-13.870135320235018,9.609533684743215e-44,-0.017092772276467938,-0.04094688971738929,-0.03339809232607276,-0.04149619243027008,-0.035108173686619504,0,5,-38.07664671068361,Q1,-15.693852355284095,-39.80686500068436,24.113012645400264,-50.69385235528409,False,6.776207258107587e-43,True,True,True,D_cpr_vs_yday_code
D_cpr_vs_yday_code,label_oc_3,1.0,1094307,1406,True,810.0,-0.03184666752603371,0.06980900505686485,-13.315716781894386,1.875636575438707e-40,-0.015626698290088184,-0.04279823837675884,-0.03325262665209445,-0.03749051558208943,-0.030071575781608913,0,5,-48.42542663233615,Q1,-32.32756846790774,-56.434519902937026,24.10695143502929,-67.32756846790774,False,1.1879031644445146e-39,True,True,True,D_cpr_vs_yday_code
D_cpr_vs_yday_code,label_oc_5,1.0,1094307,1406,True,810.0,-0.028351330991237614,0.06855656338573933,-11.60792384668587,3.7562532285335176e-31,-0.01751082471435532,-0.0358860167424833,-0.033388247989614574,-0.031022085256575314,-0.02396508965294,0,5,-34.907403860331144,Q1,82.49165611613314,64.87636046532427,17.61529565080888,47.49165611613314,False,1.4765960967338654e-30,True,True,True,D_cpr_vs_yday_code
D_structure_trend_code,label_oc_1,1.0,1094307,1406,True,810.0,-0.029111690975631845,0.0719296939512506,-13.650180876371117,2.0137810568501126e-42,-0.017118457367312212,-0.028039156295476902,-0.0321435830357419,-0.03723590958893533,-0.0310145767551785,0,5,-12.50997782563837,Q1,-10.854056175570387,-16.98238404038312,6.128327864812736,-45.854056175570385,False,1.3637883592925514e-41,True,True,True,D_structure_trend_code
D_structure_trend_code,label_oc_2,1.0,1094307,1406,True,810.0,-0.03555039701443799,0.07117572589456818,-15.503557796242807,3.282035977862609e-54,-0.022281011144442878,-0.038709738345703966,-0.03842179260621866,-0.04337983113885276,-0.0349617068198705,0,5,-22.683211358704572,Q1,1.7489762452539996,-9.1152685675223,10.864244812776299,-33.251023754746,False,3.6208267884806846e-53,True,True,True,D_structure_trend_code
D_structure_trend_code,label_oc_3,1.0,1094307,1406,True,810.0,-0.032433376250003476,0.06998302818941443,-14.0135966451908,1.2871755640397902e-44,-0.017810448397167278,-0.03819870191295752,-0.036239369692844386,-0.0394243027549371,-0.03050093550543697,0,5,-26.67446024212921,Q1,9.973186083617096,-2.2209083684351727,12.19409445205227,-25.026813916382906,False,9.675033909925456e-44,True,True,True,D_daily_trend
D_structure_trend_code,label_oc_5,1.0,1094307,1406,True,810.0,-0.02742025523112731,0.0690877491328751,-11.150245104821371,7.140939379476617e-29,-0.016911747434394074,-0.029500890083462444,-0.03457186704541862,-0.03249936172422283,-0.02363089513538321,0,5,-31.316080220044718,Q1,27.15761142770944,13.64934576228686,13.508265665422588,-7.8423885722905595,False,2.454473635960807e-28,True,True,True,D_daily_trend
D_bb_pctB_20,label_oc_1,0.9999616195455205,1094265,1406,True,810.0,-0.027721473647500668,0.09623804009791109,-8.967588396272765,3.030772329665043e-19,-0.010582113489657645,-0.03313381749220446,-0.034446074616595976,-0.032012092714532335,-0.02843074582423981,0,5,-8.282972944411737,Q1,-16.207999158326643,-19.072189490266176,2.864190331939534,-51.20799915832664,False,7.227249254866531e-19,True,True,True,D_ema20_angle_z252
D_bb_pctB_20,label_oc_2,0.9999616195455205,1094265,1406,True,810.0,-0.03263938982273441,0.0957719052820366,-8.672144842878213,4.240557607288058e-18,-0.01646984310883208,-0.03855555256573535,-0.04311813328480118,-0.035012795578532575,-0.03004984005537003,0,5,-13.854242168044983,Q1,-5.057478722610077,-9.769279609876953,4.711800887266874,-40.05747872261008,False,9.547883913035453e-18,True,True,True,D_ema20_angle_z252
D_bb_pctB_20,label_oc_3,0.9999616195455205,1094265,1406,True,810.0,-0.03123846512046436,0.09450802762535086,-7.0754851242789885,1.4892683699579907e-12,-0.015257170887306102,-0.03663836693435232,-0.04461380698962595,-0.03316512060592149,-0.0265345999189292,0,5,-14.515924842601311,Q1,3.5119552831095575,-0.5082199648265837,4.020175247936145,-31.488044716890442,False,2.82295107433423e-12,True,True,True,D_ema20_angle_z252
D_bb_pctB_20,label_oc_5,0.9999616195455205,1094265,1406,True,810.0,-0.02729181828418248,0.09325770235108832,-5.0626171191691824,4.135398551759959e-07,-0.017111276652948985,-0.02819857603624941,-0.04237121652858096,-0.028107798499719575,-0.020693704535260166,0,5,-11.01668090025894,Q1,20.413955660629096,18.793578948863647,1.6203767117654473,-14.586044339370904,False,6.272849374077508e-07,True,True,True,D_ema20_angle_z252
D_bb_bw_20,label_oc_1,1.0,1094307,1406,True,810.0,-0.05013666520706129,0.12898505169825497,-17.963476606702066,3.7647200063498507e-72,-0.05507867747760218,-0.058785200650882274,-0.04363865428032494,-0.049692273687217896,-0.0435120949224982,0,5,-11.38996959983435,Q1,-12.838099515728468,-19.072189490266176,6.23408997453771,-47.838099515728466,False,7.152968012064717e-71,True,True,True,D_bb_bw_20
D_bb_bw_20,label_oc_2,1.0,1094307,1406,True,810.0,-0.04207549862352075,0.13504806080756182,-11.015092820193274,3.2320331209526646e-28,-0.052139127370811805,-0.05140661249176984,-0.03707555862063069,-0.03318969066715546,-0.03658603940927953,0,5,-10.92562870576399,Q1,-3.6997227453794066,-9.769279609876953,6.069556864497546,-38.699722745379404,False,1.0783954413324988e-27,True,True,True,D_bb_bw_20
D_bb_bw_20,label_oc_3,1.0,1094307,1406,True,810.0,-0.0384956187717192,0.13466954359161468,-8.250511088029503,1.5771854233424565e-16,-0.05080826951888909,-0.04864678980180224,-0.03242470137672691,-0.027294272963607168,-0.03332246997974841,0,5,-9.887574522451379,Q1,4.9483413391453075,-0.5082199648265837,5.456561303971893,-30.05165866085469,False,3.3924365709630196e-16,True,True,True,D_bb_bw_20
D_bb_bw_20,label_oc_5,1.0,1094307,1406,True,810.0,-0.03528041439085215,0.13305024764531753,-5.809181325702375,6.277906734810995e-09,-0.04664840036073977,-0.04972377913483502,-0.028228163058467773,-0.020330487799286145,-0.03148474930586084,0,5,-6.165891590030852,Q1,21.42178252561168,18.793578948863647,2.6282035767480334,-13.578217474388321,False,1.0473385869782246e-08,True,True,True,D_bb_bw_20
D_vol_yz_20,label_oc_1,1.0,1094307,1406,True,810.0,-0.07526869453072316,0.142394023934049,-22.803740023507252,4.209636803330542e-115,-0.0707700946960393,-0.08510008278509279,-0.07003518219451628,-0.07681058220248126,-0.07363335050511463,0,5,-17.43721031722675,Q1,-11.291526929188462,-19.072189490266176,7.780662561077715,-46.291526929188464,False,5.758783146956181e-113,True,True,True,D_vol_yz_20
D_vol_yz_20,label_oc_2,1.0,1094307,1406,True,810.0,-0.06457399509938608,0.1522547677582497,-13.93745674904826,3.7506875631830547e-44,-0.06731325481410888,-0.0732929613536014,-0.058191453455600485,-0.054936255813588276,-0.06911987256017091,0,5,-17.239300872478427,Q1,-3.775194555975408,-9.769279609876953,5.994085053901544,-38.77519455597541,False,2.729223716188521e-43,True,True,True,D_vol_yz_20
D_vol_yz_20,label_oc_3,1.0,1094307,1406,True,810.0,-0.059492389833882775,0.15421532273260108,-10.243114171956229,1.2707882305088829e-24,-0.06667049817877549,-0.06730014375759101,-0.050895541508439626,-0.04562875943600506,-0.06694050055649378,0,5,-15.285131578891377,Q1,3.0141817262047677,-0.5082199648265837,3.522401691031354,-31.985818273795232,False,3.714611750718273e-24,True,True,True,D_vol_yz_20
D_vol_yz_20,label_oc_5,1.0,1094307,1406,True,810.0,-0.05299494199813323,0.1567331737635121,-6.851173944351938,7.324638603671584e-12,-0.06339628411298942,-0.06228783782335636,-0.040382875383153716,-0.03273294204219328,-0.06612803364801301,0,5,-8.50037013979846,Q1,16.12101647035654,18.793578948863647,-2.6725624785071056,-18.87898352964346,False,1.3467883884170331e-11,True,True,True,D_vol_yz_20
D_vol_yz_50,label_oc_1,1.0,1094307,1406,True,810.0,-0.0751148790457054,0.1458429831198636,-21.785736818839574,3.168085901422632e-105,-0.07241987388560446,-0.08083215953657709,-0.06982590390306084,-0.07893858105313671,-0.07356339813452925,0,5,-17.639040664633416,Q1,-11.45837441317716,-19.072189490266176,7.6138150770890185,-46.45837441317716,False,2.1669707565730803e-103,True,True,True,D_vol_yz_20
D_vol_yz_50,label_oc_2,1.0,1094307,1406,True,810.0,-0.06421676633387444,0.15890092757352595,-12.944877947517009,2.511620885251988e-38,-0.07025639960651656,-0.0668429071752016,-0.05813752760346665,-0.056508798869119164,-0.06932003730839728,0,5,-15.912841598175028,Q1,-4.491184196994624,-9.769279609876953,5.27809541288233,-39.491184196994624,False,1.4197923020763305e-37,True,True,True,D_vol_yz_20
D_vol_yz_50,label_oc_3,1.0,1094307,1406,True,810.0,-0.05905720251787794,0.1618370099649309,-9.381952987409912,6.476185803763254e-21,-0.06996722454896485,-0.059400449787104286,-0.05170105696914836,-0.04617501853704871,-0.06801040083141692,0,5,-13.032534015335262,Q1,1.9639825093490424,-0.5082199648265837,2.4722024741756283,-33.036017490650956,False,1.665304920967694e-20,True,True,True,D_vol_yz_20
D_vol_yz_50,label_oc_5,1.0,1094307,1406,True,810.0,-0.05342313178747194,0.1657967660217197,-6.325275167950362,2.5278171529416933e-10,-0.06788895903151318,-0.05238189769169924,-0.04405494301211714,-0.03308806946283833,-0.06964406400177435,0,5,-5.714069697902717,Q1,14.978606005662408,18.793578948863647,-3.814972943201238,-20.021393994337593,False,4.3010620214231797e-10,True,True,True,D_vol_yz_20
D_donch_pos_20,label_oc_1,1.0,1094307,1406,True,810.0,-0.019899196280098595,0.09585168295445809,-6.511741547236361,7.428445434862482e-11,-0.0024759382568905267,-0.023547424178160165,-0.026985930688006445,-0.024436120013000714,-0.022042939285767265,0,5,-6.091897571748464,Q1,-16.516867105955455,-19.072189490266176,2.555322384310721,-51.516867105955455,False,1.2896378434476278e-10,True,True,True,D_ema20_angle_z252
D_donch_pos_20,label_oc_2,1.0,1094307,1406,True,810.0,-0.025552239216889667,0.09669099501308309,-6.800838766075067,1.0401177924051377e-11,-0.009186229268503711,-0.029487376877438493,-0.036662297647989915,-0.028123813837175694,-0.024305913775197047,0,5,-11.984566733547423,Q1,-5.139515186793765,-9.769279609876953,4.629764423083188,-40.139515186793766,False,1.8871290905532288e-11,True,True,True,D_ema20_angle_z252
D_donch_pos_20,label_oc_3,1.0,1094307,1406,True,810.0,-0.024829170967302513,0.09618660025201191,-5.610700522655521,2.015092248949458e-08,-0.009629934222863557,-0.02788058302206311,-0.03856741741974452,-0.027546312920426853,-0.02053688230005244,0,5,-12.993079828528343,Q1,3.4292147099196937,-0.5082199648265837,3.93743467474628,-31.570785290080305,False,3.2739367146495103e-08,True,True,True,D_ema20_angle_z252
D_donch_pos_20,label_oc_5,1.0,1094307,1406,True,810.0,-0.021642377359461232,0.09520000736745643,-3.924285203550662,8.698763289599017e-05,-0.014504109630392841,-0.0203338626880047,-0.03614098377174166,-0.023248708164266833,-0.014011379120263835,0,5,-10.324013894388418,Q1,19.50083012630452,18.793578948863647,0.7072511774408762,-15.499169873695479,False,0.00011947797412818832,True,True,True,D_ema20_angle_z252
D_donch_pos_50,label_oc_1,1.0,1094307,1406,True,810.0,-0.01271080699197236,0.10180340461772264,-3.8357607787826122,0.00012517620513322663,0.007146399114742227,-0.01902756165723772,-0.01848438190315466,-0.02086709838160833,-0.012322773036359952,1,4,-1.7367451568325967,Q1,-18.467859643345008,-19.072189490266176,0.6043298469211695,-53.46785964334501,False,0.00017158421705636677,True,True,True,D_donch_pos_50
D_donch_pos_50,label_oc_2,1.0,1094307,1406,True,810.0,-0.015073554659527573,0.10688384766760994,-3.602369346817473,0.00031532989849570675,0.0018968996581594107,-0.02184801630423621,-0.02328788995633081,-0.020596468827196054,-0.01154485551623099,1,4,-4.077629804053008,Q1,-7.849591743946384,-9.769279609876953,1.9196878659305674,-42.849591743946384,False,0.000424578052305243,True,True,True,D_donch_pos_50
D_donch_pos_50,label_oc_3,1.0,1094307,1406,True,810.0,-0.013834181773735871,0.10975269843791961,-2.7432885867785335,0.006082720219451452,0.0011214062739350117,-0.019616826698549392,-0.023416849840632508,-0.019777225284175,-0.007503940866968376,1,4,-2.254995002840284,Q1,0.3674484674749128,-0.5082199648265837,0.8756684323015009,-34.632551532525085,False,0.007469624111498731,True,True,True,D_donch_pos_50
D_donch_pos_50,label_oc_5,1.0,1094307,1406,True,810.0,-0.011469723314609962,0.11089575537701574,-1.8060181676063114,0.07091550180895302,-0.0028181493547173053,-0.013281282314292769,-0.021500709295263275,-0.017959503740852242,-0.001823300773763522,0,5,3.000911449147497,Q1,16.541729677978847,18.793578948863647,-2.2518492708847986,-18.458270322021153,False,0.07991137271387787,True,True,True,D_donch_pos_50
D_breakout_high_20,label_oc_1,1.0,1094307,1399,True,810.0,-0.02496445021364604,0.06843444812318457,-10.548558391323976,5.158244492622253e-26,-0.029209701459548185,-0.013440758091076352,-0.03075924710039581,-0.03218820153748104,-0.019361066132696655,0,5,,Q1,,,,,False,1.5407158222504895e-25,True,True,True,D_breakout_high_20
D_breakout_high_20,label_oc_2,1.0,1094307,1399,True,810.0,-0.030808315495144727,0.06580759089235966,-11.352483493839618,7.208565676237046e-30,-0.033896958280889615,-0.024160854538210597,-0.03766027418414994,-0.03668963790614839,-0.02176974474446537,0,5,,Q1,,,,,False,2.608814244733407e-29,True,True,True,D_breakout_high_20
D_breakout_high_20,label_oc_3,1.0,1094307,1399,True,810.0,-0.030788737864400412,0.06524915971107566,-9.909175807644393,3.797659653589671e-23,-0.033809170096418616,-0.027474013870828533,-0.03885318115260294,-0.03672208696093268,-0.017244579611289088,0,5,,Q1,,,,,False,1.0645898373177601e-22,True,True,True,D_breakout_high_20
D_breakout_high_20,label_oc_5,1.0,1094307,1399,True,810.0,-0.029474359965742113,0.06543704755206944,-8.167472268279976,3.1491810418593454e-16,-0.03546404034349119,-0.02703243466382338,-0.037407249059711364,-0.034693382504721114,-0.012996373564713391,0,5,,Q1,,,,,False,6.627814869636284e-16,True,True,True,D_breakout_high_20
D_breakout_low_20,label_oc_1,1.0,1094307,1386,True,810.5,0.006563457531638732,0.056604261518356944,4.178055131331532,2.940123970879956e-05,-0.0028883573778068065,0.008130748499253463,0.009288785809502011,0.006244711346705943,0.012014835038102287,4,4,,Q5,,,,,False,4.087489422930671e-05,True,True,True,D_breakout_low_20
D_breakout_low_20,label_oc_2,1.0,1094307,1386,True,810.5,0.010027087107971578,0.05854339827080809,5.403010402273624,6.553165780805182e-08,0.0003339045287400614,0.011199698489662421,0.014157577910702048,0.010122910594185644,0.014272076823055856,5,5,,Q5,,,,,False,1.0448404181983088e-07,True,True,True,D_breakout_low_20
D_breakout_low_20,label_oc_3,1.0,1094307,1386,True,810.5,0.00969565246098024,0.05748780257253386,4.764732554000994,1.891043043026097e-06,-0.0010289482981445195,0.00906375240136565,0.014343131621286672,0.011344000407166517,0.014651125627728903,4,4,,Q5,,,,,False,2.7697504099140266e-06,True,True,True,D_breakout_low_20
D_breakout_low_20,label_oc_5,1.0,1094307,1386,True,810.5,0.008219019274227548,0.05674240097843202,3.54814819016922,0.00038794988318874036,0.002884576305101699,0.004304509379688391,0.010007849175513641,0.008688839605207208,0.015113836621605965,5,5,,Q5,,,,,False,0.0005142591474827489,True,True,True,D_breakout_low_20
D_breakout_high_50,label_oc_1,1.0,1094307,1396,True,810.5,-0.020623760302472385,0.06507639538830262,-9.160615756808298,5.1602022756499113e-20,-0.024235462215230257,-0.010689888278740248,-0.023266223497033396,-0.030204166638557753,-0.014861748834547302,0,5,,Q1,,,,,False,1.2788327378784563e-19,True,True,True,D_breakout_high_50
D_breakout_high_50,label_oc_2,1.0,1094307,1396,True,810.5,-0.0248233909994408,0.06410987493091577,-9.436619252012036,3.8500100514899665e-21,-0.02750357260905772,-0.020147931815389965,-0.02770211191722075,-0.033448243501050814,-0.015445966536986967,0,5,,Q1,,,,,False,1.0128487981612066e-20,True,True,True,D_breakout_high_50
D_breakout_high_50,label_oc_3,1.0,1094307,1396,True,810.5,-0.025132616172494054,0.06394958068579702,-8.380485074123204,5.271001696742961e-17,-0.02837287138715218,-0.02438218105625125,-0.027676689164058903,-0.03393004117581226,-0.011457841779800639,0,5,,Q1,,,,,False,1.1409383419532233e-16,True,True,True,D_breakout_high_50
D_breakout_high_50,label_oc_5,1.0,1094307,1396,True,810.5,-0.02469619258662369,0.0633934575078178,-7.027772078651406,2.0985732336099447e-12,-0.029952722246338534,-0.025357956445235936,-0.027987252184553245,-0.032961334721697905,-0.0074491561355166875,0,5,,Q1,,,,,False,3.9219237480579294e-12,True,True,True,D_breakout_high_50
D_breakout_low_50,label_oc_1,1.0,1094307,1332,True,813.0,0.0011752092128056,0.0519252533852946,0.7089574888282506,0.47835085800125865,-0.010501831525062857,0.005470608087405758,0.0019583203249856156,0.003358206241564021,0.005216739843428932,4,4,,Q5,,,,,False,0.49499544156257325,False,True,False,
D_breakout_low_50,label_oc_2,1.0,1094307,1332,True,813.0,0.003820929494226955,0.054573744964909215,1.9956259347956806,0.04597465439245667,-0.008170554848520785,0.007082847862001027,0.005453975417991118,0.006734205845270308,0.007517164476053108,4,4,,Q5,,,,,False,0.05276285839671201,True,True,True,D_breakout_low_50
D_breakout_low_50,label_oc_3,1.0,1094307,1332,True,813.0,0.004141561100731865,0.054275450903417066,1.9726573670524232,0.04853461230006248,-0.009352258119684282,0.005398203997171208,0.006335936636138346,0.008796754169912213,0.008775716074555039,4,4,,Q5,,,,,False,0.05551450637666009,True,True,True,D_breakout_low_50
D_breakout_low_50,label_oc_5,1.0,1094307,1332,True,813.0,0.004075358084979207,0.053130888185588324,1.6844375681453103,0.09209713551179861,-0.008030382536725422,0.0032666250293100878,0.005191342291147137,0.008714059711881396,0.010414608256540933,4,4,,Q5,,,,,False,0.10326957490175451,False,True,False,
D_days_since_boh_20,label_oc_1,1.0,1094307,1406,True,810.0,0.014297634161757333,0.08470346100564508,4.729175990263629,2.254329100208293e-06,0.004122476118512166,0.020240873726677773,0.01860454110644857,0.018216702221164643,0.010317740956996892,5,5,5.970084084105625,Q5,-17.69620925931327,-19.010511802859284,1.3143025435460143,-52.69620925931327,False,3.2947886849198124e-06,True,True,True,D_days_since_boh_20
D_days_since_boh_20,label_oc_2,1.0,1094307,1406,True,810.0,0.016207477979861516,0.08644810434187068,4.170354045793361,3.0412678472522873e-05,0.006402172180917389,0.025012330095923838,0.020282034266886444,0.02031696962524713,0.009049357468806278,5,5,11.242453354578899,Q5,-7.236445324434356,-9.791251389369268,2.554806064934913,-42.23644532443436,False,4.219527804301348e-05,True,True,True,D_days_since_boh_20
D_days_since_boh_20,label_oc_3,1.0,1094307,1406,True,810.0,0.016323864763472994,0.08796856230208341,3.5765498038196224,0.00034815900993892686,0.005913099144468579,0.027396358061352242,0.019620301458545986,0.022350982262654053,0.006373991691312657,5,5,13.894840829287167,Q5,2.427683669041451,-0.6138811034821978,3.0415647725236474,-32.57231633095855,False,0.0004651186773402851,True,True,True,D_days_since_boh_20
D_days_since_boh_20,label_oc_5,1.0,1094307,1406,True,810.0,0.015254591081635654,0.08909846731699547,2.7818671399145707,0.005404716078186341,0.005555135448419054,0.02888825412746273,0.016378538015528934,0.022491245424980433,0.003003381004162479,5,5,14.962571692435464,Q5,22.158892865433764,18.928666668429955,3.2302261970038124,-12.841107134566236,False,0.006672970753573027,True,True,True,D_days_since_boh_20
D_days_since_bol_20,label_oc_1,1.0,1094307,1406,True,810.0,-0.0016417235068493551,0.07484454370883573,-0.7223925570864794,0.47005316161847166,0.010352809553801435,-0.004311272282301777,-0.010236976985198041,-0.003456140791024407,-0.0005608834354719471,1,4,2.0067420897027555,Q1,-21.54975583980026,-21.587605367242553,0.03784952744229892,-56.549755839800255,False,0.4878852238953484,False,True,False,
D_days_since_bol_20,label_oc_2,1.0,1094307,1406,True,810.0,-0.0006022091143790337,0.07968069119828655,-0.2070740364936912,0.835952038505892,0.009087931700037756,-0.00018266470012133994,-0.01131843625265088,-0.002374884455975001,0.0017685711962072274,2,3,3.4658513655647956,Q1,-10.54307847169955,-11.089887506786052,0.5468090350865011,-45.54307847169955,False,0.8433498441563866,False,False,False,
D_days_since_bol_20,label_oc_3,1.0,1094307,1406,True,810.0,0.0004523807609198566,0.08023921857735554,0.13094994718404607,0.8958149026957433,0.008890472592309516,0.002959929463727302,-0.009609271564262998,-0.0035038209894652224,0.003513699928030507,3,3,6.194039865455018,Q5,4.813112320727918,-1.8204508931669865,6.633563213894903,-30.186887679272083,False,0.9010844021233654,False,False,False,
D_days_since_bol_20,label_oc_5,1.0,1094307,1406,True,810.0,0.0017893189558858963,0.08079181431445827,0.4032234661311179,0.6867838382194296,0.005363233280065859,0.008199020758183583,-0.00784308144811484,-0.0036975848495475953,0.006906795378973836,3,3,10.341379336491704,Q5,29.881727416627566,19.035778152527843,10.84594926409972,-5.118272583372434,False,0.7000896353831443,False,False,False,
D_dollar_vol,label_oc_1,1.0,1094307,1406,True,810.0,0.026968359716322804,0.09658230268674742,9.746477518731808,1.9098016484444995e-22,0.026041934780692624,0.029819712216649426,0.02954492306591187,0.029506657682821184,0.019953534625896285,5,5,7.297917471615782,Q5,-14.154436029893747,-19.072189490266176,4.917753460372428,-49.154436029893745,False,5.204399711298955e-22,True,True,True,D_amihud_60
D_dollar_vol,label_oc_2,1.0,1094307,1406,True,810.0,0.01856689917140842,0.10307535632625454,4.576797563599053,4.721479463344415e-06,0.02138606082407234,0.013424216595340944,0.017977468078125607,0.01990903391424772,0.020132146171234752,5,5,1.4283613111131874,Q5,-8.179335833725968,-9.769279609876953,1.589943776150985,-43.17933583372597,False,6.827678547415602e-06,True,True,True,D_amihud_60
D_dollar_vol,label_oc_3,1.0,1094307,1406,True,810.0,0.014998758118445553,0.10629810507857906,2.9539260446032567,0.003137591862058854,0.01987546020842169,0.00366951843730092,0.013355808368687319,0.01632180677255107,0.021747181065242593,5,5,-3.080847969337122,Q5,-1.7223069279413448,-0.5082199648265837,-1.2140869631147568,-36.72230692794135,False,0.003966936845930234,True,True,True,D_amihud_60
D_dollar_vol,label_oc_5,1.0,1094307,1406,True,810.0,0.011570934490312976,0.10948611020228527,1.744973580379856,0.0809894679047966,0.014485547150637592,-0.00547146849502668,0.008715339105201624,0.01389138324785264,0.026181875212571377,4,4,-10.009885211054668,Q5,12.62618405584627,18.793578948863647,-6.1673948930173745,-22.37381594415373,False,0.09096354030686514,True,True,True,D_amihud_60
D_dvol_z20,label_oc_1,1.0,1094307,1406,True,810.0,-0.029091940537891825,0.0685509249883589,-11.533273241935765,8.966836688895503e-31,-0.027980437414552802,-0.031896623676906204,-0.0321066741306828,-0.025588588419236856,-0.027891650542725188,0,5,-8.11128780123771,Q1,-17.027587253328097,-19.072189490266176,2.044602236938077,-52.02758725332809,False,3.369954008354134e-30,True,True,True,X_z_D_dvol_z20
D_dvol_z20,label_oc_2,1.0,1094307,1406,True,810.0,-0.030942089021013412,0.06980327202122853,-9.996815859790697,1.573760364366055e-23,-0.028566009280629297,-0.03707752151416981,-0.03397305001756919,-0.026403126348947377,-0.028698721458209783,0,5,-13.028436209054501,Q1,-7.306401045972225,-9.769279609876953,2.4628785639047264,-42.30640104597222,False,4.4298439885859324e-23,True,True,True,X_z_D_dvol_z20
D_dvol_z20,label_oc_3,1.0,1094307,1406,True,810.0,-0.028787837631030405,0.06740000282881062,-8.679178417541292,3.986379277756403e-18,-0.025823194943027712,-0.03715735249116161,-0.0335758178983425,-0.02384798546549833,-0.023553465017667644,0,5,-14.518746073116084,Q1,0.658755531309998,-0.5082199648265837,1.166975496136584,-34.34124446869,False,9.063255812114468e-18,True,True,True,X_rank_D_dvol_z20
D_dvol_z20,label_oc_5,1.0,1094307,1406,True,810.0,-0.023312164799498807,0.06720719960825629,-6.690497571288053,2.2241305086516687e-11,-0.018609322820949015,-0.03373992942309585,-0.030608547093279235,-0.019184073180144236,-0.014450487697470656,0,5,-13.528792464084953,Q1,18.13573376963096,18.793578948863647,-0.6578451792326863,-16.86426623036904,False,3.9423082815388216e-11,True,True,True,X_rank_D_dvol_z20
D_dvol_z50,label_oc_1,1.0,1094307,1406,True,810.0,-0.03399850269698078,0.07605503017580607,-11.06763974260448,1.800811721633262e-28,-0.027951083714226842,-0.04300900291139623,-0.035683546082623564,-0.031173210291106472,-0.03218213442956297,0,5,-8.735217399354346,Q1,-16.5917617449751,-19.072189490266176,2.4804277452910766,-51.5917617449751,False,6.067759692596805e-28,True,True,True,X_z_D_dvol_z20
D_dvol_z50,label_oc_2,1.0,1094307,1406,True,810.0,-0.0333758247246587,0.07550380770345648,-9.12931422138804,6.89345694429101e-20,-0.025041418381816904,-0.04678867470617131,-0.03628960703899558,-0.029568691231813608,-0.02920557301790092,0,5,-11.86178955262364,Q1,-8.240260693257998,-9.769279609876953,1.5290189166189532,-43.240260693257994,False,1.702211028842979e-19,True,True,True,X_z_D_dvol_z20
D_dvol_z50,label_oc_3,1.0,1094307,1406,True,810.0,-0.03048793240885225,0.07369159794197912,-7.616731040683289,2.60180679345263e-14,-0.020528296204460478,-0.04657590351852308,-0.03589071110227009,-0.02682373790804281,-0.02264891018719843,0,5,-11.800411256744189,Q1,-1.1503295174283423,-0.5082199648265837,-0.6421095526017542,-36.15032951742834,False,5.234223078592938e-14,True,True,True,X_rank_D_dvol_z20
D_dvol_z50,label_oc_5,1.0,1094307,1406,True,810.0,-0.024339224862662143,0.07412706586703255,-5.585315203368531,2.3327672421481785e-08,-0.012833374262314892,-0.0432692770703024,-0.03159865713811283,-0.021679572476562835,-0.012357881598275368,0,5,-9.699989865520344,Q1,15.007765911632287,18.793578948863647,-3.7858130372313563,-19.992234088367713,False,3.772134263899182e-08,True,True,True,X_rank_D_dvol_z20
D_dvol_z252,label_oc_1,1.0,1094307,1406,True,810.0,-0.0406141145774841,0.08772562121256548,-11.819034328138653,3.1124156740149177e-32,-0.01858719255751566,-0.06265425508568274,-0.04365534086801803,-0.04298940000583339,-0.035203638732807234,0,5,-9.708894571526951,Q1,-15.391831825538844,-19.072189490266176,3.680357664727335,-50.391831825538844,False,1.3280450407544942e-31,True,True,True,D_vol_z252
D_dvol_z252,label_oc_2,1.0,1094307,1406,True,810.0,-0.03611945540361048,0.08722447009580458,-8.9088437289047,5.15675366842454e-19,-0.011794609796055434,-0.061748771515064034,-0.04067739877671086,-0.03518992389547859,-0.031204065525413202,0,5,-10.933177630392125,Q1,-7.73810292283641,-9.769279609876953,2.0311766870405408,-42.73810292283641,False,1.2196995112508392e-18,True,True,True,D_vol_z252
D_dvol_z252,label_oc_3,1.0,1094307,1406,True,810.0,-0.03201676258574549,0.08574521157880714,-7.0688250491749125,1.5625098792642412e-12,-0.004977700386958703,-0.06065633556852253,-0.03902695155007114,-0.029851188823209182,-0.02559449165665306,0,5,-9.86306337961257,Q1,-1.4077448235153491,-0.5082199648265837,-0.8995248586887635,-36.40774482351535,False,2.9408847617570244e-12,True,True,True,D_vol_z252
D_dvol_z252,label_oc_5,1.0,1094307,1406,True,810.0,-0.02500340230920586,0.08686811484817467,-4.8520828761921875,1.2217154641632917e-06,0.003849975900088686,-0.05740410256579709,-0.03358105428983786,-0.021547376376051048,-0.01636519516512266,1,4,-3.704295226905775,Q1,11.783684974403094,18.793578948863647,-7.009893974460548,-23.216315025596906,False,1.8100177913569565e-06,True,True,True,D_vol_z252
D_vol_surge_20,label_oc_1,1.0,1094307,1405,True,810.0,-0.021812715998317515,0.05502523533785547,-12.146322452998565,6.000446317575141e-34,-0.026583390331195157,-0.022846003825668662,-0.020406372612110223,-0.019351788873853807,-0.019876024348759742,0,5,,Q1,,,,,False,2.8039198824391592e-33,True,True,True,D_vol_surge_20
D_vol_surge_20,label_oc_2,1.0,1094307,1405,True,810.0,-0.02575430428648529,0.05451872144238619,-13.209661915529928,7.71702508274303e-40,-0.027555299861832316,-0.029410475783829663,-0.02568579292008606,-0.022520403435356523,-0.023599549431321858,0,5,,Q1,,,,,False,4.630215049645818e-39,True,True,True,D_vol_surge_20
D_vol_surge_20,label_oc_3,1.0,1094307,1405,True,810.0,-0.02500664932418504,0.053696564548778504,-12.232705533228888,2.078968211134761e-34,-0.02456550508811976,-0.03172115853954612,-0.02710607208688268,-0.022133878501369407,-0.019506632405007232,0,5,,Q1,,,,,False,9.875099002890115e-34,True,True,True,D_vol_surge_20
D_vol_surge_20,label_oc_5,1.0,1094307,1405,True,810.0,-0.02299699294907961,0.052651678159968435,-10.622221360765943,2.349036180469559e-26,-0.024433610153779046,-0.028682480928243343,-0.02739679204246332,-0.01854836002865384,-0.015923721592258504,0,5,,Q1,,,,,False,7.303367033823539e-26,True,True,True,D_vol_surge_20
D_vol_surge_50,label_oc_1,1.0,1094307,1405,True,810.0,-0.02160558775957559,0.056190827888931524,-11.292451656095981,1.42991613799947e-29,-0.02533146012136255,-0.02305909191057049,-0.01828017562289852,-0.022541210800580573,-0.01881600034246582,0,5,,Q1,,,,,False,5.136096270552623e-29,True,True,True,D_vol_surge_50
D_vol_surge_50,label_oc_2,1.0,1094307,1405,True,810.0,-0.024990009854969197,0.05447954256106235,-12.085224456225705,1.2642443937014992e-33,-0.025990396441871597,-0.03021430963996902,-0.024192603898518003,-0.02225555007184373,-0.022297189222643628,0,5,,Q1,,,,,False,5.7267759290849375e-33,True,True,True,D_vol_surge_50
D_vol_surge_50,label_oc_3,1.0,1094307,1405,True,810.0,-0.024422682508740485,0.05431304370373597,-10.962777592622661,5.770074501167201e-28,-0.024575902005205437,-0.029789592260575527,-0.026723955156758506,-0.022215469623525167,-0.0188084934976378,0,5,,Q1,,,,,False,1.906633313429162e-27,True,True,True,D_vol_surge_50
D_vol_surge_50,label_oc_5,1.0,1094307,1405,True,810.0,-0.0233416202005326,0.053642406036522344,-9.069158783501782,1.1993939579225734e-19,-0.023246799500113883,-0.02923877266406306,-0.027079598480936388,-0.020542438809527733,-0.01660049154802194,0,5,,Q1,,,,,False,2.940449703294051e-19,True,True,True,D_vol_surge_50
D_atr_pct,label_oc_1,1.0,1094307,1406,True,810.0,-0.07599448211153227,0.15959589207933736,-20.617950695631695,1.8941328670223253e-94,-0.07341120560393839,-0.08450600812813583,-0.06927568271260917,-0.07747047972117309,-0.0753114650574777,0,5,-16.717698374698806,Q1,-11.598618553031299,-19.072189490266176,7.473570937234877,-46.5986185530313,False,6.501736605715497e-93,True,True,True,D_vol_yz_20
D_atr_pct,label_oc_2,1.0,1094307,1406,True,810.0,-0.06321904704277605,0.17149657287904804,-11.972973944427558,4.9231771062079415e-33,-0.06836862007642784,-0.06951940540284476,-0.05526430651682804,-0.05304841190974364,-0.06987081951986128,0,5,-14.517668563630581,Q1,-5.049272370023462,-9.769279609876953,4.72000723985349,-40.04927237002346,False,2.1615324408159903e-32,True,True,True,D_vol_yz_20
D_atr_pct,label_oc_3,1.0,1094307,1406,True,810.0,-0.05756821520973645,0.17394710882799247,-8.618101523583574,6.807331339131655e-18,-0.0671270778504712,-0.06250330577271095,-0.04789376837101342,-0.04261590148735292,-0.0676650906261501,0,5,-11.978358944650845,Q1,1.298003055485843,-0.5082199648265837,1.8062230203124292,-33.70199694451416,False,1.5123277816627075e-17,True,True,True,D_vol_yz_20
D_atr_pct,label_oc_5,1.0,1094307,1406,True,810.0,-0.05104377588837366,0.17736186042678415,-5.6991516639378075,1.2040507471566381e-08,-0.062303354368044704,-0.057254692831909516,-0.038659763607962146,-0.029146833021771228,-0.06779462405287641,0,5,-4.538114272350049,Q1,13.937377331910907,18.793578948863647,-4.856201616952737,-21.06262266808909,False,1.975307864677057e-08,True,True,True,D_vol_yz_20
D_range_pct,label_oc_1,1.0,1094307,1406,True,810.0,-0.07204651326389992,0.12269490171054362,-27.166778565687906,1.6043515419531204e-162,-0.06985288093994306,-0.08170380174272536,-0.07085000988766468,-0.06948069211990668,-0.06835830691874437,0,5,-19.846395409561975,Q1,-10.07602026299995,-19.072189490266176,8.996169227266229,-45.07602026299995,False,2.795856918674915e-160,True,True,True,D_range_pct
D_range_pct,label_oc_2,1.0,1094307,1406,True,810.0,-0.06396022917984273,0.12334952960392832,-19.857603635272444,9.472365569005874e-88,-0.0663839243343313,-0.07404676584921044,-0.060358247542632026,-0.051635304904226666,-0.06736478740324948,0,5,-23.712714493022965,Q1,-2.325278991116373,-9.769279609876953,7.44400061876058,-37.32527899111637,False,2.1736347051434854e-86,True,True,True,X_rank_D_range_pct
D_range_pct,label_oc_3,1.0,1094307,1406,True,810.0,-0.05865931936721956,0.12095928402333431,-15.005652293790256,6.74248278936607e-51,-0.06454091038700151,-0.06932142646895025,-0.05486707374379413,-0.04288432125763658,-0.06167214318576672,0,5,-23.899033427324234,Q1,4.450494753780975,-0.5082199648265837,4.9587147186075615,-30.549505246219024,False,6.4360845914838145e-50,True,True,True,D_range_pct
D_range_pct,label_oc_5,1.0,1094307,1406,True,810.0,-0.05059483924858087,0.12074509720491848,-9.518284860289349,1.760607595896993e-21,-0.05912500950783438,-0.06532739946175428,-0.0444773745198327,-0.02938772742021157,-0.054642281623751184,0,5,-20.089237901869325,Q1,19.46003157646996,18.793578948863647,0.6664526276063166,-15.539968423530041,False,4.6572355284502964e-21,True,True,True,X_rank_D_range_pct
D_gap_pct,label_oc_1,1.0,1094307,1406,True,810.0,-0.04242937828295826,0.0638146434725369,-21.922431960801617,1.5874620016285858e-106,-0.03538503074684632,-0.04490445565531199,-0.036913266396079746,-0.053080362686750426,-0.041865781611906176,0,5,-19.622484929842685,Q1,-13.00522919211098,-19.072189490266176,6.066960298155198,-48.00522919211098,False,1.2084945620224717e-104,True,True,True,X_rank_D_gap_pct
D_gap_pct,label_oc_2,1.0,1094307,1406,True,810.0,-0.03311508431628043,0.066361789825522,-15.872894399695005,9.763269256784329e-57,-0.022804320044800718,-0.03850101917175309,-0.028936391742838515,-0.040124260620700083,-0.03520200324356143,0,5,-18.297169235513124,Q1,-5.8784628105427466,-9.769279609876953,3.8908167993342055,-40.87846281054274,False,1.2141956675709967e-55,True,True,True,X_z_D_gap_pct
D_gap_pct,label_oc_3,1.0,1094307,1406,True,810.0,-0.026698385365577927,0.06780568507170132,-12.82983007467497,1.116086904666438e-37,-0.01605541639945817,-0.032690161219690345,-0.02564853561169844,-0.03139669555836053,-0.02769756224906124,0,5,-13.753959015328746,Q1,0.4995151610132766,-0.5082199648265837,1.007735125839864,-34.50048483898672,False,5.872334175321874e-37,True,True,True,X_z_D_gap_pct
D_gap_pct,label_oc_5,1.0,1094307,1406,True,810.0,-0.022493691748238197,0.06899841513706777,-10.56863192896695,4.1652631851714227e-26,-0.01397972699010043,-0.027047762214594758,-0.026093305699095282,-0.022238757435986675,-0.023106724789168514,0,5,-10.179852249722265,Q1,18.300165750430224,18.793578948863647,-0.4934131984334175,-16.699834249569776,False,1.2662400082921126e-25,True,True,True,X_z_D_gap_pct
D_rsi14_z252,label_oc_1,1.0,1094307,1406,True,810.0,-0.02908471140175259,0.09447559797314464,-10.556922989122294,4.718768545472723e-26,-0.020028992452116045,-0.03671108539461729,-0.030234683479273255,-0.0323870238364531,-0.02607249149011692,0,5,-9.460857526053918,Q1,-15.561298647643069,-19.072189490266176,3.5108908426231076,-50.56129864764307,False,1.4218668216314284e-25,True,True,True,D_ema20_angle_z252
D_rsi14_z252,label_oc_2,1.0,1094307,1406,True,810.0,-0.03420381590226033,0.09443500235552091,-10.616918811016767,2.4863275422920422e-26,-0.025425271676501455,-0.04088126702839399,-0.03923024584296562,-0.036103610013454954,-0.029395795343433444,0,5,-14.85509733193963,Q1,-4.236267627908817,-9.769279609876953,5.533011981968133,-39.236267627908816,False,7.695239995148221e-26,True,True,True,D_ema20_angle_z252
D_rsi14_z252,label_oc_3,1.0,1094307,1406,True,810.0,-0.03406808550221296,0.09317379746509531,-9.031855894393662,1.6878459239705776e-19,-0.02565040152351882,-0.03909150451616653,-0.041279117860965255,-0.036930155800881985,-0.027412931631137446,0,5,-15.7764073827483,Q1,4.775904356926938,-0.5082199648265837,5.2841243217535245,-30.224095643073063,False,4.079457992918286e-19,True,True,True,D_ema20_angle_z252
D_rsi14_z252,label_oc_5,1.0,1094307,1406,True,810.0,-0.031801867107017434,0.09095471527043492,-6.817464054665301,9.266157833514522e-12,-0.02794189293684656,-0.03178099201777564,-0.04035898348958425,-0.03554079974777065,-0.023416508477024606,0,5,-15.059731522957836,Q1,23.588768597103748,18.793578948863647,4.795189648240098,-11.411231402896252,False,1.6946662989636186e-11,True,True,True,D_ema20_angle_z252
D_atr_pct_z252,label_oc_1,1.0,1094307,1406,True,810.0,-0.02382424960996248,0.08932118136702549,-7.293433751148393,3.021533282701089e-13,-0.024280652103813048,-0.04418674238963221,-0.006087986652383796,-0.03518430844837256,-0.00943277367247018,0,5,-3.5531199516134673,Q1,-17.27397503901196,-19.072189490266176,1.798214451254216,-52.27397503901196,False,5.888116140648275e-13,True,True,True,D_atr_pct_z252
D_atr_pct_z252,label_oc_2,1.0,1094307,1406,True,810.0,-0.017427877502058715,0.0904891776205845,-4.714936877947626,2.417856932586406e-06,-0.0195425656165581,-0.03917795422030899,-9.872445721075366e-05,-0.023876767675854192,-0.004489419873559044,0,5,-4.059258793208424,Q1,-7.751951200698279,-9.769279609876953,2.017328409178673,-42.75195120069828,False,3.5262561660748434e-06,True,True,True,D_atr_pct_z252
D_atr_pct_z252,label_oc_3,1.0,1094307,1406,True,810.0,-0.0154104445008291,0.09034126611687553,-3.634957429744397,0.00027802654118723506,-0.018575725918085668,-0.04000228059087034,0.0033274714378310993,-0.020624371345798972,-0.0012277881737946842,1,4,-4.649406190601508,Q1,1.2389864275488733,-0.5082199648265837,1.7472063923754588,-33.76101357245113,False,0.00037583034421357465,True,True,True,D_atr_pct_z252
D_atr_pct_z252,label_oc_5,1.0,1094307,1406,True,810.0,-0.012596641549628017,0.09005656573731093,-2.421827665612632,0.015442672020198249,-0.016898815505867217,-0.04277079851521059,0.010812735346355124,-0.016802062893258595,0.002621576460374994,2,3,-3.944125879179107,Q1,19.458354691799748,18.793578948863647,0.6647757429361029,-15.541645308200252,False,0.018180357421369364,True,False,False,
D_vol_z252,label_oc_1,1.0,1094307,1406,True,810.0,-0.04299848967442108,0.07975555031698611,-14.09708975811972,3.95756687982006e-45,-0.028241806690206754,-0.06443328171565339,-0.042457943068496734,-0.044246110825213285,-0.03563949466686819,0,5,-11.172788904925422,Q1,-14.39523132872397,-19.072189490266176,4.676958161542207,-49.395231328723966,False,3.0415457817942933e-44,True,True,True,D_vol_z252
D_vol_z252,label_oc_2,1.0,1094307,1406,True,810.0,-0.03899374686493308,0.07803398718833623,-11.254754083028688,2.1943732835786716e-29,-0.020765792775438417,-0.06344204634213763,-0.04013953902536378,-0.03784658707481318,-0.03279682221952948,0,5,-13.190982448048814,Q1,-6.249425063043259,-9.769279609876953,3.519854546833694,-41.24942506304326,False,7.697186287014416e-29,True,True,True,D_vol_z252
D_vol_z252,label_oc_3,1.0,1094307,1406,True,810.0,-0.03535736264233095,0.07564582321758934,-9.271988846256487,1.8270677070686375e-20,-0.013839431522764177,-0.0628000980655273,-0.03940383737782201,-0.03328316106727828,-0.02748828899905754,0,5,-13.066836201333114,Q1,0.9024048276861419,-0.5082199648265837,1.4106247925127278,-34.09759517231386,False,4.594537910422603e-20,True,True,True,D_vol_z252
D_vol_z252,label_oc_5,1.0,1094307,1406,True,810.0,-0.028779479094305286,0.07639900548098845,-6.8398748577015605,7.92623900732751e-12,-0.004740569084934641,-0.05983297644767516,-0.03459358805400881,-0.02625366996753258,-0.018513126978286314,0,5,-8.343885735076618,Q1,15.824881007873845,18.793578948863647,-2.9686979409898004,-19.175118992126155,False,1.4534979841855274e-11,True,True,True,D_vol_z252
D_ema20_angle_z252,label_oc_1,1.0,1094307,1406,True,810.0,-0.03358045515286914,0.09745159640482139,-11.22321902777831,3.1364188281710147e-29,-0.023061290619662052,-0.042185705127900756,-0.03496084596536065,-0.03712814152939025,-0.03057698104199953,0,5,-12.230284696230747,Q1,-14.2493365024405,-19.072189490266176,4.8228529878256765,-49.2493365024405,False,1.0945461624841705e-28,True,True,True,D_ema20_angle_z252
D_ema20_angle_z252,label_oc_2,1.0,1094307,1406,True,810.0,-0.04046745744870175,0.09700678297517087,-11.600779432336246,4.083421010912713e-31,-0.030586267897142035,-0.0490384822531727,-0.04548517552302241,-0.04289857412255836,-0.03435055578095045,0,5,-20.66293098273522,Q1,-1.8118499853391472,-9.769279609876953,7.957429624537805,-36.811849985339144,False,1.596034269408169e-30,True,True,True,D_ema20_angle_z252
D_ema20_angle_z252,label_oc_3,1.0,1094307,1406,True,810.0,-0.04056199396545814,0.09524586993421062,-10.165453327099051,2.828033763018455e-24,-0.03144396693529118,-0.04779923420062577,-0.04780336029488192,-0.04388102285748379,-0.031913164292293336,0,5,-23.99646096425954,Q1,8.03468107965637,-0.5082199648265837,8.542901044482955,-26.96531892034363,False,8.196504635189082e-24,True,True,True,D_ema20_angle_z252
D_ema20_angle_z252,label_oc_5,1.0,1094307,1406,True,810.0,-0.03804341806170754,0.09273744443095473,-7.864690324416195,3.700116315694685e-15,-0.03391594942174413,-0.040158731053711864,-0.04686740205900825,-0.04225925682966998,-0.02705485614694708,0,5,-25.968303572512212,Q1,26.863282820104537,18.793578948863647,8.069703871240892,-8.136717179895463,False,7.600238918724218e-15,True,True,True,D_ema20_angle_z252
D_rsi14_obv_x,label_oc_1,1.0,1094307,1406,True,810.0,-0.031053427709850746,0.08218899735919533,-13.894771125748294,6.814097550246684e-44,-0.022897528531440205,-0.029606707600686486,-0.024814001723067344,-0.03863011886390237,-0.03928947206377327,0,5,-13.701560503939369,Q1,-12.679687135137403,-19.072189490266176,6.392502355128776,-47.6796871351374,False,4.855044504550762e-43,True,True,True,D_rsi7_obv_x
D_rsi14_obv_x,label_oc_2,1.0,1094307,1406,True,810.0,-0.03816078569660704,0.08019615953463743,-17.488853304607957,1.74227742869582e-68,-0.031776517413192464,-0.0395601791264537,-0.03506574063396993,-0.04401210266047931,-0.040381485801591094,0,5,-23.442307922250397,Q1,0.27985156026798647,-9.769279609876953,10.049131170144937,-34.720148439732014,False,2.9792944030698524e-67,True,True,True,D_rsi14_obv_x
D_rsi14_obv_x,label_oc_3,1.0,1094307,1406,True,810.0,-0.035441542894082016,0.07644797453464851,-17.63542982774107,1.3169093903277666e-69,-0.03008152972902674,-0.0406977455550758,-0.03223670547155542,-0.03897480615603619,-0.03521772406699735,0,5,-27.15475216199866,Q1,10.403916256580176,-0.5082199648265837,10.91213622140676,-24.596083743419825,False,2.3704369025899795e-68,True,True,True,D_rsi14_obv_x
D_rsi14_obv_x,label_oc_5,1.0,1094307,1406,True,810.0,-0.029226540005733593,0.07568287682070357,-13.534834899995811,9.740103518421441e-42,-0.02752859275482335,-0.030341112047598696,-0.029528292283564402,-0.031011308874640146,-0.02772872437278495,0,5,-28.671134900150232,Q1,29.70480266275112,18.793578948863647,10.911223713887473,-5.295197337248879,False,6.405991160192564e-41,True,True,True,D_rsi14_obv_x
D_rsi7_obv_x,label_oc_1,1.0,1094307,1406,True,810.0,-0.03092431672152092,0.08149697656847876,-13.896982014898825,6.606895625680172e-44,-0.02313970069074072,-0.029278612212435922,-0.024625727546183335,-0.03849653441499975,-0.039052084303451536,0,5,-13.600731772158321,Q1,-12.817319457245144,-19.072189490266176,6.254870033021036,-47.81731945724515,False,4.756964850489724e-43,True,True,True,D_rsi7_obv_x
D_rsi7_obv_x,label_oc_2,1.0,1094307,1406,True,810.0,-0.03787194834795684,0.07949405054194013,-17.404863544250638,7.578638013107345e-68,-0.032017007550325445,-0.03883384788189591,-0.03474308786204347,-0.04366801279746137,-0.04008989260798676,0,5,-23.488258161905488,Q1,-0.007720898329941907,-9.769279609876953,9.76155871154701,-35.00772089832994,False,1.2643386343818107e-66,True,True,True,D_rsi14_obv_x
D_rsi7_obv_x,label_oc_3,1.0,1094307,1406,True,810.0,-0.03510465387300087,0.07583031095358894,-17.605795930267334,2.2235970289478309e-69,-0.03027040370855286,-0.03988404853221105,-0.031949295086992985,-0.038536599823141865,-0.03488370849658396,0,5,-27.056412278348045,Q1,10.011683231155237,-0.5082199648265837,10.519903195981822,-24.98831676884476,False,3.899847096923888e-68,True,True,True,D_rsi14_obv_x
D_rsi7_obv_x,label_oc_5,1.0,1094307,1406,True,810.0,-0.02900988201993483,0.07518168204784866,-13.525288787638974,1.1090726169016165e-41,-0.02777703226424966,-0.029738450485274067,-0.029429140828707658,-0.03071238692840732,-0.027398135346322353,0,5,-28.530291612024417,Q1,29.102852573824425,18.793578948863647,10.30927362496078,-5.897147426175575,False,7.156657263780242e-41,True,True,True,D_rsi14_obv_x
D_ret_5d_roll_std,label_oc_1,1.0,1094307,1406,True,810.0,-0.06119602618349279,0.14209860750918682,-18.42978737594395,7.578030478281152e-76,-0.0678770724960914,-0.06192395929587614,-0.053405201283680086,-0.06319817457207569,-0.05958146902475398,0,5,-13.649001417572622,Q1,-13.39364436490299,-19.072189490266176,5.678545125363185,-48.39364436490299,False,1.524521425630679e-74,True,True,True,D_ret_5d_roll_std
D_ret_5d_roll_std,label_oc_2,1.0,1094307,1406,True,810.0,-0.05176588381599541,0.1524695728619636,-10.951387848020035,6.543722653196572e-28,-0.06622174432385913,-0.049129682603409115,-0.044726091256871256,-0.04340465198584564,-0.05533454903377208,0,5,-11.766317230504587,Q1,-6.107828461866281,-9.769279609876953,3.6614511480106704,-41.10782846186628,False,2.151878026339642e-27,True,True,True,D_ret_5d_roll_std
D_ret_5d_roll_std,label_oc_3,1.0,1094307,1406,True,810.0,-0.04747707729752423,0.15300779354588553,-7.981951873978219,1.4403719222441738e-15,-0.06681546192795743,-0.042087840813733485,-0.03991409095421527,-0.0348191937257204,-0.0537265589178794,0,5,-9.052509802274733,Q1,0.6502884247692313,-0.5082199648265837,1.1585083895958193,-34.34971157523077,False,2.9764785341843352e-15,True,True,True,D_ret_5d_roll_std
D_ret_5d_roll_std,label_oc_5,1.0,1094307,1406,True,810.0,-0.04332682029889899,0.15518680524922676,-5.475255193305129,4.368815513595321e-08,-0.06645639198653988,-0.03631450956385975,-0.03489645746402759,-0.024758842118372957,-0.05416931497140118,0,5,-2.1282471514356534,Q1,14.654297748622056,18.793578948863647,-4.1392812002415855,-20.345702251377944,False,7.047806158724527e-08,True,True,True,D_ret_5d_roll_std
D_close_roll_slope_20,label_oc_1,1.0,1094307,1406,True,810.0,-0.0036658948696836687,0.07530333926101805,-1.670209959738014,0.09487783015628205,0.004544825299334936,-0.0021820107108979346,-0.0145009876632774,-0.0016847223572017435,-0.004503597767274454,1,4,-0.9914017432578544,Q1,-16.90933201291236,-19.072189490266176,2.1628574773538163,-51.90933201291236,False,0.106039927821727,False,True,False,
D_close_roll_slope_20,label_oc_2,1.0,1094307,1406,True,810.0,-0.004562519158349103,0.07929611006944691,-1.5957976672363923,0.11053397430121857,0.002258675621525751,-0.004224045181196172,-0.01859395708254422,-0.0013143224916958441,-0.000951796205709194,1,4,-1.7288566260319969,Q1,-7.909216172643676,-9.769279609876953,1.8600634372332756,-42.909216172643674,False,0.12273577665914531,False,True,False,
D_close_roll_slope_20,label_oc_3,1.0,1094307,1406,True,810.0,-0.004809193247826045,0.08175441448247867,-1.370350149555559,0.17057762538637583,0.0005826815750159425,-0.004384642668423055,-0.01889638211478224,-0.0035332626121481617,0.002160835209473131,2,3,-0.8636736178215069,Q1,0.16724250733019738,-0.5082199648265837,0.6754624721567838,-34.8327574926698,False,0.185492998035423,False,False,False,
D_close_roll_slope_20,label_oc_5,1.0,1094307,1406,True,810.0,-0.004105593147736474,0.08377037877070119,-0.9051432722823513,0.3653894901123088,-0.0010882201325325147,-0.0030642554007788893,-0.01987568607671978,-0.004617950201451668,0.00807479947981985,1,4,1.0085061235780992,Q1,17.174507911767392,18.793578948863647,-1.6190710370962544,-17.825492088232608,False,0.38509462440187864,False,True,False,
D_close_roll_slope_50,label_oc_1,1.0,1094307,1406,True,810.0,0.0024221911492587943,0.07681591012761506,0.8655824179568207,0.38671920082906924,0.011417141239056563,0.0077644773396406165,-0.004529813123802451,-0.0037084375765531036,0.0011720368157584,3,3,1.0922935376420266,Q5,-17.741746900808817,-19.072189490266176,1.3304425894573595,-52.74174690080882,False,0.4069475897955128,False,False,False,
D_close_roll_slope_50,label_oc_2,1.0,1094307,1406,True,810.0,0.0028980403190187265,0.08318051526138359,0.7923030388803125,0.4281840001978239,0.010912109038612774,0.007063232097958017,-0.004099886603610535,-0.005030814298703338,0.005635818378418925,3,3,1.7164506863490445,Q5,-9.242863208978122,-9.769279609876953,0.5264164008988309,-44.24286320897812,False,0.4457806029456796,False,False,False,
D_close_roll_slope_50,label_oc_3,1.0,1094307,1406,True,810.0,0.0028505429849403113,0.08725840010938747,0.6298693203371736,0.5287800870049795,0.010851680305322065,0.007284308398941928,-0.003066894957134372,-0.00859308575669655,0.007759238267781501,3,3,2.4096344758501504,Q5,-0.8045282071688397,-0.5082199648265837,-0.29630824234225195,-35.804528207168836,False,0.5463528391410966,False,False,False,
D_close_roll_slope_50,label_oc_5,1.0,1094307,1406,True,810.0,0.0017384846007722288,0.09346937461175121,0.2914425877215673,0.7707128471571024,0.009098848159644339,0.00797822779265569,-0.002957848414358146,-0.014658970718716436,0.009205592845685827,3,3,3.2442135319667007,Q5,16.526315354240477,18.793578948863647,-2.267263594623169,-18.473684645759523,False,0.7798337092536362,False,False,False,
Comb_RSIslopePos__ADX_15_25,label_oc_1,1.0,1094307,1403,True,810.0,-0.010517540295317295,0.05366545601417091,-6.741561202993171,1.5669370404987974e-11,-0.0026649567955372784,-0.00792025572964415,-0.01350527094687839,-0.0076397633322998395,-0.02073725018685005,0,5,,Q1,,,,,False,2.7983940879926304e-11,True,True,True,Comb_RSIslopePos__ADX_15_25
Comb_RSIslopePos__ADX_15_25,label_oc_2,1.0,1094307,1403,True,810.0,-0.014737331412497221,0.053480901713462786,-8.745120730158408,2.227773122991652e-18,-0.007112759983776996,-0.01326016372315413,-0.016870900505938646,-0.014878365050407724,-0.02145914563370197,0,5,,Q1,,,,,False,5.1654129360213215e-18,True,True,True,Comb_RSIslopePos__ADX_15_25
Comb_RSIslopePos__ADX_15_25,label_oc_3,1.0,1094307,1403,True,810.0,-0.014079296398207623,0.05323090482222205,-7.701731674488699,1.342345323267392e-14,-0.00620255129619845,-0.014357598293867721,-0.01703639521531252,-0.012649133093037954,-0.02004547876283267,0,5,,Q1,,,,,False,2.7326315509371907e-14,True,True,True,Comb_RSIslopePos__ADX_15_25
Comb_RSIslopePos__ADX_15_25,label_oc_5,1.0,1094307,1403,True,810.0,-0.013041745105961618,0.05254626490852386,-6.514282535832995,7.303790910838165e-11,-0.007800165316188042,-0.011798290358785905,-0.019440906200659698,-0.008594782664518845,-0.017502745616417948,0,5,,Q1,,,,,False,1.2776964150929167e-10,True,True,True,Comb_RSIslopePos__ADX_15_25
Comb_GapUp__CPR_Tmr_Above,label_oc_1,1.0,1094307,1403,True,810.0,-0.028592864468894696,0.06341541928986075,-14.261590231707395,3.797023443333293e-46,-0.01737783276601216,-0.030034003538451624,-0.027026361690793633,-0.035130710341741325,-0.033259074842059026,0,5,,Q1,,,,,False,3.0199581805115955e-45,True,True,True,Comb_GapUp__CPR_Tmr_Above
Comb_GapUp__CPR_Tmr_Above,label_oc_2,1.0,1094307,1403,True,810.0,-0.032416343743104065,0.061778639185579166,-16.069611774644226,4.1668778520025694e-58,-0.019800949144146148,-0.03908069188641112,-0.031646062457727164,-0.037850157948461874,-0.03356508530241749,0,5,,Q1,,,,,False,5.816621328101546e-57,True,True,True,Comb_GapUp__CPR_Tmr_Above
Comb_GapUp__CPR_Tmr_Above,label_oc_3,1.0,1094307,1403,True,810.0,-0.029818142658496503,0.0604428431460478,-14.524516444457765,8.473815086028636e-48,-0.016852531781329897,-0.0398171317952378,-0.030555836008422467,-0.03369865596224299,-0.02803448239873074,0,5,,Q1,,,,,False,7.245111898554484e-47,True,True,True,Comb_GapUp__CPR_Tmr_Above
Comb_GapUp__CPR_Tmr_Above,label_oc_5,1.0,1094307,1403,True,810.0,-0.026626702214080297,0.06060156201490948,-12.916736242387447,3.621811521936549e-38,-0.018048941357195633,-0.03276524734010576,-0.032452763038637034,-0.025858212919987987,-0.023926378589045814,0,5,,Q1,,,,,False,2.030589410659508e-37,True,True,True,Comb_GapUp__CPR_Tmr_Above
Comb_GapDown__CPR_Tmr_Below,label_oc_1,1.0,1094307,1405,True,810.0,0.02052163095339246,0.04982636789708301,15.222622807783067,2.5029209761744422e-52,0.018553034892582167,0.016423862644539208,0.023837118528508398,0.023449314866215328,0.020338469973618864,5,5,,Q5,,,,,False,2.5176440407401745e-51,True,True,True,Comb_GapDown__CPR_Tmr_Below
Comb_GapDown__CPR_Tmr_Below,label_oc_2,1.0,1094307,1405,True,810.0,0.01698404951168348,0.05064870203477693,11.465179634204627,1.973496661379423e-30,0.008836482106060127,0.01588479687623078,0.021247382014859015,0.02045616891799432,0.018461166098814968,5,5,,Q5,,,,,False,7.336259328171333e-30,True,True,True,Comb_GapDown__CPR_Tmr_Below
Comb_GapDown__CPR_Tmr_Below,label_oc_3,1.0,1094307,1405,True,810.0,0.014122056917728672,0.05061985963280016,9.416414367077454,4.6675538047537405e-21,0.006381796779589017,0.014017210585520551,0.01932104288583291,0.016717105481133546,0.014145500019414933,5,5,,Q5,,,,,False,1.2232209971078768e-20,True,True,True,Comb_GapDown__CPR_Tmr_Below
Comb_GapDown__CPR_Tmr_Below,label_oc_5,1.0,1094307,1405,True,810.0,0.01105090022889794,0.050147530533965326,7.503755479530147,6.201493897857115e-14,0.004981920002176412,0.010616220670928284,0.016810453855990712,0.012896354583372039,0.009931936315604354,5,5,,Q5,,,,,False,1.23308774015531e-13,True,True,True,Comb_GapDown__CPR_Tmr_Below
Comb_ATRlow__EMA20pos,label_oc_1,1.0,1094307,1328,True,814.0,0.021245937771508856,0.0556267419986581,11.076991013297668,1.622334215044006e-28,0.014593188955859803,0.021329122885199926,0.015305257500098493,0.03430492437764824,0.019541645292391538,5,5,,Q5,,,,,False,5.520779119851244e-28,True,True,True,Comb_ATRlow__EMA20pos
Comb_ATRlow__EMA20pos,label_oc_2,1.0,1094307,1328,True,814.0,0.015603791870295853,0.05886881257323381,7.288697941521646,3.1296483081292453e-13,0.0111953162033743,0.014913712704862334,0.01017665611166669,0.02163026979069281,0.019235908059403065,5,5,,Q5,,,,,False,6.081475689660238e-13,True,True,True,Comb_ATRlow__EMA20pos
Comb_ATRlow__EMA20pos,label_oc_3,1.0,1094307,1328,True,814.0,0.01397887709719677,0.05954853569968702,5.408908006450459,6.341018865390514e-08,0.011265149958579183,0.012384387391259985,0.00870949675078152,0.01632078729250714,0.02051814575131713,5,5,,Q5,,,,,False,1.01475423607999e-07,True,True,True,Comb_ATRlow__EMA20pos
Comb_ATRlow__EMA20pos,label_oc_5,1.0,1094307,1328,True,814.0,0.011662646361825253,0.059874241683711436,3.532748971913621,0.00041126277633814825,0.010779838387328232,0.008717207983610342,0.005988908994281061,0.009696600496073371,0.02256751329149698,5,5,,Q5,,,,,False,0.0005441078124086913,True,True,True,Comb_ATRlow__EMA20pos
Comb_ATRhigh__EMA20neg,label_oc_1,1.0,1094307,1406,True,810.0,-0.014507640258093741,0.10182248399700636,-4.623169798399513,3.7792012039200514e-06,-0.020890975641570098,-0.005809201442945222,-0.013831475701063295,-0.01552838170812883,-0.016471179114000034,0,5,,Q1,,,,,False,5.488266716520839e-06,True,True,True,Comb_ATRhigh__EMA20neg
Comb_ATRhigh__EMA20neg,label_oc_2,1.0,1094307,1406,True,810.0,-0.008593503325028014,0.10987180964659307,-2.0441681796046165,0.040936935548672594,-0.020175709446751136,0.0029838664003031504,-0.005665147452357074,-0.0067701587440202006,-0.01332353453104784,1,4,,Q1,,,,,False,0.04706027548788581,True,True,True,Comb_ATRhigh__EMA20neg
Comb_ATRhigh__EMA20neg,label_oc_3,1.0,1094307,1406,True,810.0,-0.007631183281775195,0.11218406986251116,-1.5275280686606656,0.12662975305510804,-0.02131237966337663,0.004365713007808795,-0.0028252958738427553,-0.004386019884103394,-0.013975356865171963,1,4,,Q1,,,,,False,0.13880569084886843,False,True,False,
Comb_ATRhigh__EMA20neg,label_oc_5,1.0,1094307,1406,True,810.0,-0.008765487874228423,0.11298834276270174,-1.3938288253335456,0.16336930136979352,-0.021219604880713498,-0.0015947078811143598,0.0006048714741411576,-0.004227158144388876,-0.017360253584226687,1,4,,Q1,,,,,False,0.17822105603977476,False,True,False,
D_body_ratio,label_oc_1,0.9988357928807913,1093033,1406,True,809.0,-0.0116409547104979,0.0776734527737771,-4.456827896517588,8.318132979686413e-06,0.011840464328755563,-0.008991846793959757,-0.012909388049571556,-0.021987137820566355,-0.026105390357194735,1,4,0.3333130327409744,Q1,-23.415729026659953,-19.072189490266176,-4.343539536393777,-58.41572902665995,False,1.1853339496053138e-05,True,True,True,D_WQ_38
D_body_ratio,label_oc_2,0.9988357928807913,1093033,1406,True,809.0,-0.02547532387104511,0.07538160805736567,-10.767019984550968,4.92690643659282e-27,-0.008021553215669401,-0.0263900420217908,-0.026193679247523624,-0.03549795874600594,-0.03125282561979181,0,5,-10.734669645100487,Q1,-11.066631127365978,-9.769279609876953,-1.2973515174890256,-46.06663112736598,False,1.5896245295422116e-26,True,True,True,D_WQ_38
D_body_ratio,label_oc_3,0.9988357928807913,1093033,1406,True,809.0,-0.025663162111080384,0.07286634607837605,-11.363895688250112,6.325938346381233e-30,-0.008429238158397015,-0.031074907744027984,-0.027054303763786515,-0.03340318032475858,-0.028344637945802945,0,5,-14.7080836837687,Q1,-1.2283137442293566,-0.5082199648265837,-0.7200937794027694,-36.228313744229354,False,2.3138726357886434e-29,True,True,True,D_WQ_33
D_body_ratio,label_oc_5,0.9988357928807913,1093033,1406,True,809.0,-0.021611380266064344,0.07142354413558635,-9.290063517639384,1.5419627955436426e-20,-0.00845722742286637,-0.026276219690304265,-0.02246689301433924,-0.02780943839746594,-0.02304203151974561,0,5,-16.559818149782178,Q1,17.228166663747366,18.793578948863647,-1.5654122851162793,-17.771833336252634,False,3.906305748710561e-20,True,True,True,D_WQ_33
D_wick_skew,label_oc_1,0.9988357928807913,1093033,1406,True,809.0,-0.018041271625567668,0.056543681733595946,-11.424607409460677,3.1507627165483396e-30,-0.018679685559819883,-0.01782415042521486,-0.020777834266363805,-0.0217579078575876,-0.011191157648663248,0,5,-6.135228538571449,Q1,-16.297404207293635,-19.072189490266176,2.7747852829725392,-51.29740420729364,False,1.1586675796339056e-29,True,True,True,D_wick_skew
D_wick_skew,label_oc_2,0.9988357928807913,1093033,1406,True,809.0,-0.014125954156862358,0.056910379301122034,-9.215817544681496,3.089151480550049e-20,-0.014999714854802271,-0.013078040001316606,-0.015109838992686662,-0.017632586205663218,-0.009824896983130335,0,5,-4.934078865407103,Q1,-7.170695982496539,-9.769279609876953,2.5985836273804117,-42.17069598249654,False,7.683562227986305e-20,True,True,True,D_wick_skew
D_wick_skew,label_oc_3,0.9988357928807913,1093033,1406,True,809.0,-0.0120858104520832,0.05743468796737442,-7.11195567968445,1.144100058682791e-12,-0.014095178060168186,-0.00972146987608672,-0.010707735644212532,-0.01609883156945931,-0.00981392212233887,0,5,-3.4868088607308905,Q1,1.98853355209767,-0.5082199648265837,2.4967535169242567,-33.01146644790233,False,2.1859341903324835e-12,True,True,True,D_wick_skew
D_wick_skew,label_oc_5,0.9988357928807913,1093033,1406,True,809.0,-0.009859423773506992,0.057790614733373505,-4.881930775886788,1.0505213704343553e-06,-0.013513353166496449,-0.004433772430021675,-0.006773799914706609,-0.012326268299003795,-0.01224144810239934,0,5,-2.762171104798872,Q1,21.381945929823885,18.793578948863647,2.5883669809602377,-13.618054070176115,False,1.5654828265296273e-06,True,True,True,D_wick_skew
D_hh_run,label_oc_1,1.0,1094307,1406,True,810.0,-0.02683017890758157,0.06845531274952063,-12.94864508806998,2.3913748374307694e-38,-0.02175061315709285,-0.026339706507886473,-0.030491364532143125,-0.031006454664591527,-0.02457079618410659,0,5,-8.83270075016342,Q1,-3.702700480891847,-6.4386584437447585,2.735957962852911,-38.70270048089185,False,1.3630836573355385e-37,True,True,True,D_hh_run
D_hh_run,label_oc_2,1.0,1094307,1406,True,810.0,-0.033758089048383746,0.06727899305416596,-14.751042798809346,3.0294724982462318e-49,-0.027335296418113605,-0.03662792969366318,-0.035438909472421246,-0.038950344403208575,-0.030449738743142857,0,5,-15.349450201847876,Q1,26.253256587089243,21.349094868955135,4.904161718134109,-8.746743412910757,False,2.6911158296109385e-48,True,True,True,D_hh_run
D_hh_run,label_oc_3,1.0,1094307,1406,True,810.0,-0.031343525224174454,0.06665554915567927,-12.960555924816946,2.0475818874380169e-38,-0.023113491885671904,-0.036343860159968024,-0.034407285179731406,-0.03678770391189627,-0.02608400214757834,0,5,-13.806170570878198,Q1,48.25889093817937,43.849666424717135,4.409224513462228,13.25889093817937,False,1.176929421014793e-37,True,True,True,D_daily_trend
D_hh_run,label_oc_5,1.0,1094307,1406,True,810.0,-0.027632287780986736,0.06457909167317205,-10.556944365091843,4.717694417837823e-26,-0.021148523198617177,-0.03060798946004184,-0.033377624219144496,-0.031553072577669525,-0.021496066535742663,0,5,-16.304385687467555,Q1,79.04649094787283,72.5429234749807,6.50356747289213,44.046490947872826,False,1.4218668216314284e-25,True,True,True,D_daily_trend
D_hl_run,label_oc_1,1.0,1094307,1406,True,810.0,-0.022579236065601766,0.06558157477927648,-11.784284282628278,4.703989761307457e-32,-0.007908707638695736,-0.020974998450685522,-0.026692273341478983,-0.032323628058168616,-0.024988000722762325,0,5,-6.861279194313141,Q1,-9.33848013528104,-13.291208785159649,3.9527286498786065,-44.33848013528104,False,1.950017573778364e-31,True,True,True,D_hl_run
D_hl_run,label_oc_2,1.0,1094307,1406,True,810.0,-0.02635235068903278,0.06563238515071872,-11.638220361907592,2.6345543643858103e-31,-0.009506223663708005,-0.028647340525623368,-0.03284483608089044,-0.03555284643117433,-0.02521455583577222,0,5,-13.57964202200866,Q1,11.77174091136888,5.49967812542609,6.272062785942787,-23.22825908863112,False,1.0476948751394735e-30,True,True,True,D_hl_run
D_hl_run,label_oc_3,1.0,1094307,1406,True,810.0,-0.02541853638932215,0.06439221731051747,-10.64453421417665,1.849067214488186e-26,-0.00810214057169227,-0.029083834687263922,-0.033399959299655,-0.03369115244110969,-0.022824825235692778,0,5,-15.109392180419459,Q1,25.307321246266444,19.830043595611258,5.477277650655187,-9.692678753733556,False,5.855379512545922e-26,True,True,True,D_hl_run
D_hl_run,label_oc_5,1.0,1094307,1406,True,810.0,-0.022530794128133514,0.06453108298751023,-8.48030965960875,2.245953783977454e-17,-0.009736017714979582,-0.02301957541398846,-0.032981298007929226,-0.0282026544535723,-0.01872795827387863,0,5,-17.201754972134253,Q1,48.226879108814664,43.08479630584817,5.1420828029664865,13.226879108814664,False,4.908090697254245e-17,True,True,True,D_hl_run
D_lh_run,label_oc_1,1.0,1094307,1406,True,810.0,0.026525397081694428,0.06756052562649453,11.943707643578469,7.003042803960144e-33,0.017064945495824355,0.029926805847163156,0.027173644093817697,0.03323735933463686,0.025228844702436675,5,5,17.27564899722005,Q5,-18.626315188587895,-25.63861853254807,7.012303343960173,-53.626315188587895,False,3.051007183381362e-32,True,True,True,D_lh_run
D_lh_run,label_oc_2,1.0,1094307,1406,True,810.0,0.03316929725362136,0.06760762152581787,13.85272872775416,1.224697551712868e-43,0.02218902888011205,0.04029947142994008,0.032864445279457324,0.0390209087737717,0.031478648448615684,5,5,29.121156381165736,Q5,-17.647318604716453,-28.70892726867593,11.061608663959476,-52.64731860471645,False,8.547889034404099e-43,True,True,True,D_lh_run
D_lh_run,label_oc_3,1.0,1094307,1406,True,810.0,0.030252889186069856,0.06672962246568906,12.421914873014993,1.9874674284022277e-35,0.01721658570698469,0.03839576448918705,0.03212408312192846,0.03554547072442755,0.027990592764765693,5,5,32.2950580128409,Q5,-17.067771261962864,-29.875507950967638,12.807736689004766,-52.06777126196286,False,9.99579206637591e-35,True,True,True,D_daily_trend
D_lh_run,label_oc_5,1.0,1094307,1406,True,810.0,0.02627158811587808,0.06461988496419038,10.339705291631594,4.659682906565158e-25,0.018086017866653963,0.030377528370429882,0.03163227918198299,0.029367993276167927,0.021909644814055378,5,5,32.739686585902945,Q5,-3.5707969299198195,-15.930192181781754,12.359395251861933,-38.57079692991982,False,1.3738030638321412e-24,True,True,True,D_daily_trend
D_ll_run,label_oc_1,1.0,1094307,1406,True,810.0,0.022354742713342854,0.06438008195654452,12.145975338665979,6.025968168399947e-34,0.008403737707219883,0.021622792417290055,0.021060514278916538,0.033589154247933094,0.027080696574212814,5,5,14.207982260446023,Q5,-20.09368791286999,-26.031742212377125,5.938054299507134,-55.09368791286999,False,2.8039198824391592e-33,True,True,True,D_ll_run
D_ll_run,label_oc_2,1.0,1094307,1406,True,810.0,0.026842525751033762,0.0647075492467768,13.082106669999982,4.167283116620374e-39,0.01181755572883648,0.03114650610038048,0.027616583312659305,0.036892777735850514,0.02673957225997252,5,5,23.472585646167285,Q5,-19.044193979153725,-29.42979577007028,10.38560179091656,-54.044193979153725,False,2.4362578220242183e-38,True,True,True,D_ll_run
D_ll_run,label_oc_3,1.0,1094307,1406,True,810.0,0.024374012894497758,0.06362406170401379,11.185408904196736,4.8068453291006865e-29,0.007582435690809653,0.031229980250407165,0.027247733708344112,0.03284230565054516,0.02297259641962426,5,5,27.260817679347504,Q5,-12.348014043734707,-22.77880574877028,10.430791705035569,-47.34801404373471,False,1.6605465682347827e-28,True,True,True,D_ll_run
D_ll_run,label_oc_5,1.0,1094307,1406,True,810.0,0.020130371119889533,0.06330817405418851,8.750963388050161,2.1153900168463012e-18,0.00943586294651371,0.022738466634468293,0.02658596960385443,0.02540119293706574,0.01650327130606445,5,5,27.73723610021238,Q5,-3.477051234050067,-11.995342090418609,8.518290856368548,-38.477051234050066,False,4.92151963103017e-18,True,True,True,D_ll_run
D_nr_expand,label_oc_1,1.0,1094307,1406,True,810.0,-0.007378195129127089,0.052456062925777015,-4.539012121884478,5.651838731601535e-06,-0.012118320732535997,-0.008310511199426277,-0.009827815334186548,-0.007075592784569068,0.0004135358251738994,1,4,,Q1,,,,,False,8.121549773982037e-06,True,True,True,D_nr_expand
D_nr_expand,label_oc_2,1.0,1094307,1406,True,810.0,-0.009473044750784133,0.05163628914773085,-6.597645226888434,4.1773942115610474e-11,-0.01306152039337861,-0.009094532882794285,-0.009589159838727643,-0.009070679297701412,-0.0065596991193664685,0,5,,Q1,,,,,False,7.345340978683179e-11,True,True,True,D_nr_expand
D_nr_expand,label_oc_3,1.0,1094307,1406,True,810.0,-0.008707389918211135,0.05052350525835591,-7.032226843132901,2.0326297686024622e-12,-0.010849782788012399,-0.008698566737828334,-0.008939850925237493,-0.008546432329365736,-0.006510136218794686,0,5,,Q1,,,,,False,3.809092497874203e-12,True,True,True,D_nr_expand
D_nr_expand,label_oc_5,1.0,1094307,1406,True,810.0,-0.007604776411786381,0.05113851685095899,-6.650925297178022,2.912560925221318e-11,-0.009195498330391048,-0.007484836157944903,-0.008410751055159017,-0.007431118826845383,-0.005509135485482315,0,5,,Q1,,,,,False,5.147782100391166e-11,True,True,True,D_nr_expand
D_compress_state,label_oc_1,1.0,1094307,1406,True,810.0,-0.012929305761820598,0.06895821846884342,-5.215493274469603,1.8332871221271861e-07,-0.01277772535425428,-0.024714850424820762,-0.010978327193660323,-0.009898123874249331,-0.006301089918854833,0,5,-4.053478514683711,Q1,-16.70429446311314,-19.038196096462823,2.3339016333496847,-51.70429446311314,False,2.830628423329561e-07,True,True,True,D_compress_state
D_compress_state,label_oc_2,1.0,1094307,1406,True,810.0,-0.011535161101206684,0.07160225719255903,-3.7960392718421367,0.00014702621773509203,-0.011282963390550913,-0.02803876605687252,-0.010515370563331617,-0.006673912760844559,-0.0012015670903443663,0,5,-6.109387420855944,Q1,-3.7914168027023742,-7.754287486782436,3.9628706840800625,-38.79141680270237,False,0.00020073040505150287,True,True,True,D_compress_state
D_compress_state,label_oc_3,1.0,1094307,1406,True,810.0,-0.010924071263129099,0.07264356081548612,-3.1102056036355514,0.0018695715853439805,-0.008949824693553468,-0.031242013105070087,-0.00954855681830418,-0.006773536251169582,0.0018481219077157221,1,4,-8.600846038104033,Q1,8.449978520739867,2.8642505762411754,5.585727944498692,-26.55002147926013,False,0.002403734895442261,True,True,True,D_compress_state
D_compress_state,label_oc_5,1.0,1094307,1406,True,810.0,-0.010459079792338524,0.0724013479731845,-2.4349098926634514,0.014895498497726558,-0.0036078240812469765,-0.03845857401005684,-0.00872359496381622,-0.006873446007680344,0.005311915562478517,1,4,-10.363387371769637,Q1,30.676697772630693,23.58723076164593,7.0894670109847615,-4.323302227369307,False,0.0175664154697327,True,True,True,D_compress_state
D_dist_from_20h,label_oc_1,1.0,1094307,1406,True,810.0,-0.014974419758265666,0.09310683975449568,-5.1682941977784065,2.362402336635436e-07,0.0028894021209293014,-0.01529329738229838,-0.023058109162889712,-0.02110208372439483,-0.018296189398403752,1,4,-4.859103408164502,Q1,-17.270324744856158,-19.072189490266176,1.8018647454100194,-52.270324744856154,False,3.631198198334018e-07,True,True,True,D_dist_from_20h
D_dist_from_20h,label_oc_2,1.0,1094307,1406,True,810.0,-0.020545741192741194,0.09462343517641353,-5.614869468405148,1.9671068409908393e-08,-0.0036629159801217365,-0.02120182174556323,-0.03168735757339948,-0.02527122052574926,-0.020904114787999455,0,5,-8.986169502265772,Q1,-7.753393448198694,-9.769279609876953,2.015886161678256,-42.75339344819869,False,3.2189021034395554e-08,True,True,True,D_dist_from_20h
D_dist_from_20h,label_oc_3,1.0,1094307,1406,True,810.0,-0.01943210394414892,0.09473565323289487,-4.447312799829221,8.695117706226785e-06,-0.004207111614280858,-0.01887502208932542,-0.03330304469672467,-0.023800723702554066,-0.016983332108378362,0,5,-9.230035073785333,Q1,-0.33913654200930743,-0.5082199648265837,0.16908342281727712,-35.33913654200931,False,1.236478276727468e-05,True,True,True,D_dist_from_20h
D_dist_from_20h,label_oc_5,1.0,1094307,1406,True,810.0,-0.015170390800529114,0.09385478739152228,-2.7532611070241253,0.005900481568277769,-0.00829464314223559,-0.008070037893330731,-0.029702300669328465,-0.019685002563608316,-0.010117949950689936,0,5,-5.794377233007809,Q1,13.365063475509325,18.793578948863647,-5.428515473354323,-21.634936524490676,False,0.007258865814212219,True,True,True,D_dist_from_20h
D_dist_from_20l,label_oc_1,1.0,1094307,1406,True,810.0,-0.02251283447532297,0.09532875571399947,-7.306794247742712,2.7359099617187343e-13,-0.006582797612693766,-0.03143465785692357,-0.02734928306430142,-0.024404846502101663,-0.022791595309157305,0,5,-6.740610537406492,Q1,-16.101833827359275,-19.072189490266176,2.9703556629069023,-51.10183382735927,False,5.346749753758898e-13,True,True,True,D_dist_from_20l
D_dist_from_20l,label_oc_2,1.0,1094307,1406,True,810.0,-0.02710616896432901,0.09630689697590042,-7.211199813644778,5.546099992418951e-13,-0.011687231072680377,-0.03593158792601328,-0.03626303751884868,-0.02607724248798509,-0.02557718703295525,0,5,-12.329170980446317,Q1,-3.735854690565965,-9.769279609876953,6.0334249193109875,-38.735854690565965,False,1.0746550693525673e-12,True,True,True,D_dist_from_20l
D_dist_from_20l,label_oc_3,1.0,1094307,1406,True,810.0,-0.026750084921398413,0.095601617493904,-6.112999010878213,9.77759773157472e-10,-0.012527704384516116,-0.03387860681301669,-0.03785101913126401,-0.026321195544076526,-0.02318458733761973,0,5,-13.96367928748593,Q1,6.225354516425598,-0.5082199648265837,6.733574481252183,-28.774645483574403,False,1.651327616888175e-09,True,True,True,D_dist_from_20l
D_dist_from_20l,label_oc_5,1.0,1094307,1406,True,810.0,-0.024808739138568875,0.09466493464605437,-4.569594473639508,4.886688479847614e-06,-0.017698036814760898,-0.028025001658905813,-0.0372737630846889,-0.023158337306640655,-0.01791309648143221,0,5,-13.73303048157865,Q1,24.58373440683684,18.793578948863647,5.790155457973192,-10.41626559316316,False,7.051677046868709e-06,True,True,True,D_dist_from_20l
D_dist_from_52wh,label_oc_1,1.0,1094307,1406,True,810.0,6.582733915327853e-05,0.10855592252045858,0.015818548226229686,0.9873791509432511,0.03375278391778505,-0.019705497084098404,-0.0043890080814274965,-0.009022412043351613,-0.0003054088877784047,1,1,3.0732625278163135,Q5,-17.69887870332541,-19.072189490266176,1.3733107869407672,-52.698878703325406,False,0.9873791509432511,False,False,False,
D_dist_from_52wh,label_oc_2,1.0,1094307,1406,True,810.0,0.004739324063121568,0.12189180729917383,0.8596110818728088,0.3900034642199898,0.036447310242116844,-0.01981584344029618,0.0020977706042956817,-0.000743583912170434,0.005707521279964993,3,3,7.274392536291932,Q5,-5.0752535127260225,-9.769279609876953,4.694026097150929,-40.07525351272602,False,0.4085344988067199,False,False,False,
D_dist_from_52wh,label_oc_3,1.0,1094307,1406,True,810.0,0.00847452310065434,0.12886841901434867,1.2753067135923646,0.20220070240061122,0.03892347790452926,-0.017468138043031073,0.006768992012816214,0.003813315542099826,0.01032837076421137,4,4,12.999534009578927,Q5,8.390986783477901,-0.5082199648265837,8.899206748304486,-26.6090132165221,False,0.21714053462797814,False,True,False,
D_dist_from_52wh,label_oc_5,1.0,1094307,1406,True,810.0,0.013254532408954434,0.1376450522665415,1.5643771060281548,0.11772903393486744,0.0405210641311194,-0.013921569017394088,0.013947868601124937,0.008866473668826645,0.016846043482896193,4,4,24.472177810162098,Q5,34.873820778727385,18.793578948863647,16.08024182986374,-0.12617922127261494,False,0.1301025605550766,False,True,False,
D_midpoint_slope,label_oc_1,1.0,1094307,1406,True,810.0,-0.01774102316066574,0.09129335652648596,-6.351466242888327,2.1327222111225033e-10,-0.006756232328528783,-0.022890558012286767,-0.024609251340532698,-0.018397650194170983,-0.016057415414450785,0,5,-6.044972603040071,Q1,-16.65816377688814,-19.072189490266176,2.414025713378033,-51.658163776888145,False,3.637860330193996e-10,True,True,True,D_midpoint_slope
D_midpoint_slope,label_oc_2,1.0,1094307,1406,True,810.0,-0.020032549973776768,0.09286236347485316,-5.408664872442921,6.349631769623329e-08,-0.006219851827226717,-0.02515826624205089,-0.02953251664255316,-0.01991902134032504,-0.019335574157710457,0,5,-8.018657329399568,Q1,-6.78353635300157,-9.769279609876953,2.9857432568753812,-41.78353635300157,False,1.01475423607999e-07,True,True,True,D_midpoint_slope
D_midpoint_slope,label_oc_3,1.0,1094307,1406,True,810.0,-0.01979790218049467,0.0931786076387955,-4.567383109059768,4.938509098714783e-06,-0.005507734354852526,-0.022676036913814257,-0.030683568873257006,-0.021226448326827494,-0.01889892165268225,0,5,-7.493569151215615,Q1,1.4623261204347684,-0.5082199648265837,1.9705460852613532,-33.53767387956523,False,7.111453102149288e-06,True,True,True,D_midpoint_slope
D_midpoint_slope,label_oc_5,1.0,1094307,1406,True,810.0,-0.01620198558112648,0.09170916288780594,-3.0889124442118763,0.0020089063363079047,-0.0018257660943986048,-0.015100264159388817,-0.02874285804334978,-0.019681882159473186,-0.015661082371476284,0,5,-1.5865796572186037,Q1,17.09825580147975,18.793578948863647,-1.6953231473838994,-17.90174419852025,False,0.002578033647344478,True,True,True,D_midpoint_slope
D_slope_stability,label_oc_1,1.0,1094307,1406,True,810.0,0.02714675993457692,0.1047011197578873,8.215025958121503,2.121183682054896e-16,0.0364910217826891,0.02771137295079593,0.023427368613324465,0.018191882283610364,0.02990234768038002,5,5,5.822621530715501,Q5,-16.635461217753356,-19.072189490266176,2.43672827251282,-51.63546121775336,False,4.478054439893669e-16,True,True,True,D_slope_stability_rmean50
D_slope_stability,label_oc_2,1.0,1094307,1406,True,810.0,0.022321476032744696,0.11781307016505714,4.338122927350646,1.4370477596426435e-05,0.04072273329413924,0.01932865736322574,0.01587439762330989,0.004500641332637657,0.031149533974107156,5,5,0.5499546564687594,Q5,-10.099504173898925,-9.769279609876953,-0.33022456402197453,-45.09950417389892,False,2.0308691479247274e-05,True,True,True,D_slope_stability_rmean50
D_slope_stability,label_oc_3,1.0,1094307,1406,True,810.0,0.019798445452865368,0.1250759118674379,3.0136135637482164,0.002581564023114843,0.04414234599039929,0.014598304993986847,0.012237350921374629,-0.003113047659176688,0.03108709987034958,4,4,-4.536866632307271,Q5,-3.5053691464726286,-0.5082199648265837,-2.9971491816460407,-38.50536914647263,False,0.003300541666935613,True,True,True,D_slope_stability_rmean50
D_slope_stability,label_oc_5,1.0,1094307,1406,True,810.0,0.016664208900278484,0.13663716575615387,1.8769296037008276,0.06052774283036077,0.04928328398299926,0.008121093274672454,0.006277151740876648,-0.014768006211859185,0.03434460216571592,4,4,-14.826488295035727,Q5,10.520365232554795,18.793578948863647,-8.27321371630885,-24.479634767445205,False,0.06854466241054101,True,True,True,D_slope_stability_rmean50
W_ret_4w,label_oc_1,1.0,1094307,1406,True,810.0,-0.008150507154830806,0.10282950181832409,-2.449726648250063,0.014296470253855543,-0.0013162754144315804,-0.0172211665325805,-0.009222456533865359,-0.01060194040199593,-0.002411121750371267,0,5,-0.8201898681880141,Q1,-20.695129202310707,-19.072189490266176,-1.6229397120445286,-55.69512920231071,False,0.016889094393155772,True,True,True,W_ret_4w
W_ret_4w,label_oc_2,1.0,1094307,1406,True,810.0,-0.005190304434478139,0.10704726964919052,-1.2936344315344233,0.19579172342355614,-0.0017144951158579844,-0.012163714576092327,-0.008684446577495866,-0.004090087584160957,0.0006803297446359609,1,4,1.358383175414368,Q1,-12.517273080433904,-9.769279609876953,-2.7479934705569526,-47.5172730804339,False,0.2115664120406199,False,True,False,
W_ret_4w,label_oc_3,1.0,1094307,1406,True,810.0,-0.003608627753454063,0.10726154355424786,-0.7722511220495473,0.43996570847461275,-0.0015385826173605441,-0.009060591899383477,-0.00653119446009617,-0.003729700619126955,0.0027941451599657954,1,4,4.410130763915689,Q1,-4.275467345881558,-0.5082199648265837,-3.7672473810549723,-39.27546734588156,False,0.45735037172740906,False,True,False,
W_ret_4w,label_oc_5,1.0,1094307,1406,True,810.0,-0.000835800174603728,0.10767793797230439,-0.1425560253615873,0.8866408293430037,-0.004103838514241529,-0.004116881368599772,-0.002320477273815641,-0.0017754089954113532,0.008105784692334575,1,4,12.653282411843824,Q1,12.30804496268653,18.793578948863647,-6.4855339861771135,-22.69195503731347,False,0.8931698487048815,False,True,False,
W_ret_13w,label_oc_1,1.0,1094307,1406,True,810.0,-0.008307627382625362,0.10615891124264104,-2.3132282567598037,0.0207100927724664,0.013870558416648728,-0.031010936780445236,-0.0010728967842534365,-0.01628282574299463,-0.007046523934708269,1,4,0.5569184475303632,Q1,-22.1163166280606,-19.072189490266176,-3.0441271377944235,-57.1163166280606,False,0.024091332408787445,True,True,True,D_donch_pos_20_rmean50
W_ret_13w,label_oc_2,1.0,1094307,1406,True,810.0,-0.0020990148615715994,0.11606384029486615,-0.48410592068498226,0.6283106996206751,0.01598509191356672,-0.024887102129020722,0.004565955219839968,-0.004738936275474319,-0.0014224905964320613,2,3,4.565258849727873,Q1,-14.691416396552048,-9.769279609876953,-4.922136786675095,-49.69141639655205,False,0.6414395799112563,False,False,False,
W_ret_13w,label_oc_3,1.0,1094307,1406,True,810.0,0.00038483809613368633,0.1189258807767775,0.07525593194344031,0.9400110832217428,0.016853180214944294,-0.02187349220051538,0.008370162651114552,-0.001341665637689956,-8.233202008110716e-05,2,2,9.294473277816753,Q5,1.9731796674076398,-0.5082199648265837,2.481399632234224,-33.02682033259236,False,0.9441521012095037,False,False,False,
W_ret_13w,label_oc_5,1.0,1094307,1406,True,810.0,0.003714014132967787,0.12142507019341835,0.5727529555559616,0.5668119763396435,0.016534992123252257,-0.018194776122220053,0.013890386952370945,0.002783655629185606,0.0035563730824300322,4,4,20.004433628930236,Q5,27.573259108828278,18.793578948863647,8.779680159964633,-7.426740891171722,False,0.5830066042350619,False,True,False,
W_close_pos,label_oc_1,1.0,1094307,1406,True,810.0,-0.0013832252200763253,0.0730743968481982,-0.6094435136797097,0.5422305029987139,0.007054837281569708,-0.00988280946055768,-0.004159270292710821,0.0018245874035411804,-0.0017521581038121411,2,3,-2.658574128271544,Q1,-19.219355788259925,-19.072189490266176,-0.14716629799375155,-54.219355788259925,False,0.5594052248131528,False,False,False,
W_close_pos,label_oc_2,1.0,1094307,1406,True,810.0,-0.005276972024613221,0.07556055967203806,-1.85468795897106,0.06364079921843385,0.003106707090873995,-0.014055824844672701,-0.005084915346567,-0.002467175170516724,-0.007874408306695828,1,4,-6.043187645708407,Q1,-9.501970151384555,-9.769279609876953,0.2673094584924013,-44.501970151384555,False,0.07195092010811364,True,True,True,W_close_pos
W_close_pos,label_oc_3,1.0,1094307,1406,True,810.0,-0.0062176568558533945,0.07592947389834392,-1.8930734594561969,0.058348101110010736,0.00287352016360315,-0.013975731929573056,-0.005589210470213371,-0.0033472116689172034,-0.011032515645378152,1,4,-6.707087804735583,Q1,-0.8965432499088387,-0.5082199648265837,-0.3883232850822497,-35.89654324990884,False,0.06629584910173977,True,True,True,W_close_pos
W_close_pos,label_oc_5,1.0,1094307,1406,True,810.0,-0.004067957368151784,0.07598244138381384,-1.038459697908101,0.2990560889865381,0.007967025922189348,-0.012979240081947426,-0.0034888870906544423,-0.0016548354349040053,-0.010162162592366897,1,4,-3.251697097718524,Q1,15.482763350258065,18.793578948863647,-3.3108155986055867,-19.517236649741935,False,0.3186205060230406,False,True,False,
W_vol_vs_4w,label_oc_1,1.0,1094307,1406,True,810.0,-0.006399954899262409,0.06295245959955063,-3.226703951468958,0.001252249516883052,-0.0019864611444504977,-0.012636267589794983,-0.011308552338148392,-0.0027362879622074452,-0.0033430840058155196,0,5,-2.9591818552603315,Q1,-19.869726678390663,-19.072189490266176,-0.7975371881244882,-54.86972667839066,False,0.001622232328689408,True,True,True,W_vol_vs_4w
W_vol_vs_4w,label_oc_2,1.0,1094307,1406,True,810.0,-0.004201051190527586,0.06452924132624323,-1.7769618416698318,0.0755745182747811,0.0016116586958494995,-0.011724573719498846,-0.009891111219422459,-4.880547636874262e-05,-0.0009639441869467785,1,4,-2.1539245339017437,Q1,-11.66698546828906,-9.769279609876953,-1.8977058584121091,-46.666985468289056,False,0.08502133305912873,True,True,True,W_vol_vs_4w
W_vol_vs_4w,label_oc_3,1.0,1094307,1406,True,810.0,-0.0032784687142679656,0.06513798691081613,-1.1836616016531072,0.23654704471733098,0.0023408899226385715,-0.011831719607946267,-0.00806178251943907,0.0013470866984196643,-0.00019778136518739186,2,3,-0.6025941120826982,Q1,-3.438698290361232,-0.5082199648265837,-2.930478325534646,-38.43869829036123,False,0.25280965404164746,False,False,False,
W_vol_vs_4w,label_oc_5,1.0,1094307,1406,True,810.0,0.0008236982652714107,0.06653683033794662,0.23448889445235446,0.8146054538305638,0.0059676187324652335,-0.008682791662236395,-0.0019662121057157887,0.006026253334612562,0.0027667084004159835,3,3,5.122502251432083,Q5,18.494865044176024,18.793578948863647,-0.2987139046876236,-16.505134955823976,False,0.8230282576367883,False,False,False,
D_WQ_3,label_oc_1,0.9999506537013836,1094253,1406,True,810.0,0.025433277259647967,0.05806712877924245,16.237069355868353,2.7578845985502977e-59,0.027276682631202368,0.02771925375535053,0.02715681664472186,0.02476294046500298,0.020269070761031904,5,5,10.47705447065863,Q5,-13.910223047553327,-19.072189490266176,5.161966442712851,-48.91022304755333,False,4.013602266826391e-58,True,True,True,D_WQ_3
D_WQ_3,label_oc_2,0.9999506537013836,1094253,1406,True,810.0,0.025482912681665994,0.058971926013318944,13.233252119185162,5.639343684454651e-40,0.02966706922358732,0.02767345164236998,0.02774366565658936,0.022515842445043326,0.019834635072800002,5,5,14.45157838424671,Q5,-2.66876798862971,-9.769279609876953,7.100511621247242,-37.66876798862971,False,3.4440277501490906e-39,True,True,True,D_WQ_3
D_WQ_3,label_oc_3,0.9999506537013836,1094253,1406,True,810.0,0.025125756837718193,0.05771131776411129,11.46329902857724,2.0168326224819532e-30,0.030128919915162224,0.026652750130020227,0.026157431705352056,0.021872528023077768,0.020832433146974225,5,5,16.02258002263351,Q5,7.360995216182691,-0.5082199648265837,7.869215181009278,-27.63900478381731,False,7.456829804203546e-30,True,True,True,D_WQ_3
D_WQ_3,label_oc_5,0.9999506537013836,1094253,1406,True,810.0,0.02436419122512308,0.05694776649427136,9.127453010256968,7.012973642181264e-20,0.030321336985075442,0.024263244555538244,0.022015132307716994,0.022167000836057858,0.02305888665322649,5,5,16.616856032356548,Q5,26.289491328596203,18.793578948863647,7.495912379732554,-8.710508671403797,False,1.7254942342633038e-19,True,True,True,D_WQ_6
D_WQ_6,label_oc_1,1.0,1094307,1406,True,810.0,0.0235036935888471,0.05495574466578461,14.297742118335842,2.2602447898557577e-46,0.027113778130182127,0.027286266997425326,0.023196120732107934,0.022310001574041654,0.01763319197529537,5,5,11.895822337579384,Q5,-13.68587798266814,-19.072189490266176,5.386311507598034,-48.68587798266814,False,1.8188322779545156e-45,True,True,True,D_WQ_3
D_WQ_6,label_oc_2,1.0,1094307,1406,True,810.0,0.025075696084610948,0.05612212212178923,12.1339571208525,6.979350689005987e-34,0.029395419735825275,0.03000779297835713,0.024997188090209007,0.022134206048732216,0.018865972231330685,5,5,18.13212964858594,Q5,-2.1470788379068417,-9.769279609876953,7.622200771970113,-37.14707883790684,False,3.2255918049189837e-33,True,True,True,D_WQ_3
D_WQ_6,label_oc_3,1.0,1094307,1406,True,810.0,0.025242891443377675,0.054747119641129764,10.836290535208539,2.316754310784264e-27,0.03049252644726111,0.030061737458333206,0.02415429886632405,0.021671411811047068,0.019853661388566392,5,5,21.703830792901275,Q5,8.619840152671738,-0.5082199648265837,9.128060117498329,-26.38015984732826,False,7.545999755125888e-27,True,True,True,D_WQ_3
D_WQ_6,label_oc_5,1.0,1094307,1406,True,810.0,0.025492196686221685,0.053354776365687605,9.640744174715975,5.379654824365527e-22,0.032660640209223955,0.029668507906581425,0.020976507210366906,0.022127695494192606,0.02203991829895446,5,5,24.988569007580633,Q5,29.394338219366112,18.793578948863647,10.600759270502465,-5.605661780633888,False,1.4544205137810357e-21,True,True,True,D_WQ_6
D_WQ_12,label_oc_1,1.0,1094307,1406,True,810.0,0.018670021245792024,0.049783323486921584,13.108744651221876,2.9341491251066943e-39,0.02173294582984666,0.018935599828803246,0.022730716736816453,0.017096901391648815,0.012874566834766732,5,5,6.122536057829166,Q5,-15.135723611366043,-19.072189490266176,3.9364658789001346,-50.135723611366046,False,1.7301362082525682e-38,True,True,True,D_WQ_12
D_WQ_12,label_oc_2,1.0,1094307,1406,True,810.0,0.02365293506467672,0.050260893313840004,15.046517021585819,3.638950624665836e-51,0.024347738516672206,0.025610006585448517,0.027802043573166693,0.021637705352139224,0.018884152054002026,5,5,12.291837209336492,Q5,-5.259512399272785,-9.769279609876953,4.509767210604166,-40.259512399272786,False,3.6073075757556983e-50,True,True,True,D_WQ_12
D_WQ_12,label_oc_3,1.0,1094307,1406,True,810.0,0.024447025742474066,0.049529165094106584,15.4696671080331,5.559379025028313e-54,0.02497541133497778,0.028490380563306716,0.027837549110819627,0.022883504928856192,0.01807097335231093,5,5,16.17970939746057,Q5,4.091989538871121,-0.5082199648265837,4.60020950369771,-30.908010461128878,False,5.94158633299901e-53,True,True,True,D_WQ_12
D_WQ_12,label_oc_5,1.0,1094307,1406,True,810.0,0.024027188585667752,0.04883296784601689,13.23047148864701,5.8519118603300485e-40,0.025050280619221665,0.02931217433766901,0.029469877727692235,0.021476454302377147,0.01485978017061377,5,5,23.147062664517687,Q5,23.21954748999824,18.793578948863647,4.4259685411345995,-11.780452510001759,False,3.542219214571463e-39,True,True,True,D_WQ_12
D_WQ_13,label_oc_1,1.0,1094307,1406,True,810.0,0.02495284774172942,0.05564940758882627,14.417998169932408,3.987406945033273e-47,0.028357746458617463,0.028609397098279372,0.027445251764727258,0.022563882419372634,0.017813368367558445,5,5,12.017413590170785,Q5,-13.358940878962404,-19.072189490266176,5.7132486113037695,-48.3589408789624,False,3.3260809151253157e-46,True,True,True,D_WQ_13
D_WQ_13,label_oc_2,1.0,1094307,1406,True,810.0,0.03193501076254546,0.05743710161667177,14.61642524888336,2.2068727002133107e-48,0.03303944981896681,0.03620575073567454,0.037381316074541385,0.02984130151822561,0.02323818522240133,5,5,22.416396857808095,Q5,-0.0816395330633223,-9.769279609876953,9.687640076813631,-35.081639533063324,False,1.9352575986485956e-47,True,True,True,D_WQ_13
D_WQ_13,label_oc_3,1.0,1094307,1406,True,810.0,0.03420382457231955,0.056965357010777685,13.995456070195921,1.6616032433932541e-44,0.036533767022986996,0.038328368291480355,0.04066205426326338,0.03160582194789221,0.023925688333266762,5,5,30.438118952888196,Q5,12.244669929834139,-0.5082199648265837,12.752889894660726,-22.75533007016586,False,1.2353658896532456e-43,True,True,True,D_WQ_13
D_WQ_13,label_oc_5,1.0,1094307,1406,True,810.0,0.033071485738678796,0.05881291698259445,11.663005919859811,1.9696383448040527e-31,0.038137207713243665,0.03813113841274567,0.03539375264108009,0.030651993844317053,0.023078896896392875,5,5,38.387211637957215,Q5,33.894302828693974,18.793578948863647,15.10072387983033,-1.1056971713060264,False,7.924897810858658e-31,True,True,True,D_WQ_13
D_WQ_16,label_oc_1,1.0,1094307,1406,True,810.0,0.022116689692956062,0.05543638825197482,14.180238585620065,1.214330034805269e-45,0.0246354528816388,0.022171222182496085,0.0249853700540481,0.022032756843213434,0.016777646656538404,5,5,12.239967359663135,Q5,-13.395560769306973,-19.072189490266176,5.676628720959206,-48.395560769306975,False,9.438656179622772e-45,True,True,True,D_WQ_16
D_WQ_16,label_oc_2,1.0,1094307,1406,True,810.0,0.02928816713051852,0.058691139750302844,14.350218639029233,1.0620189778841243e-46,0.030621853469800175,0.030932009057863454,0.03300583098110964,0.030038695256991748,0.021868850150103085,5,5,22.453590056921,Q5,-0.2639275932046134,-9.769279609876953,9.505352016672338,-35.26392759320461,False,8.752060010514952e-46,True,True,True,D_WQ_16
D_WQ_16,label_oc_3,1.0,1094307,1406,True,810.0,0.03094968569781079,0.05829366405383302,13.256882581881761,4.116553598219084e-40,0.03232581198026907,0.03309379334894363,0.03479183293016279,0.03133941423337791,0.02322506574701514,5,5,29.115404885711385,Q5,10.863964099672744,-0.5082199648265837,11.37218406449933,-24.136035900327258,False,2.536687082145814e-39,True,True,True,D_WQ_16
D_WQ_16,label_oc_5,1.0,1094307,1406,True,810.0,0.03054450134673165,0.059672719597206915,10.944258669505025,7.079448150839459e-28,0.03531544121357252,0.033469441844148205,0.03115270880853089,0.028819190675186564,0.023989053189221867,5,5,37.33828931355004,Q5,32.73220580301924,18.793578948863647,13.938626854155588,-2.267794196980759,False,2.3169103039110954e-27,True,True,True,D_WQ_16
D_WQ_19,label_oc_1,1.0,1094307,1406,True,810.0,0.022933258481895903,0.07383751195363979,11.585056232118163,4.906445229733236e-31,0.020261484600991312,0.023735291484256574,0.020316282353166598,0.029620879191243843,0.02074015940287818,5,5,9.898674618467606,Q5,-15.630184905537014,-19.072189490266176,3.4420045847291605,-50.630184905537014,False,1.9068230324645075e-30,True,True,True,D_WQ_19
D_WQ_19,label_oc_2,1.0,1094307,1406,True,810.0,0.02805059550214296,0.07634643218622625,10.755579706952805,5.578216107902293e-27,0.024377840344993074,0.033644076555421454,0.0226337672683544,0.034154706948518986,0.02545183465267764,5,5,16.480769290567334,Q5,-2.3183199106664785,-9.769279609876953,7.450959699210474,-37.31831991066648,False,1.7913144684531308e-26,True,True,True,D_WQ_19
D_WQ_19,label_oc_3,1.0,1094307,1406,True,810.0,0.028707095965703127,0.0756998866326731,10.061967154771905,8.135622473452102e-24,0.025847622532669635,0.0344704515053871,0.024429814064695455,0.03414342371602639,0.024658575555680212,5,5,20.481980362906157,Q5,9.82588564255033,-0.5082199648265837,10.334105607376918,-25.174114357449668,False,2.3283538794314803e-23,True,True,True,D_WQ_19
D_WQ_19,label_oc_5,1.0,1094307,1406,True,810.0,0.0289247922786661,0.07661846656934934,8.834037381808093,1.009638869826794e-18,0.024623156337818822,0.03680142982349023,0.02382087859075827,0.03148559885017289,0.027896556991400832,5,5,27.10234221686931,Q5,35.665482168560864,18.793578948863647,16.871903219697213,0.6654821685608638,False,2.365044475895641e-18,True,True,True,D_WQ_19
D_WQ_20,label_oc_1,1.0,1094307,1406,True,810.0,0.0216756717671417,0.05720815465726748,13.757034682954997,4.620948102758288e-43,0.028085377414562844,0.02347056502050933,0.018446954245351914,0.02401646626469853,0.014384941549722622,5,5,14.705289938801027,Q5,-13.57571088522494,-19.072189490266176,5.496478605041239,-48.575710885224936,False,3.160728502286669e-42,True,True,True,D_WQ_20
D_WQ_20,label_oc_2,1.0,1094307,1406,True,810.0,0.02025324493833022,0.05793139877564649,11.582621659084667,5.047830483228054e-31,0.020701445873711904,0.025183138374365265,0.01798699375575439,0.02383607474205321,0.013582311920917262,5,5,17.611688444263834,Q5,-4.523398605023001,-9.769279609876953,5.245881004853952,-39.523398605023004,False,1.9506870341966037e-30,True,True,True,D_WQ_20
D_WQ_20,label_oc_3,1.0,1094307,1406,True,810.0,0.016647755803929302,0.05821346333248611,9.623490683064981,6.363422958578492e-22,0.014912346327593508,0.022774233272770728,0.01691920874819713,0.02047416167640616,0.008188931572016741,5,5,16.473864192386504,Q5,3.2328672677478045,-0.5082199648265837,3.7410872325743925,-31.767132732252197,False,1.713614686483342e-21,True,True,True,D_WQ_20
D_WQ_20,label_oc_5,1.0,1094307,1406,True,810.0,0.01460893528160813,0.058759336567404986,7.9911004009676905,1.3373958152183722e-15,0.014823007845220943,0.016513269471410113,0.021291488435705438,0.015290851034854204,0.005159686839505109,5,5,17.941265491426204,Q5,21.463932827805202,18.793578948863647,2.6703538789415546,-13.536067172194798,False,2.7720567806344446e-15,True,True,True,D_WQ_20
D_WQ_23,label_oc_1,1.0,1094307,1406,True,810.0,0.025031646642564166,0.06421890628176302,12.021591479770645,2.7364947743109154e-33,0.02250141715574749,0.01995357301356599,0.027454059342687052,0.03117166999526199,0.02408089715568954,5,5,12.029736443033036,Q5,-15.662999364123259,-18.938142363895196,3.275142999771936,-50.66299936412326,False,1.223374134397821e-32,True,True,True,D_WQ_23
D_WQ_23,label_oc_2,1.0,1094307,1406,True,810.0,0.03136787181448478,0.06311100349057527,12.858348984292219,7.720816648503832e-38,0.028725040159288086,0.030084253774578386,0.03244532925353129,0.0370748025960793,0.028520067822725335,5,5,24.401977270525787,Q5,-2.765699869060179,-9.256185184638273,6.490485315578096,-37.76569986906018,False,4.158298100454033e-37,True,True,True,D_WQ_23
D_WQ_23,label_oc_3,1.0,1094307,1406,True,810.0,0.03088259216752724,0.06202859778930006,11.739646715886682,7.981917369915192e-32,0.031110499031120568,0.03376228089090647,0.03177018303971322,0.03408977579905226,0.02370576239631417,5,5,31.54103956147296,Q5,8.223933117038492,0.30053772160782477,7.923395395430669,-26.77606688296151,False,3.249780643465471e-31,True,True,True,D_WQ_23
D_WQ_23,label_oc_5,1.0,1094307,1406,True,810.0,0.029368273404322114,0.06388528055026009,10.281171531213928,8.567972944890012e-25,0.03382313070356207,0.030353246734932043,0.033023185893069906,0.03054172744604989,0.01913648829066449,5,5,45.55062993764689,Q5,35.90858648361933,20.182988113955176,15.725598369664144,0.9085864836193309,False,2.51523325935827e-24,True,True,True,D_WQ_23
D_WQ_26,label_oc_1,0.9157814032076922,1002146,1406,True,745.0,0.03257284508404316,0.062143557778196926,20.933112651152424,2.6744896574163096e-97,0.02652227321526131,0.03799155650684397,0.036097543377999544,0.030304822217811223,0.03195024575826336,5,5,10.809672450451902,Q5,-13.851324315245094,-19.072189490266176,5.220865175021084,-48.851324315245094,False,1.1433443285454723e-95,True,True,True,D_WQ_26
D_WQ_26,label_oc_2,0.9157814032076922,1002146,1406,True,745.0,0.032185502932038715,0.06194112426466365,16.109095385753292,2.202219775427668e-58,0.026790543266956932,0.03903329561407296,0.037697851237070513,0.025829322522469556,0.03157866159732719,5,5,15.104244853151,Q5,-1.971240604856433,-9.769279609876953,7.798039005020518,-36.97124060485643,False,3.138163179984427e-57,True,True,True,D_WQ_26
D_WQ_26,label_oc_3,0.9157814032076922,1002146,1406,True,745.0,0.031232633953173973,0.06183082373637253,13.537547902231262,9.387037354485041e-42,0.026680628858279275,0.03866743511539463,0.03599252787169248,0.02337794400282247,0.031443882144757226,5,5,15.822147364139386,Q5,8.035719351488794,-0.5082199648265837,8.543939316315377,-26.964280648511206,False,6.233721893658028e-41,True,True,True,D_WQ_26
D_WQ_26,label_oc_5,0.9157814032076922,1002146,1406,True,745.0,0.02719558621281247,0.0616205376609705,10.108169936330292,5.082476674247691e-24,0.0215773872271126,0.033235240952016076,0.030532308023810288,0.02138669239265674,0.029239030425006866,5,5,12.747744810564424,Q5,26.42324145671441,18.793578948863647,7.629662507850771,-8.576758543285589,False,1.4606781702459748e-23,True,True,True,D_WQ_26
D_WQ_29,label_oc_1,1.0,1094307,1406,True,810.0,0.04004307623345738,0.09105895813040711,15.913036398297464,5.145619427665131e-57,0.031723673696654506,0.047259828778525755,0.04130037297690893,0.04457827635333879,0.03536986002452418,5,5,17.182465876138576,Q5,-12.782689172310278,-19.072189490266176,6.289500317955897,-47.78268917231028,False,6.768468631774903e-56,True,True,True,D_WQ_29
D_WQ_29,label_oc_2,1.0,1094307,1406,True,810.0,0.04881597242827583,0.09019490310411926,15.476933844252953,4.965828917541333e-54,0.0416340662124765,0.058873279467558604,0.050619395729231166,0.05164880358858721,0.04133095421900351,5,5,28.530112827503093,Q5,0.5430378565123243,-9.769279609876953,10.312317466389276,-34.45696214348767,False,5.391471396187733e-53,True,True,True,D_WQ_29
D_WQ_29,label_oc_3,1.0,1094307,1406,True,810.0,0.05066412536722999,0.08793566478770574,13.948861528795312,3.1966736102413306e-44,0.04541523829487541,0.06010385474477562,0.054921592278984015,0.052685763858101704,0.04023130513355438,5,5,35.64627903695322,Q5,12.378447224378863,-0.5082199648265837,12.886667189205445,-22.621552775621137,False,2.3511018810807205e-43,True,True,True,D_WQ_29
D_WQ_29,label_oc_5,1.0,1094307,1406,True,810.0,0.04901241505523776,0.08873187963625151,11.355210408950766,6.98714780318693e-30,0.046326116452342726,0.0553049270653101,0.05338177784269639,0.04952030585017093,0.04055903128194371,5,5,43.00828510135054,Q5,35.18041957650514,18.793578948863647,16.386840627641497,0.1804195765051375,False,2.5421324986063084e-29,True,True,True,D_WQ_29
D_WQ_33,label_oc_1,1.0,1094307,1406,True,810.0,0.02155239662678942,0.08523412583048527,8.12806486894029,4.3619778448356814e-16,-0.002067932531231238,0.01806980471425763,0.024973379355059142,0.03268782228387824,0.03405441813224859,4,4,6.539816963820511,Q5,-20.80217957769227,-19.072189490266176,-1.7299900874260972,-55.80217957769227,False,9.152125294072411e-16,True,True,True,D_WQ_38
D_WQ_33,label_oc_2,1.0,1094307,1406,True,810.0,0.0357949117656974,0.08096826228609585,14.99747398675241,7.626706005577107e-51,0.01853878077096504,0.035529322660950644,0.03850932778242752,0.046255805605105456,0.04012590920675702,5,5,20.476670945418356,Q5,-7.49276587884889,-9.769279609876953,2.2765137310280585,-42.49276587884889,False,7.146119051801015e-50,True,True,True,D_WQ_38
D_WQ_33,label_oc_3,1.0,1094307,1406,True,810.0,0.03532128460733432,0.07713101855178602,16.007281763818504,1.1366838880680759e-57,0.01823379180549294,0.03979007017926282,0.03860605944442966,0.042586109718719206,0.03738305462890375,5,5,26.28146902814764,Q5,2.9390794300065544,-0.5082199648265837,3.4472993948331405,-32.06092056999344,False,1.5549835588771278e-56,True,True,True,D_WQ_33
D_WQ_33,label_oc_5,1.0,1094307,1406,True,810.0,0.03006080377669639,0.07480575247352052,13.302394128644492,2.241734877914585e-40,0.01781229047725157,0.03258178409900949,0.03223666130242695,0.03561795342124045,0.03204825679700435,5,5,31.151271294691306,Q5,22.978361486454233,18.793578948863647,4.184782537590587,-12.021638513545767,False,1.406740051828969e-39,True,True,True,D_WQ_33
D_WQ_35,label_oc_1,1.0,1094307,1406,True,810.0,0.02702651384325104,0.07463698470971256,11.647198009379505,2.3712797541052034e-31,0.008870258990655602,0.02457353451103158,0.030393778095905228,0.037176077259225275,0.03409376998172054,5,5,12.775881059002888,Q5,-14.093880932898266,-19.151405561013252,5.057524628114988,-49.093880932898266,False,9.485119016420814e-31,True,True,True,D_WQ_35
D_WQ_35,label_oc_2,1.0,1094307,1406,True,810.0,0.03813120905759948,0.07177402924629141,16.399103125137948,1.9408217077014186e-60,0.022533248218419455,0.03854741946859048,0.04339351086617061,0.04621518706311938,0.039960170910654576,5,5,25.643901391297394,Q5,0.6503005277272684,-9.830775757009546,10.481076284736812,-34.34969947227273,False,2.8859174957995005e-59,True,True,True,D_WQ_35
D_WQ_35,label_oc_3,1.0,1094307,1406,True,810.0,0.03902855638590659,0.07038264283333981,15.363015565854543,2.897762773957351e-53,0.023943387739178663,0.0408933998549443,0.0466263672675003,0.044791727610467624,0.03888839824087635,5,5,32.95806994655557,Q5,12.260363497102203,-0.4411541219981438,12.701517619100345,-22.739636502897795,False,3.0031359657376183e-52,True,True,True,D_WQ_35
D_WQ_35,label_oc_5,1.0,1094307,1406,True,810.0,0.036358597819365915,0.07079256405704867,12.06768816074173,1.564683826223333e-33,0.027847203986301975,0.03425522315023365,0.04389008720381245,0.03865266321834923,0.03714501290792385,5,5,38.93590426675362,Q5,33.37245968753286,18.88399699937223,14.488462688160633,-1.62754031246714,False,7.041077218004997e-33,True,True,True,D_WQ_35
D_WQ_38,label_oc_1,1.0,1094307,1406,True,810.0,0.029238426611580458,0.08809529624680616,10.554933388174275,4.819813287274307e-26,0.003545578615067897,0.029341866782003984,0.03335807330982513,0.0399168095886728,0.03999153746392556,5,5,9.131877911820933,Q5,-17.695558592238278,-19.072189490266176,1.3766308980278994,-52.69555859223828,False,1.4459439861822921e-25,True,True,True,D_WQ_38
D_WQ_38,label_oc_2,1.0,1094307,1406,True,810.0,0.04174673720228548,0.08521782544598497,15.249146451403961,1.6679929625199202e-52,0.019709358184657317,0.045164794894316185,0.04628323567035705,0.05189291151027673,0.045669426005190555,5,5,21.404128327568735,Q5,-4.463439596137988,-9.769279609876953,5.305840013738964,-39.46343959613799,False,1.7028465468113815e-51,True,True,True,D_WQ_38
D_WQ_38,label_oc_3,1.0,1094307,1406,True,810.0,0.04097940690609838,0.08084660497217716,14.3088380547118,1.927061624525879e-46,0.01814431327695159,0.0477770372985273,0.04687296336098817,0.048362820079387296,0.0437301115302101,5,5,26.18238739436896,Q5,5.691378974286342,-0.5082199648265837,6.199598939112925,-29.30862102571366,False,1.5691787513996445e-45,True,True,True,D_WQ_33
D_WQ_38,label_oc_5,1.0,1094307,1406,True,810.0,0.035460776451400916,0.0792570648417659,10.71370923504519,8.777303393977741e-27,0.017794075093242333,0.03851421543785925,0.04306786618760398,0.04068704810856235,0.03723436572413977,5,5,29.057814246093383,Q5,24.35877513503441,18.793578948863647,5.565196186170764,-10.64122486496559,False,2.80545585115924e-26,True,True,True,D_WQ_33
D_WQ_40,label_oc_1,0.9999789821320708,1094284,1406,True,810.0,0.04323337911993957,0.07224793184987584,19.003376663734954,1.59917345740895e-80,0.0334116734036213,0.04646074060142103,0.04917508908999655,0.047533151213268426,0.03959917440425775,5,5,16.809400857706933,Q5,-11.257960159553287,-19.072189490266176,7.814229330712889,-46.257960159553285,False,3.4182332652116305e-79,True,True,True,D_WQ_40
D_WQ_40,label_oc_2,0.9999789821320708,1094284,1406,True,810.0,0.04388129779656854,0.07321157587708058,15.553347225869901,1.5100320592040528e-54,0.03454939296633853,0.04935787064535909,0.05231728778739985,0.042716524220658234,0.040477526428453946,5,5,25.699903602087055,Q5,1.9162056664806915,-9.769279609876953,11.685485276357642,-33.08379433351931,False,1.6932162762222494e-53,True,True,True,D_WQ_40
D_WQ_40,label_oc_3,0.9999789821320708,1094284,1406,True,810.0,0.04383148859128659,0.07196024437532421,13.600338516259907,3.985843184294129e-42,0.03564623468392882,0.04997246525421314,0.051892684263524176,0.04079514893270261,0.04086147925032386,5,5,31.03732590866317,Q5,13.81637547988472,-0.5082199648265837,14.324595444711308,-21.18362452011528,False,2.6728595471148866e-41,True,True,True,D_WQ_40
D_WQ_40,label_oc_5,0.9999789821320708,1094284,1406,True,810.0,0.043122937582096475,0.07121870348566568,11.113831416985237,1.0744813713230925e-28,0.0367946319993628,0.050123637206198994,0.04938842567662755,0.03778307833649774,0.04153058143963323,5,5,35.27477873106281,Q5,35.21969994392994,18.793578948863647,16.4261209950663,0.21969994392993897,False,3.6747262899249765e-28,True,True,True,D_WQ_40
D_WQ_41,label_oc_1,1.0,1094307,1406,True,810.0,0.01153427246165853,0.06454442420189624,5.021192624332678,5.135162913596205e-07,-0.0005800849276641172,0.0059219946821055195,0.013231599263519566,0.011359188370070874,0.027681202535655834,4,4,0.9801877898560292,Q5,-18.78411621765851,-19.072189490266176,0.2880732726076646,-53.78411621765851,False,7.770910249778328e-07,True,True,True,D_WQ_41
D_WQ_41,label_oc_2,1.0,1094307,1406,True,810.0,0.023143115824538298,0.06361648456995633,12.397077012245397,2.710309524459044e-35,0.017015913001800612,0.01986061966903196,0.023865332060497086,0.02309904102299835,0.031843710398349906,5,5,11.102140582040064,Q5,-7.370395097903779,-9.769279609876953,2.3988845119731708,-42.37039509790378,False,1.3531764341094788e-34,True,True,True,D_WQ_41
D_WQ_41,label_oc_3,1.0,1094307,1406,True,810.0,0.022545994818358662,0.06409602179908946,11.627742450081305,2.9787128030434473e-31,0.017180405520270028,0.023304986385397984,0.02608080407482941,0.01932896358406536,0.026819605946702622,5,5,13.996756124712372,Q5,1.157799895926313,-0.5082199648265837,1.6660198607529002,-33.84220010407369,False,1.1777107267524381e-30,True,True,True,D_WQ_41
D_WQ_41,label_oc_5,1.0,1094307,1406,True,810.0,0.019172320694854743,0.06322515106237467,9.756567956181446,1.729077799088325e-22,0.01935210031890038,0.01890630976141255,0.019279780130007754,0.014356046196745208,0.023950363356667562,5,5,15.630267760161628,Q5,18.010175943516103,18.793578948863647,-0.7834030053475457,-16.989824056483897,False,4.807679734050464e-22,True,True,True,D_WQ_41
D_WQ_44,label_oc_1,0.9998848586365617,1094181,1406,True,810.0,0.03998281999760463,0.0577798790850076,27.406441056881803,2.2982277288683703e-165,0.03663440904394235,0.038848732790112334,0.041489284514292984,0.043754391612330266,0.03919010308397732,5,5,14.797519143351094,Q5,-11.611775781738695,-19.072189490266176,7.46041370852748,-46.61177578173869,False,1.5719877665459652e-162,True,True,True,D_WQ_44
D_WQ_44,label_oc_2,0.9998848586365617,1094181,1406,True,810.0,0.04250618572415087,0.05993699969502891,21.533972463398083,7.483580765158444e-103,0.03650656199894956,0.04161491480715387,0.04803460856285988,0.044634763233348924,0.0417427967053418,5,5,22.443298702182904,Q5,1.08857541552178,-9.769279609876953,10.857855025398731,-33.91142458447822,False,4.2656410361403135e-101,True,True,True,D_WQ_44
D_WQ_44,label_oc_3,0.9998848586365617,1094181,1406,True,810.0,0.04236954403489739,0.0599545884665462,17.888882562499937,1.439664803115519e-71,0.03562354416468794,0.04161122619690436,0.04909429033727651,0.042559128392579484,0.04295743893038569,5,5,26.945963782212008,Q5,12.420233059623254,-0.5082199648265837,12.928453024449839,-22.579766940376746,False,2.661434392786527e-70,True,True,True,D_WQ_44
D_WQ_44,label_oc_5,0.9998848586365617,1094181,1406,True,810.0,0.040539418917802605,0.061313887251422894,14.551277926899216,5.732211243919808e-48,0.03465610268968382,0.04097469617052284,0.04626180709247812,0.03720975790951477,0.043583896287774426,5,5,30.222696766536764,Q5,33.06071533861342,18.793578948863647,14.267136389749778,-1.93928466138658,False,4.963079102330568e-47,True,True,True,D_WQ_44
D_slope_stability_rmean50,label_oc_1,1.0,1094307,1406,True,810.0,0.030510815247134122,0.10914084152495887,9.398684317422404,5.524958506173222e-21,0.037960097407497354,0.03478170964981584,0.024957883215132398,0.02085496846470459,0.03398704656855097,5,5,6.406386796140629,Q5,-16.018885607118435,-19.072189490266176,3.0533038831477435,-51.018885607118435,False,1.4260647615933903e-20,True,True,True,D_slope_stability_rmean50
D_slope_stability_rmean50,label_oc_2,1.0,1094307,1406,True,810.0,0.024888155518172993,0.12068872405209567,4.948365776562306,7.483917100701571e-07,0.042231967529803356,0.02586174944182321,0.016778737366482038,0.004941398532572862,0.034592390077623186,5,5,1.641600339040478,Q5,-8.917808964425303,-9.769279609876953,0.8514706454516502,-43.917808964425305,False,1.1250547905230493e-06,True,True,True,D_slope_stability_rmean50
D_slope_stability_rmean50,label_oc_3,1.0,1094307,1406,True,810.0,0.02199695135014217,0.12695723599911646,3.427740113822336,0.0006086278037009394,0.04549532441759129,0.021145180329987547,0.012499358571474462,-0.003380276986908838,0.034181807939600344,4,4,-3.331523130817923,Q5,-1.9519736546736572,-0.5082199648265837,-1.4437536898470702,-36.95197365467366,False,0.0007944683544493178,True,True,True,D_slope_stability_rmean50
D_slope_stability_rmean50,label_oc_5,1.0,1094307,1406,True,810.0,0.018341727673185017,0.13730688094053164,2.111646675055202,0.03471676597228923,0.05058458084433717,0.015072179232023917,0.005602320445894028,-0.0163884339211885,0.03677240217588093,4,4,-13.90381693695647,Q5,12.653978244826229,18.793578948863647,-6.139600704037414,-22.346021755173773,False,0.04011193906257742,True,True,True,D_slope_stability_rmean50
D_slope_stability_rstd10,label_oc_1,1.0,1094307,1406,True,810.0,0.02100133971539355,0.09278400783521851,7.184593442905499,6.740746701177118e-13,0.027867517306345527,0.021341555239341184,0.01681848863104451,0.014891166418282835,0.02407702548100844,5,5,3.780151031979962,Q5,-17.620434378576864,-19.072189490266176,1.4517551116893124,-52.62043437857686,False,1.3024493626003245e-12,True,True,True,D_slope_stability_rmean50
D_slope_stability_rstd10,label_oc_2,1.0,1094307,1406,True,810.0,0.016516631026746286,0.1041511981138105,3.6412592492197513,0.0002713077622966051,0.030586731345557665,0.015028129104070836,0.009624443060676075,0.0032913704822258413,0.02402575826845472,5,5,-1.6041863199173887,Q5,-11.230467637376611,-9.769279609876953,-1.4611880274996623,-46.23046763737661,False,0.00036747427606114433,True,True,True,D_slope_stability_rmean50
D_slope_stability_rstd10,label_oc_3,1.0,1094307,1406,True,810.0,0.014131605666580928,0.11112313613449648,2.4522415366846873,0.014196932980787403,0.03377241168006745,0.011317701910847435,0.00601815574295619,-0.003941028146569376,0.02345759855879789,4,4,-6.807290668530427,Q5,-4.868978027575895,-0.5082199648265837,-4.360758062749309,-39.86897802757589,False,0.016800522766191324,True,True,True,D_slope_stability_rmean50
D_slope_stability_rstd10,label_oc_5,1.0,1094307,1406,True,810.0,0.011753516526487741,0.1209128158425208,1.5170690466673318,0.12924925226223127,0.04030496409344647,0.007561768224105294,0.0004929270672260933,-0.015358028811674968,0.02571626257163068,4,4,-16.42510175080092,Q5,9.096380597361255,18.793578948863647,-9.69719835150239,-25.903619402638746,False,0.1414503816757859,False,True,False,
D_slope_stability_rstd20,label_oc_1,1.0,1094307,1406,True,810.0,0.022604891525596527,0.09875544815544658,7.338023312008404,2.1677141906783885e-13,0.03071180797846415,0.023745275740395984,0.01992121104865754,0.013368098503101385,0.025268585021080717,5,5,4.838068797313172,Q5,-17.61381006301408,-19.072189490266176,1.4583794272520978,-52.61381006301408,False,4.248471365111799e-13,True,True,True,D_slope_stability_rmean50
D_slope_stability_rstd20,label_oc_2,1.0,1094307,1406,True,810.0,0.018406412156996056,0.11018959896156959,3.8267371769357226,0.0001298530305032762,0.03468504910365536,0.016920835083426698,0.013152030556479373,0.000420280366708102,0.02682391016578268,5,5,-0.0665705507599409,Q5,-11.16756089175566,-9.769279609876953,-1.3982812818787071,-46.167560891755656,False,0.00017763894572848184,True,True,True,D_slope_stability_rmean50
D_slope_stability_rstd20,label_oc_3,1.0,1094307,1406,True,810.0,0.016115661782001686,0.11735783818646488,2.623432882765084,0.008704859418810523,0.03868286276635837,0.012450101067903478,0.00968908004528349,-0.007264440660053427,0.02698203532204661,4,4,-4.942942750806627,Q5,-4.6915089652679915,-0.5082199648265837,-4.183289000441406,-39.69150896526799,False,0.010556957167493613,True,True,True,D_slope_stability_rmean50
D_slope_stability_rstd20,label_oc_5,1.0,1094307,1406,True,810.0,0.012873611928318656,0.12812104784126965,1.5619469823585115,0.11830047916436007,0.04397964324223073,0.006285105444385583,0.0040182874908538365,-0.019764104431002332,0.02978893102999493,4,4,-14.539805299944135,Q5,9.545886329425624,18.793578948863647,-9.247692619438022,-25.454113670574376,False,0.13051214152971335,False,True,False,
D_body_ratio_rmean50,label_oc_1,0.9999990861796553,1094306,1406,True,810.0,0.03614014434530325,0.08425614799201252,13.831624262403968,1.642689415780372e-43,0.04743746648520247,0.02754814754648672,0.039034593730149544,0.03374764104656406,0.03294424622104677,5,5,14.887497422281042,Q5,-12.683610235276735,-19.072189490266176,6.388579254989441,-47.68361023527673,False,1.1349490509028025e-42,True,True,True,D_body_ratio_rmean50
D_body_ratio_rmean50,label_oc_2,0.9999990861796553,1094306,1406,True,810.0,0.029298255787451422,0.0914214150262019,8.272721883448366,1.309348821029452e-16,0.03663226847419293,0.02279309815649151,0.031257468890906616,0.024577571052481283,0.03122401911291621,5,5,14.326212151915938,Q5,-4.117109481343807,-9.769279609876953,5.652170128533145,-39.1171094813438,False,2.825219538120332e-16,True,True,True,D_body_ratio_rmean50
D_body_ratio_rmean50,label_oc_3,0.9999990861796553,1094306,1406,True,810.0,0.027238610808188277,0.09583625512922954,6.226131182367756,4.780938025352717e-10,0.033463632662060795,0.02184948632496478,0.029410988269044706,0.020483790038643885,0.030971871122333478,5,5,14.498835437810714,Q5,4.920187019662155,-0.5082199648265837,5.428406984488741,-30.079812980337845,False,8.114544936330667e-10,True,True,True,D_body_ratio_rmean50
D_body_ratio_rmean50,label_oc_5,0.9999990861796553,1094306,1406,True,810.0,0.02560510010262143,0.1002172352867796,4.44616391954571,8.741725464768565e-06,0.02872651179299105,0.022733449188352836,0.027648547147253923,0.015616626038907589,0.03327307816743516,5,5,16.862192808930967,Q5,24.312038423568215,18.793578948863647,5.518459474704565,-10.687961576431785,False,1.2405270161621782e-05,True,True,True,D_body_ratio_rmean50
D_body_ratio_rmean20,label_oc_1,0.9999570504437969,1094260,1406,True,810.0,0.022927092909425895,0.08349357867229197,9.017061665982816,1.9320166989102129e-19,0.033853994423385596,0.01628774411056549,0.022455852633989647,0.021055846185274393,0.020988924590068646,5,5,10.44904785550243,Q5,-14.69055570734542,-19.072189490266176,4.381633782920758,-49.69055570734542,False,4.653166979065442e-19,True,True,True,D_body_ratio_rmean20
D_body_ratio_rmean20,label_oc_2,0.9999570504437969,1094260,1406,True,810.0,0.01409950459570696,0.08621001651579754,4.30783838573143,1.6485776816565438e-05,0.019643386534559274,0.008913032532820293,0.011382079620665802,0.01366828540711384,0.016880840889447687,5,5,7.278879496095399,Q5,-7.457279060854135,-9.769279609876953,2.3120005490228195,-42.457279060854134,False,2.325004400521806e-05,True,True,True,D_body_ratio_rmean20
D_body_ratio_rmean20,label_oc_3,0.9999570504437969,1094260,1406,True,810.0,0.01174129936954449,0.08798887771478331,2.966099560964534,0.0030160283623205707,0.01541369044683584,0.008019790011753188,0.007920618185815454,0.010353772857272438,0.016979982346128873,5,5,7.018177309694622,Q5,1.448372852449547,-0.5082199648265837,1.9565928172761333,-33.551627147550455,False,0.003820302592272723,True,True,True,D_body_ratio_rmean20
D_body_ratio_rmean20,label_oc_5,0.9999570504437969,1094260,1406,True,810.0,0.010599317637645583,0.08955358966880327,2.0693169197257664,0.03851635693254361,0.006931608596204231,0.010680830875222778,0.00681465549819923,0.008561912172583152,0.01997421840981862,5,5,8.648785012623431,Q5,20.680934821541715,18.793578948863647,1.8873558726780726,-14.319065178458285,False,0.044426961453389265,True,True,True,D_body_ratio_rmean20
D_close_roll_slope_20_rstd20,label_oc_1,1.0,1094307,1406,True,810.0,0.026813612853646387,0.09983018086401808,8.70266344166213,3.2418425661761485e-18,0.03374653501781404,0.028683802484192653,0.02338608215005914,0.01951297564716418,0.028731842528876558,5,5,6.117061194163142,Q5,-16.228983337409744,-19.072189490266176,2.8432061528564305,-51.228983337409744,False,7.441007769343912e-18,True,True,True,D_slope_stability_rmean50
D_close_roll_slope_20_rstd20,label_oc_2,1.0,1094307,1406,True,810.0,0.0220776996745602,0.11169325604409569,4.585397458865265,4.531236194497672e-06,0.03715475130072203,0.021002782087576638,0.0165677318954464,0.006150485975331971,0.029486381697273006,5,5,1.4924040573345347,Q5,-8.877495638127238,-9.769279609876953,0.8917839717497162,-43.877495638127236,False,6.566452451348321e-06,True,True,True,D_slope_stability_rmean50
D_close_roll_slope_20_rstd20,label_oc_3,1.0,1094307,1406,True,810.0,0.019640248168531674,0.11848081753004744,3.184357660352418,0.001450756397706839,0.0401222121929521,0.01662134817450908,0.013583531968344466,-0.0012561422377141065,0.029096638111318462,4,4,-3.4275786796334295,Q5,-1.6762092518719742,-0.5082199648265837,-1.167989287045387,-36.676209251871974,False,0.001868770952978301,True,True,True,D_slope_stability_rmean50
D_close_roll_slope_20_rstd20,label_oc_5,1.0,1094307,1406,True,810.0,0.016205060981816084,0.12872686061080485,1.9519182246196045,0.05094791418914431,0.04406103867857646,0.009896344500666385,0.008507637529818453,-0.013085540299458282,0.03159107001891833,4,4,-13.190867311039842,Q5,13.667345566353495,18.793578948863647,-5.126233382510149,-21.332654433646503,False,0.05817758481698616,True,True,True,D_slope_stability_rmean50
D_close_roll_slope_20_rstd10,label_oc_1,1.0,1094307,1406,True,810.0,0.025373361384589316,0.09705107481249678,8.242301103596436,1.6892978956533434e-16,0.0331898883234321,0.02606948300540446,0.021037951149706035,0.019593309935453097,0.026970490774467344,5,5,5.663119931037329,Q5,-16.69313606843843,-19.072189490266176,2.3790534218277446,-51.693136068438434,False,3.5884464615741833e-16,True,True,True,D_slope_stability_rmean50
D_close_roll_slope_20_rstd10,label_oc_2,1.0,1094307,1406,True,810.0,0.021138045827839336,0.10897936832916544,4.4162280384247525,1.0043812698052503e-05,0.03714205686760418,0.01867099508515744,0.014186358510324269,0.007797544358056438,0.027869319607096137,5,5,1.1611437936762463,Q5,-9.91826731490783,-9.769279609876953,-0.14898770503087627,-44.91826731490783,False,1.4223535994757581e-05,True,True,True,D_slope_stability_rmean50
D_close_roll_slope_20_rstd10,label_oc_3,1.0,1094307,1406,True,810.0,0.018855996355088223,0.11612752944431677,3.084638585263555,0.0020379963816686505,0.040033666528874336,0.015045809106479546,0.010874815642093836,0.0008421150852858949,0.027452981160730125,5,5,-3.3069539480474677,Q5,-3.123990772584775,-0.5082199648265837,-2.615770807758187,-38.123990772584776,False,0.0026104672753957995,True,True,True,D_slope_stability_rmean50
D_close_roll_slope_20_rstd10,label_oc_5,1.0,1094307,1406,True,810.0,0.015833246525155453,0.1268653155222278,1.91954387939465,0.054915538658891115,0.04441397115784082,0.00885784104655411,0.005368910259947722,-0.009992458964901649,0.030465895641934908,4,4,-11.773174006083037,Q5,11.876987232323254,18.793578948863647,-6.916591716540388,-23.123012767676748,False,0.06249954815753997,True,True,True,D_slope_stability_rmean50
D_macd_hist_rstd10,label_oc_1,1.0,1094307,1406,True,810.0,0.024018874161288638,0.09845077116574644,7.536688964535723,4.8205425275161424e-14,0.03193332019859118,0.022331905729613,0.02147986081723086,0.01714989034378781,0.027188115279078728,5,5,4.981963874796859,Q5,-17.06375034926859,-19.072189490266176,2.008439140997582,-52.06375034926859,False,9.641085055032286e-14,True,True,True,D_slope_stability_rmean50
D_macd_hist_rstd10,label_oc_2,1.0,1094307,1406,True,810.0,0.0200232669669315,0.11091941530102624,4.0905961081300415,4.302658642208897e-05,0.03587105756390137,0.014245688950623617,0.015492681127128568,0.005504160363431293,0.028970904702400182,5,5,-0.19262342853106776,Q5,-10.684921702465697,-9.769279609876953,-0.915642092588747,-45.6849217024657,False,5.9575273507507805e-05,True,True,True,D_slope_stability_rmean50
D_macd_hist_rstd10,label_oc_3,1.0,1094307,1406,True,810.0,0.01795395672732424,0.11794981284237163,2.8855240907630444,0.003907625540021836,0.03894838768742558,0.010047516588055822,0.012573883669522733,-0.0011790805919101323,0.02933856167517185,4,4,-5.00993282054336,Q5,-4.002033691783625,-0.5082199648265837,-3.4938137269570384,-39.00203369178362,False,0.004931394592942687,True,True,True,D_slope_stability_rmean50
D_macd_hist_rstd10,label_oc_5,1.0,1094307,1406,True,810.0,0.015283583941231383,0.12860877589664002,1.8290429086951736,0.0673931805022964,0.0436747187083868,0.0049286066909686775,0.006725979661980643,-0.010528235415225974,0.031558930676646696,4,4,-14.572419692873464,Q5,10.548462866354882,18.793578948863647,-8.245116082508762,-24.451537133645118,False,0.07606755026991871,True,True,True,D_slope_stability_rmean50
D_mdi14_diff1,label_oc_1,1.0,1094307,1406,True,810.0,0.039413847014877795,0.07336100142095298,18.518407659898447,1.4671243544256443e-76,0.03246214186452168,0.03920804750805866,0.03956587991982255,0.04089414663969469,0.04491942633332891,5,5,18.77389339529427,Q5,-10.97804829361182,-19.072189490266176,8.094141196654354,-45.97804829361182,False,3.0409486619004263e-75,True,True,True,D_mdi14_diff1
D_mdi14_diff1,label_oc_2,1.0,1094307,1406,True,810.0,0.046394274113520956,0.07331635770910246,20.651333788167634,9.496162396057251e-95,0.038834576186103066,0.052405618780113565,0.046077022528944286,0.04863164016373992,0.046023831210848694,5,5,31.345531803161208,Q5,1.9335094104280475,-9.769279609876953,11.702789020304998,-33.066490589571956,False,3.8208088699430357e-93,True,True,True,D_mdi14_diff1
D_mdi14_diff1,label_oc_3,1.0,1094307,1406,True,810.0,0.04308454189139949,0.07068961863106459,20.22801406638556,5.549333857713952e-91,0.034335150004683596,0.052481487896419064,0.04339855138238834,0.04462098304666966,0.04059539529976079,5,5,36.17209691454631,Q5,11.343260658105644,-0.5082199648265837,11.851480622932229,-23.656739341894358,False,1.725338344852883e-89,True,True,True,D_mdi14_diff1
D_mdi14_diff1,label_oc_5,1.0,1094307,1406,True,810.0,0.03806527535875561,0.07132163886336396,17.293576582374538,5.258590438352909e-67,0.03326416785690086,0.04524834084999141,0.04089465853935923,0.037146306275712776,0.03378812444942704,5,5,42.95933427894908,Q5,31.618613799701528,18.793578948863647,12.825034850837886,-3.381386200298472,False,8.563990142460451e-66,True,True,True,D_mdi14_diff1
D_mdi14_diff5,label_oc_1,1.0,1094307,1406,True,810.0,0.028393118256833647,0.0752478974761937,15.556755311668093,1.4317544908730696e-54,0.023598455741319583,0.02880752754303382,0.03375352365903099,0.03289245907335865,0.022933056093628786,5,5,13.864100473431101,Q5,-13.484942089636172,-19.072189490266176,5.587247400630005,-48.48494208963617,False,1.6322001195952994e-53,True,True,True,D_mdi14_rrank10
D_mdi14_diff5,label_oc_2,1.0,1094307,1406,True,810.0,0.034799381683095376,0.07616454716457188,13.528611003894001,1.0600772121805895e-41,0.028158316557416817,0.03678215058265341,0.04340266783242884,0.03827475181983483,0.0274053349566889,5,5,23.161132167360115,Q5,-1.0637136824970794,-9.769279609876953,8.70556592737987,-36.06371368249708,False,6.90564583934784e-41,True,True,True,D_mdi14_rrank10
D_mdi14_diff5,label_oc_3,1.0,1094307,1406,True,810.0,0.03617141144680883,0.0750533789012674,11.516463733417913,1.0899290532966513e-30,0.030510835262440868,0.03605810586518215,0.0476170989560795,0.03844985607880682,0.028249353448752106,5,5,28.86159028529506,Q5,9.765775693023338,-0.5082199648265837,10.273995657849925,-25.234224306976664,False,4.073833182813713e-30,True,True,True,D_mdi14_rrank10
D_mdi14_diff5,label_oc_5,1.0,1094307,1406,True,810.0,0.03466135663553392,0.07723963200769704,9.24114727183712,2.4386820348139067e-20,0.029313719741411143,0.029426453150501942,0.047348276151827594,0.037825536533767606,0.029411480433620085,5,5,34.9424835029053,Q5,31.129176361457475,18.793578948863647,12.335597412593831,-3.870823638542525,False,6.110104438874404e-20,True,True,True,D_mdi14_rrank10
D_mdi14_rrank10,label_oc_1,1.0,1094307,1406,True,810.0,0.027753050314026712,0.07229876877631046,15.55802173463484,1.4037084546468125e-54,0.019902728223506527,0.02413537814021139,0.03195183646840245,0.03620287879429376,0.026576616540777254,5,5,11.750832998538325,Q5,-18.701028160412857,-25.363238419241924,6.662210258829063,-53.70102816041286,False,1.6273501406413894e-53,True,True,True,D_mdi14_rrank10
D_mdi14_rrank10,label_oc_2,1.0,1094307,1406,True,810.0,0.03460432100116355,0.07264177617535882,14.464325455981557,2.0359109181346637e-47,0.022536169476516703,0.032955942643528253,0.041807592402528584,0.04385374629813473,0.03187785690431536,5,5,19.512307364931452,Q5,-10.990544151070546,-20.88518966146969,9.894645510399142,-45.990544151070544,False,1.7192136642026048e-46,True,True,True,D_mdi14_rrank10
D_mdi14_rrank10,label_oc_3,1.0,1094307,1406,True,810.0,0.034712872335045414,0.07081394868396326,12.279595480928892,1.1657969722182338e-34,0.02064668695377202,0.03316985212843628,0.04485987538212556,0.04300337844410135,0.03189459821206933,5,5,23.27632606039801,Q5,-3.9091676204660395,-15.12800840104759,11.218840780581552,-38.909167620466036,False,5.7367275467429635e-34,True,True,True,D_mdi14_rrank10
D_mdi14_rrank10,label_oc_5,1.0,1094307,1406,True,810.0,0.03207034253004827,0.07223256473661231,9.315900430428329,1.2092245648218759e-20,0.02117431144690693,0.024736048734562095,0.04584916023589695,0.03991681067169912,0.028687420429860205,5,5,26.321948738666215,Q5,15.412705457887414,4.5043020697587615,10.908403388128654,-19.587294542112588,False,3.0747568860154765e-20,True,True,True,D_mdi14_rrank10
D_mdi14_rrank20,label_oc_1,1.0,1094307,1406,True,810.0,0.02509189470226708,0.075658219775441,13.045553654626405,6.736583129958255e-39,0.018181482366009985,0.020124896077583915,0.03408156441202379,0.029683810016523766,0.023393763809630347,5,5,10.553054587702434,Q5,-17.109770901779772,-22.163413139644483,5.053642237864715,-52.10977090177977,False,3.904934627874107e-38,True,True,True,D_mdi14_rrank10
D_mdi14_rrank20,label_oc_2,1.0,1094307,1406,True,810.0,0.03107538163910611,0.07539679850659692,12.099600512188946,1.0612636378297899e-33,0.020873942655665775,0.026977941673837415,0.044000316822759934,0.03579011557604939,0.027746438240877226,5,5,17.352915872202633,Q5,-7.0584393221605515,-14.192968158941312,7.134528836780757,-42.05843932216055,False,4.871841129366284e-33,True,True,True,D_mdi14_rrank10
D_mdi14_rrank20,label_oc_3,1.0,1094307,1406,True,810.0,0.030736677098366177,0.07430995383154423,9.774101649863757,1.454418451291628e-22,0.019401794657954864,0.025267893694066648,0.04710202784872461,0.035020764951985556,0.02690454183115334,5,5,19.986541472769023,Q5,2.118859111389927,-5.533009612864669,7.651868724254597,-32.881140888610076,False,4.060498859932545e-22,True,True,True,D_mdi14_rrank10
D_mdi14_rrank20,label_oc_5,1.0,1094307,1406,True,810.0,0.02745035694579006,0.07463354148701776,6.861737661003872,6.802790908359103e-12,0.019506737977572887,0.014668843053538723,0.04730985361655172,0.03277166071915555,0.023010489601789797,5,5,21.11201886975849,Q5,22.033293854531497,15.194050769914876,6.839243084616618,-12.966706145468503,False,1.2542072725923523e-11,True,True,True,D_mdi14_rrank10
D_donch_pos_50_rmean50,label_oc_1,1.0,1094307,1406,True,810.0,0.011537434302022953,0.0932747290800357,3.674319082750667,0.0002384845534681251,0.031671036201974624,0.0037965509843931908,0.01086840584813802,0.001221157733002784,0.010135011570831038,5,5,6.66667040456118,Q5,-15.77355009954846,-19.072189490266176,3.2986393907177147,-50.77355009954846,False,0.0003236576082781698,True,True,True,D_donch_pos_20_rmean50
D_donch_pos_50_rmean50,label_oc_2,1.0,1094307,1406,True,810.0,0.015246133648519993,0.10401726477528683,3.6276602656214147,0.0002860012472187162,0.03179887394949785,0.0072732237066908826,0.014878816497016556,0.006757213022103781,0.015521560899139227,5,5,11.153598955144682,Q5,-3.8199458321308604,-9.769279609876953,5.949333777746092,-38.81994583213086,False,0.0003858478364844218,True,True,True,D_donch_pos_20_rmean50
D_donch_pos_50_rmean50,label_oc_3,1.0,1094307,1406,True,810.0,0.016910435243402425,0.10816471026889188,3.311117047012287,0.000929243316954288,0.032001441628855286,0.008970855116499265,0.018260027031811208,0.00831450979894971,0.01700500608984171,5,5,15.538449578146764,Q5,8.118392224248595,-0.5082199648265837,8.626612189075184,-26.881607775751405,False,0.001206076714984313,True,True,True,D_donch_pos_50_rmean50
D_donch_pos_50_rmean50,label_oc_5,1.0,1094307,1406,True,810.0,0.018336335994876662,0.11389507966115674,2.7577822265119476,0.005819495321217117,0.03149579625436617,0.011375588145151855,0.021646873300784183,0.008713667043099718,0.018449353035108668,5,5,24.65165500817362,Q5,33.04754498294498,18.793578948863647,14.25396603408134,-1.9524550170550228,False,0.007172134774256772,True,True,True,D_donch_pos_50_rmean50
D_donch_pos_50_lag5,label_oc_1,1.0,1094307,1406,True,810.0,0.007677045982042017,0.09158019174641717,2.792284400938372,0.0052337332730649595,0.022654964662507094,0.002885771682816045,0.004871572361442849,0.0013587282061253737,0.006617961979534055,5,5,6.019500138606806,Q5,-16.64461492513789,-19.072189490266176,2.427574565128286,-51.64461492513789,False,0.0064735507391978885,True,True,True,D_donch_pos_50_lag5
D_donch_pos_50_lag5,label_oc_2,1.0,1094307,1406,True,810.0,0.009819520634019006,0.0987161010091016,2.729179364274108,0.006349215946389736,0.022054537369789018,0.006430063197875935,0.005454345425250788,0.003909536640361394,0.011244051033616479,5,5,11.072149697850392,Q5,-5.367154308637123,-9.769279609876953,4.4021253012398285,-40.367154308637126,False,0.007782909869768063,True,True,True,D_donch_pos_50_lag5
D_donch_pos_50_lag5,label_oc_3,1.0,1094307,1406,True,810.0,0.010999213561775582,0.10174421609778736,2.5182942482962662,0.011792475912040535,0.0229824348882438,0.00765458044595621,0.007459693630634718,0.0033634904211627833,0.01352687319287648,5,5,15.752794370669486,Q5,6.095909415279777,-0.5082199648265837,6.604129380106362,-28.904090584720223,False,0.013979295535243894,True,True,True,D_donch_pos_50_lag5
D_donch_pos_50_lag5,label_oc_5,1.0,1094307,1406,True,810.0,0.012162613351739564,0.10452395335836126,2.151336347101745,0.03144966135454661,0.022771501309108776,0.009217616737676433,0.007400707798917368,0.0025591207181974484,0.01884035598613446,5,5,26.478948276850787,Q5,30.645412912190324,18.793578948863647,11.851833963326678,-4.354587087809676,False,0.03639859283673415,True,True,True,D_donch_pos_50_lag5
D_donch_pos_20_rmean50,label_oc_1,1.0,1094307,1406,True,810.0,0.012801084603877013,0.092888993185733,4.279523130169055,1.872941737966908e-05,0.03027902651748794,0.0037717922793083013,0.01137830577306293,0.004903956338090728,0.013669252545805534,5,5,7.045858654708183,Q5,-15.576469259644416,-19.072189490266176,3.4957202306217594,-50.57646925964441,False,2.6359920756571295e-05,True,True,True,D_donch_pos_20_rmean50
D_donch_pos_20_rmean50,label_oc_2,1.0,1094307,1406,True,810.0,0.014921096660639666,0.10306127033655436,3.7061010786636244,0.00021047432829502457,0.029072904971513904,0.005711917978391097,0.012117524892101586,0.007950463874345256,0.01973553834242732,5,5,10.797451546246133,Q5,-3.8327132073046335,-9.769279609876953,5.9365664025723195,-38.832713207304636,False,0.0002862116114389599,True,True,True,D_donch_pos_20_rmean50
D_donch_pos_20_rmean50,label_oc_3,1.0,1094307,1406,True,810.0,0.015825599076478555,0.10755962626537796,3.2111323084752152,0.0013221304643096115,0.0290912803936642,0.00649207077967263,0.01373645945336927,0.007569046733583574,0.02221639497619664,5,5,14.960084391079786,Q5,8.163103891931655,-0.5082199648265837,8.67132385675824,-26.836896108068345,False,0.0017062966746939137,True,True,True,D_donch_pos_50_rmean50
D_donch_pos_20_rmean50,label_oc_5,1.0,1094307,1406,True,810.0,0.016627490911876906,0.11224661356585844,2.58535585630545,0.009727853854347985,0.028057804286977368,0.008013181191074742,0.014694909379087498,0.006709643069951329,0.025629879661653816,5,5,23.643044852274127,Q5,33.112733335838996,18.793578948863647,14.319154386975356,-1.8872666641610039,False,0.011755922325749155,True,True,True,D_donch_pos_50_rmean50
D_donch_pos_20_lag5,label_oc_1,1.0,1094307,1406,True,810.0,0.007219287368183821,0.08007216925087471,3.2240846671287757,0.001263760291465632,0.013371281368627346,0.005995549227062913,0.0059242329928992105,0.004619534030756992,0.0061895039313124,5,5,5.162090883312798,Q5,-16.443132300484383,-19.072189490266176,2.629057189781797,-51.44313230048438,False,0.0016340492237476225,True,True,True,D_donch_pos_20_lag5
D_donch_pos_20_lag5,label_oc_2,1.0,1094307,1406,True,810.0,0.00872631811391695,0.0838906184872036,2.999665358852427,0.0027027637102776526,0.011881925377705872,0.009267761891210174,0.006816866488102152,0.006419437248189413,0.009243758140793958,5,5,9.324787536492725,Q5,-5.875464650909792,-9.769279609876953,3.8938149589671607,-40.87546465090979,False,0.0034490492123692433,True,True,True,D_donch_pos_20_lag5
D_donch_pos_20_lag5,label_oc_3,1.0,1094307,1406,True,810.0,0.009901676787643256,0.08454713401768756,2.8443741604242962,0.004449875931420066,0.01311969710964047,0.010696752828411182,0.009423800329450494,0.005707976201611659,0.010557822431224956,5,5,13.526170725269678,Q5,5.307445195438549,-0.5082199648265837,5.815665160265135,-29.69255480456145,False,0.005595064590241406,True,True,True,D_donch_pos_20_lag5
D_donch_pos_20_lag5,label_oc_5,1.0,1094307,1406,True,810.0,0.011863179312392603,0.08584558573264355,2.592999220309888,0.009514298628319847,0.011069279109240427,0.014390597244635707,0.01082208480437849,0.006005479360991318,0.017010139458566997,5,5,22.887582468310036,Q5,28.973923962732876,18.793578948863647,10.180345013869234,-6.026076037267124,False,0.011518195153576593,True,True,True,D_donch_pos_20_lag5
D_cmf20_rmean50,label_oc_1,0.9963099934479082,1090269,1406,True,806.0,0.026395539004059346,0.07596306899356084,10.125757181836912,4.246789060386498e-24,0.03583838723533977,0.010967312119558583,0.03262258895210881,0.024775533558934824,0.027768985444601907,5,5,9.864334609953149,Q5,-14.921749657076822,-19.072189490266176,4.150439833189358,-49.92174965707682,False,1.2256555769216729e-23,True,True,True,D_cmf20_rmean50
D_cmf20_rmean50,label_oc_2,0.9963099934479082,1090269,1406,True,806.0,0.024838506538699512,0.0830589081668455,7.338506237441625,2.159908465996731e-13,0.030462334667466916,0.012041452942499028,0.03126829052941651,0.01950577180380977,0.03089313602615069,5,5,10.908266008927857,Q5,-5.199747061529941,-9.769279609876953,4.569532548347011,-40.19974706152994,False,4.245337329717713e-13,True,True,True,D_cmf20_rmean50
D_cmf20_rmean50,label_oc_3,0.9963099934479082,1090269,1406,True,806.0,0.02434681121358687,0.08747542873251246,5.948715193472272,2.7025541118051743e-09,0.029022616452300254,0.013627085159416812,0.03137022096654537,0.015720080111706895,0.03196693549794948,5,5,12.022805992336547,Q5,4.523032988582963,-0.5082199648265837,5.031252953409551,-30.476967011417038,False,4.530752481555733e-09,True,True,True,D_cmf20_rmean50
D_cmf20_rmean50,label_oc_5,0.9963099934479082,1090269,1406,True,806.0,0.023964391550301927,0.09211028346080728,4.461351476796652,8.144438365523994e-06,0.027597147468601816,0.015135090881947776,0.0320358023775309,0.010036327134868954,0.03497839414977204,5,5,14.848197206089543,Q5,25.268932081175492,18.793578948863647,6.475353132311851,-9.731067918824508,False,1.1630053949934052e-05,True,True,True,D_cmf20_rmean50
D_dist_from_52wl,label_oc_1,1.0,1094307,1406,True,810.0,0.013553226808215526,0.0937127122265164,3.5970044412611175,0.00032190298934921024,0.02835016181496514,0.02829467780742757,-0.006317922077282945,0.009991580736174814,0.007469286791879653,4,4,4.442031993857121,Q5,-16.669506312609418,-19.072189490266176,2.402683177656758,-51.669506312609414,False,0.0004308838448431699,True,True,True,X_z_D_dist_from_52wl
D_dist_from_52wl,label_oc_2,1.0,1094307,1406,True,810.0,0.014389531153424721,0.10510108349051396,2.9713444002301443,0.0029649907744233954,0.02796702549769584,0.02368796225790859,-0.004755555117653373,0.013193616084521137,0.01186359613723571,4,4,6.949583523446405,Q5,-5.586446635223361,-9.769279609876953,4.182832974653591,-40.58644663522336,False,0.0037626228009380374,True,True,True,X_z_D_dist_from_52wl
D_dist_from_52wl,label_oc_3,1.0,1094307,1406,True,810.0,0.016399306869300568,0.10927486113967563,2.831807203058236,0.004628574770827707,0.028301181800074654,0.024830319814082246,-0.001718909762888327,0.016481545723357024,0.01411054184314471,4,4,10.69977940994458,Q5,5.526178352342555,-0.5082199648265837,6.034398317169141,-29.473821647657445,False,0.005787833899901557,True,True,True,X_z_D_dist_from_52wl
D_dist_from_52wl,label_oc_5,1.0,1094307,1406,True,810.0,0.019025088571450206,0.11423300788785828,2.577734445363316,0.009945039276383684,0.027222200182702213,0.026953972702111757,0.0015385005397115464,0.02149262003953143,0.017922074709429026,5,5,19.245896447271207,Q5,29.077061445942483,18.793578948863647,10.283482497078836,-5.922938554057517,False,0.011955020852454201,True,True,True,X_z_D_dist_from_52wl
D_pos_in_52w_range,label_oc_1,1.0,1094307,1406,True,810.0,0.0014529216323291838,0.10862509403942296,0.35950782939179526,0.7192152217775122,0.03131145120713049,-0.010069137043306687,-0.008743698225456608,-0.0058034738626804305,0.0005725989070455713,2,2,3.066208006374961,Q5,-17.345840874415096,-19.072189490266176,1.7263486158510832,-52.345840874415096,False,0.7298865588792498,False,False,False,
D_pos_in_52w_range,label_oc_2,1.0,1094307,1406,True,810.0,0.005280369612217671,0.12188215540516442,0.9777490597187696,0.3281984509726168,0.032413215531058095,-0.011396088293988884,-0.0032552466781718644,0.0016381106548561078,0.006995752282671362,3,3,6.304754571414414,Q5,-4.9066257060127665,-9.769279609876953,4.862653903864185,-39.90662570601277,False,0.34750464607652914,False,False,False,
D_pos_in_52w_range,label_oc_3,1.0,1094307,1406,True,810.0,0.00889825222808925,0.12834503570754385,1.3577913556613246,0.17452989865098112,0.03402106360388639,-0.008997315953799115,0.0014970882976846154,0.0062926985666040625,0.011667870333878887,4,4,12.158621093381228,Q5,8.494467460597157,-0.5082199648265837,9.00268742542374,-26.505532539402843,False,0.1888899720349153,False,True,False,
D_pos_in_52w_range,label_oc_5,1.0,1094307,1406,True,810.0,0.01351372801920541,0.1358421588510615,1.6080209604117797,0.10783058825070112,0.03435063119957861,-0.005099271476607209,0.008253242668205193,0.01170734568929997,0.018339518384357767,4,4,23.698439785666253,Q5,35.53997722580552,18.793578948863647,16.746398276941875,0.5399772258055222,False,0.11992865424956027,False,True,False,
D_drawdown_252,label_oc_1,1.0,1094307,1406,True,810.0,0.01540577200350904,0.11842947762030645,3.5258274073774465,0.00042216199456515934,0.046527500849180586,-0.005362301625089439,0.013379309994043546,0.00629374617994261,0.01618782152508506,4,4,4.980594416707527,Q5,-17.250971991380702,-19.072189490266176,1.8212174988854744,-52.2509719913807,False,0.0005553449593100392,True,True,True,X_rank_D_drawdown_252
D_drawdown_252,label_oc_2,1.0,1094307,1406,True,810.0,0.016732593156364026,0.134450868720505,2.804313141307029,0.005042390600870069,0.04888156538829553,-0.009834202884556416,0.01579528446144842,0.00846481167302063,0.02034265993089122,4,4,8.24399644543476,Q5,-5.324093098023177,-9.769279609876953,4.445186511853777,-40.32409309802318,False,0.0062595464016957465,True,True,True,X_rank_D_drawdown_252
D_drawdown_252,label_oc_3,1.0,1094307,1406,True,810.0,0.019514618224270457,0.14210971886729623,2.7023599612937943,0.006884918017644862,0.051814094026121534,-0.008851752617840184,0.019075891874107402,0.01103132442461046,0.024485842225735778,4,4,13.74138266689114,Q5,7.427880315858719,-0.5082199648265837,7.936100280685306,-27.57211968414128,False,0.008379611265577614,True,True,True,X_rank_D_drawdown_252
D_drawdown_252,label_oc_5,1.0,1094307,1406,True,810.0,0.023475694278996526,0.15097757123448166,2.5468259519281453,0.010870763652934518,0.05368992699954909,-0.005629173173548705,0.02427717113939841,0.013503828665816611,0.03150813257410492,4,4,24.167859928788065,Q5,32.83191523570205,18.793578948863647,14.03833628683841,-2.1680847642979515,False,0.01290903183785974,True,True,True,X_z_D_drawdown_252
D_intraday_ret_pct,label_oc_1,1.0,1094307,1406,True,810.0,-0.01365348778285032,0.09576845552503643,-4.909094301130291,9.149797533313352e-07,0.010459824869981336,-0.010883447553044384,-0.016583552337570848,-0.025259202256868805,-0.025957275913862734,1,4,-4.703079986594542,Q1,-22.65406009366069,-19.072189490266176,-3.5818706033945116,-57.65406009366069,False,1.3664763128354438e-06,True,True,True,D_WQ_38
D_intraday_ret_pct,label_oc_2,1.0,1094307,1406,True,810.0,-0.029829481844099386,0.09240563438045922,-11.291273197116135,1.4492201465155792e-29,-0.011556585538105861,-0.03097615368430197,-0.03240871393800771,-0.041834563520112146,-0.03236237867225343,0,5,-19.35204207508014,Q1,-8.555217248368058,-9.769279609876953,1.2140623615088917,-43.55521724836806,False,5.136096270552623e-29,True,True,True,D_WQ_38
D_intraday_ret_pct,label_oc_3,1.0,1094307,1406,True,810.0,-0.029978577305095244,0.08809549955014803,-11.79518497228589,4.1329153465865403e-32,-0.01156725169158793,-0.03700522966970276,-0.03245596234161825,-0.03924713133473782,-0.029618592572287838,0,5,-26.001014185569037,Q1,3.0582289891362824,-0.5082199648265837,3.566448953962868,-31.941771010863718,False,1.7237281079665815e-31,True,True,True,D_WQ_33
D_intraday_ret_pct,label_oc_5,1.0,1094307,1406,True,810.0,-0.0248166390569411,0.08558507789428059,-9.04841207617071,1.4506241381502628e-19,-0.009871622691141054,-0.030303233544540488,-0.02702200547722201,-0.03326730663014299,-0.02362327379313158,0,5,-29.88928418764908,Q1,23.47361322357761,18.793578948863647,4.6800342747139565,-11.526386776422392,False,3.5185351435985096e-19,True,True,True,D_WQ_33
D_overnight_share,label_oc_1,0.9983962452949675,1092552,1406,True,809.0,-0.022803169365949002,0.05212958219494995,-16.47303103019244,5.7324746649072515e-61,-0.019078749737214525,-0.018941114830166906,-0.020455350056565368,-0.02700072420247396,-0.028519564958510876,0,5,-12.66731444396817,Q1,-12.206093780041567,-19.072189490266176,6.86609571022461,-47.20609378004157,False,8.713361490659022e-60,True,True,True,D_overnight_share
D_overnight_share,label_oc_2,0.9983962452949675,1092552,1406,True,809.0,-0.015560592329326273,0.05315798269682927,-10.46072323469071,1.308530143529895e-25,-0.008998108246059724,-0.0141574925095489,-0.013749696065060643,-0.020853454973542664,-0.020028310499500667,0,5,-10.066030598597788,Q1,-4.953621849125602,-9.769279609876953,4.815657760751351,-39.953621849125604,False,3.8746087366859226e-25,True,True,True,D_overnight_share
D_overnight_share,label_oc_3,0.9983962452949675,1092552,1406,True,809.0,-0.011238193100887148,0.05404003216588875,-7.466906050085907,8.210234267006172e-14,-0.003616971885890111,-0.010306059915845255,-0.011823866041742372,-0.015874784561619445,-0.014557470723457524,0,5,-7.483736939145775,Q1,1.8582586534666636,-0.5082199648265837,2.366478618293251,-33.14174134653334,False,1.6277681851107887e-13,True,True,True,D_overnight_share
D_overnight_share,label_oc_5,0.9983962452949675,1092552,1406,True,809.0,-0.007751766624604317,0.053134342174677614,-4.6500487010544305,3.3185665649459458e-06,-0.001517689355526951,-0.003960036996191189,-0.013916815720385993,-0.008804266863336295,-0.010550065827428755,0,5,-3.5140445201048274,Q1,18.727374280814274,18.793578948863647,-0.0662046680493789,-16.272625719185726,False,4.829573468985163e-06,True,True,True,D_overnight_share
D_amihud_20,label_oc_1,1.0,1094307,1406,True,810.0,-0.057142982107763696,0.10175231768326241,-21.02127690643934,4.190084654756978e-98,-0.056415271815656906,-0.06400865957343117,-0.058116002773224366,-0.06058489739722049,-0.04662750062158509,0,5,-15.708581344282381,Q1,-11.665170117757906,-19.072189490266176,7.407019372508269,-46.66517011775791,False,1.9178995794662015e-96,True,True,True,D_amihud_60
D_amihud_20,label_oc_2,1.0,1094307,1406,True,810.0,-0.04910381018390491,0.11294429409364515,-12.26810429368235,1.343623748840224e-34,-0.05304221182939133,-0.04979674349536497,-0.04698389550100611,-0.04815903937310083,-0.04754271621521184,0,5,-13.12930988059746,Q1,-4.233755014581483,-9.769279609876953,5.535524595295468,-39.23375501458148,False,6.477094221628171e-34,True,True,True,D_amihud_60
D_amihud_20,label_oc_3,1.0,1094307,1406,True,810.0,-0.04430402984549704,0.11855585207217324,-8.592404138200878,8.51682162007848e-18,-0.05074548099575176,-0.04019481735340462,-0.041690192700451725,-0.04193471417770384,-0.046945543595369475,0,5,-9.595792784897409,Q1,2.761584425048429,-0.5082199648265837,3.269804389875016,-32.238415574951574,False,1.869246638631394e-17,True,True,True,D_amihud_60
D_amihud_20,label_oc_5,1.0,1094307,1406,True,810.0,-0.038004194545438456,0.1250701928281916,-5.391695561420788,6.979594429773439e-08,-0.04339500927561684,-0.02863687657257101,-0.034017988380242815,-0.0355511835894659,-0.048382979730700486,0,5,-1.228541318490409,Q1,17.2667426782189,18.793578948863647,-1.526836270644747,-17.7332573217811,False,1.1056728010031376e-07,True,True,True,D_amihud_60
D_amihud_60,label_oc_1,1.0,1094307,1406,True,810.0,-0.059398185470553866,0.1029728605323827,-21.651784549887463,5.847191694051445e-104,-0.05619586030396529,-0.06794262740952284,-0.05980709548997254,-0.06464145180369482,-0.04844287920066677,0,5,-14.991736497796847,Q1,-11.713862077579968,-19.072189490266176,7.358327412686211,-46.71386207757997,False,3.635890107937444e-102,True,True,True,D_amihud_60
D_amihud_60,label_oc_2,1.0,1094307,1406,True,810.0,-0.05012361242777716,0.11414214003222478,-12.626056340903991,1.5169209697277606e-36,-0.05153536321028643,-0.05290272319036891,-0.04748011613370863,-0.05075365586933739,-0.047953925042604977,0,5,-11.152481477558249,Q1,-4.74777640497701,-9.769279609876953,5.0215032048999415,-39.74777640497701,False,7.801307844314198e-36,True,True,True,D_amihud_60
D_amihud_60,label_oc_3,1.0,1094307,1406,True,810.0,-0.04472348245904592,0.1195962074278887,-8.761804900379285,1.921486294225808e-18,-0.04850349114554124,-0.042983735426033134,-0.04143479162425768,-0.044152725680139074,-0.04653621740521517,0,5,-6.29653070359907,Q1,1.824272598313666,-0.5082199648265837,2.332492563140254,-33.17572740168633,False,4.485654011093695e-18,True,True,True,D_amihud_60
D_amihud_60,label_oc_5,1.0,1094307,1406,True,810.0,-0.03783563637622668,0.12593634720456656,-5.417994449300578,6.02712868790021e-08,-0.040471553014420625,-0.031510455688307924,-0.032696730314301,-0.03732701039220361,-0.047139323265887226,0,5,4.6413029888634485,Q1,15.58879653480744,18.793578948863647,-3.2047824140562065,-19.41120346519256,False,9.677361555220057e-08,True,True,True,D_amihud_60
D_realvol_20,label_oc_1,1.0,1094307,1406,True,810.0,-0.06465230809461693,0.141825373699484,-19.972813077626625,9.495210494341913e-89,-0.06209495665322232,-0.07331762943846769,-0.05804334985806684,-0.06597449739600013,-0.06383401918749539,0,5,-14.025766049294953,Q1,-12.99873339233427,-19.072189490266176,6.073456097931908,-47.99873339233427,False,2.4119927759247203e-87,True,True,True,D_vol_yz_20
D_realvol_20,label_oc_2,1.0,1094307,1406,True,810.0,-0.05603309124549202,0.1484108138570447,-12.895915767387613,4.745916415414814e-38,-0.06014055257797932,-0.06378114536446419,-0.04985402327816367,-0.04630405435087047,-0.060071309771548106,0,5,-14.080537092153353,Q1,-4.913821730732298,-9.769279609876953,4.855457879144654,-39.913821730732295,False,2.5803311630849855e-37,True,True,True,D_vol_yz_20
D_realvol_20,label_oc_3,1.0,1094307,1406,True,810.0,-0.05236217600884082,0.14801871902955044,-9.748118392581341,1.8791890555551173e-22,-0.060805357369243286,-0.0594302028856309,-0.04437966160839391,-0.03861455398215279,-0.058559051261939464,0,5,-12.802516603513082,Q1,2.611475897250506,-0.5082199648265837,3.119695862077091,-32.38852410274949,False,5.149313271080837e-22,True,True,True,D_vol_yz_20
D_realvol_20,label_oc_5,1.0,1094307,1406,True,810.0,-0.04790902199320448,0.14850776225395154,-6.798933937798835,1.0539612974207585e-11,-0.060317062803534945,-0.05664524058662537,-0.037035475909230446,-0.028038413891389183,-0.057474874595164295,0,5,-8.330558593983397,Q1,17.32120777864307,18.793578948863647,-1.4723711702205764,-17.67879222135693,False,1.8937762274742204e-11,True,True,True,D_vol_yz_20
D_realvol_60,label_oc_1,1.0,1094307,1406,True,810.0,-0.06888291308445185,0.15272034040564744,-19.360941156644724,1.648461183769225e-83,-0.06771530964946741,-0.07244423590560867,-0.06337828838835853,-0.07232955730683237,-0.06854836473551165,0,5,-15.169221189953973,Q1,-12.721957269069291,-19.072189490266176,6.3502322211968885,-47.72195726906929,False,3.637249837735968e-82,True,True,True,D_n_5pct_up_60
D_realvol_60,label_oc_2,1.0,1094307,1406,True,810.0,-0.05945755876873747,0.1635141681163708,-11.765267369976055,5.893932744671049e-32,-0.06671933489615205,-0.05952042790304278,-0.0546166031399202,-0.05104325829782723,-0.06536713907185854,0,5,-13.75487016306817,Q1,-5.69240266045248,-9.769279609876953,4.076876949424473,-40.69240266045248,False,2.4285843357560226e-31,True,True,True,D_n_5pct_up_60
D_realvol_60,label_oc_3,1.0,1094307,1406,True,810.0,-0.055499877160543866,0.16462406769933385,-8.727778537621024,2.5972360349769844e-18,-0.06800705649839094,-0.052782443957601316,-0.04968080383829058,-0.042037862004302345,-0.064957562261781,0,5,-12.314060232186817,Q1,1.1421619484324816,-0.5082199648265837,1.6503819132590665,-33.85783805156752,False,5.9815132926742675e-18,True,True,True,D_n_5pct_up_60
D_realvol_60,label_oc_5,1.0,1094307,1406,True,810.0,-0.05208961991902712,0.16717514605073472,-6.145999964862559,7.946130091599596e-10,-0.0691938675816024,-0.04696514726389156,-0.04513070347675401,-0.03108135373335313,-0.06802033460471003,0,5,-7.569307571721318,Q1,14.684239969997895,18.793578948863647,-4.109338978865745,-20.315760030002103,False,1.3453348966965652e-09,True,True,True,D_n_5pct_up_60
D_realvol_ratio_20_60,label_oc_1,0.9999616195455205,1094265,1406,True,810.0,-0.012616726104747051,0.06497073083186494,-5.249987351961715,1.5210965408833963e-07,-0.009097647474697261,-0.024658054807304826,-0.008443518850471383,-0.009316722909521095,-0.011571406480403845,0,5,-2.753241086724511,Q1,-18.565838730110407,-19.072189490266176,0.5063507601557683,-53.56583873011041,False,2.3917931815269957e-07,True,True,True,X_z_D_realvol_ratio_20_60
D_realvol_ratio_20_60,label_oc_2,0.9999616195455205,1094265,1406,True,810.0,-0.011588553761031352,0.06677237447214725,-4.204319608074277,2.6186869124796058e-05,-0.0073816661901463946,-0.02602109169166941,-0.007886369476007843,-0.006693913269096814,-0.009965504155480262,0,5,-4.612104610575288,Q1,-9.013969845460004,-9.769279609876953,0.755309764416949,-44.013969845460004,False,3.648060185814541e-05,True,True,True,X_rank_D_realvol_ratio_20_60
D_realvol_ratio_20_60,label_oc_3,0.9999616195455205,1094265,1406,True,810.0,-0.011057448839832057,0.06704980737404972,-3.467650340354119,0.0005250299633314035,-0.005782708789300101,-0.028093573371140622,-0.006437324203754097,-0.0068544335666113195,-0.008129623575345211,0,5,-6.11712735774092,Q1,0.09683077299700206,-0.5082199648265837,0.6050507378235901,-34.903169227003,False,0.0006866602686667026,True,True,True,X_rank_D_realvol_ratio_20_60
D_realvol_ratio_20_60,label_oc_5,0.9999616195455205,1094265,1406,True,810.0,-0.009195888423065783,0.06851760485958308,-2.329827543800929,0.019815267772288352,-0.0037498710792002315,-0.031944457516190426,-0.0022454153838066186,-0.005405460333289468,-0.002657506067452892,0,5,-6.388520851792777,Q1,17.470179242611113,18.793578948863647,-1.3233997062525287,-17.529820757388887,False,0.023089833148206933,True,True,True,X_rank_D_realvol_ratio_20_60
D_ret_skew_60,label_oc_1,1.0,1094307,1406,True,810.0,-0.026939990875626704,0.062259629444144,-14.778663004697226,2.0111895087921314e-49,-0.013978005564820898,-0.03514515577931729,-0.029441440348271366,-0.0333123750399862,-0.022837576983432396,0,5,-4.599778717162391,Q1,-17.591823531871018,-19.072189490266176,1.4803659583951596,-52.591823531871015,False,1.8100705579129183e-48,True,True,True,X_z_D_ret_skew_60
D_ret_skew_60,label_oc_2,1.0,1094307,1406,True,810.0,-0.02189654356406077,0.06466082897880948,-10.627436231247612,2.2213508829606772e-26,-0.012019524796439425,-0.029118150741773603,-0.022626177166736712,-0.025426891210492977,-0.02029766386819163,0,5,-3.2230213117140063,Q1,-9.443957312465662,-9.769279609876953,0.32532229741128843,-44.44395731246566,False,6.943833493049372e-26,True,True,True,D_ret_skew_60
D_ret_skew_60,label_oc_3,1.0,1094307,1406,True,810.0,-0.019889152004542325,0.06437160020487112,-8.244756363363493,1.654970747573559e-16,-0.01181555659332919,-0.025367710246804082,-0.019844242767803208,-0.0234631002699548,-0.0189584622081527,0,5,-2.2944707105225706,Q1,-1.3205340763769995,-0.5082199648265837,-0.812314111550412,-36.320534076377,False,3.531949188676419e-16,True,True,True,X_rank_D_ret_skew_60
D_ret_skew_60,label_oc_5,1.0,1094307,1406,True,810.0,-0.017901479870003848,0.06417694455362408,-5.7254162755103115,1.0318042234574416e-08,-0.012054463962538908,-0.022254578367550085,-0.01569293424136331,-0.021436369005607768,-0.018068459539260742,0,5,0.3123669053033488,Q1,15.363821675029754,18.793578948863647,-3.4297572738338933,-19.636178324970246,False,1.7064436342810387e-08,True,True,True,X_rank_D_ret_skew_60
D_ret_kurt_60,label_oc_1,1.0,1094307,1406,True,810.0,-0.014479303634321605,0.04980889009937497,-9.622973000896042,6.395540179878575e-22,-0.009417251083669436,-0.01753706863490108,-0.014631725543093001,-0.02034876717884935,-0.010475952532170428,0,5,-2.149336426080251,Q1,-18.720647581139925,-19.072189490266176,0.3515419091262538,-53.72064758113993,False,1.7155096011909588e-21,True,True,True,D_ret_kurt_60
D_ret_kurt_60,label_oc_2,1.0,1094307,1406,True,810.0,-0.012661425602471202,0.05031535467604707,-7.392535495761934,1.440550258870808e-13,-0.008693758889493981,-0.015644141079912664,-0.010669113990223444,-0.01812151676973262,-0.010187401638736137,0,5,-3.0838893635181805,Q1,-9.05189194645072,-9.769279609876953,0.7173876634262325,-44.05189194645072,False,2.8395861010594603e-13,True,True,True,D_ret_kurt_60
D_ret_kurt_60,label_oc_3,1.0,1094307,1406,True,810.0,-0.012416903617471584,0.050145994459923154,-6.088212533435549,1.1417823774098634e-09,-0.008860556964854946,-0.01480865708087684,-0.008711073420131636,-0.01872253453653765,-0.010986785473370024,0,5,-5.686470985802966,Q1,1.504331589330136,-0.5082199648265837,2.0125515541567225,-33.495668410669865,False,1.92359395603041e-09,True,True,True,D_ret_kurt_60
D_ret_kurt_60,label_oc_5,1.0,1094307,1406,True,810.0,-0.013696444723104256,0.049779826183425836,-5.205312876120432,1.936700181144143e-07,-0.010960378699220083,-0.015250439779618595,-0.008143694280179154,-0.020671441976296293,-0.013457120567593319,0,5,-11.674212512830687,Q1,23.680256525524953,18.793578948863647,4.886677576661307,-11.319743474475047,False,2.9835651439247604e-07,True,True,True,D_ret_kurt_60
D_downside_dev_60,label_oc_1,1.0,1094307,1406,True,810.0,-0.06033524281184978,0.15108918783083156,-15.66685421931194,2.5488631974668044e-55,-0.06324428827197977,-0.060423912659233886,-0.054902454313530455,-0.061142695953850565,-0.06195709115835354,0,5,-14.30804109887694,Q1,-12.855710360570995,-19.072189490266176,6.216479129695182,-47.855710360570995,False,3.009942444095084e-54,True,True,True,X_rank_D_downside_dev_60
D_downside_dev_60,label_oc_2,1.0,1094307,1406,True,810.0,-0.052957086211896966,0.16586228396263833,-9.411311001881684,4.8998667874927745e-21,-0.06414790421884638,-0.048680728528127236,-0.048802676567806645,-0.042498013250470805,-0.06062880699677866,0,5,-14.82128846032943,Q1,-5.088432722619144,-9.769279609876953,4.6808468872578075,-40.088432722619146,False,1.2703148597694059e-20,True,True,True,X_rank_D_downside_dev_60
D_downside_dev_60,label_oc_3,1.0,1094307,1406,True,810.0,-0.05033202285218406,0.16914667890803886,-7.141830492813962,9.209612830515435e-13,-0.06609003925680033,-0.04393810224347011,-0.04556271630709482,-0.034406621660933244,-0.061622455317655735,0,5,-15.074958211380705,Q1,2.6309432086665923,-0.5082199648265837,3.139163173493179,-32.369056791333406,False,1.7653286239635204e-12,True,True,True,X_rank_D_downside_dev_60
D_downside_dev_60,label_oc_5,1.0,1094307,1406,True,810.0,-0.048854874621611914,0.17336938924669074,-5.247922216864232,1.5382421394764992e-07,-0.06796244117240044,-0.041175254619623,-0.04397250498061633,-0.024273910530432888,-0.06682630653128699,0,5,-14.952955736264968,Q1,18.697571835394545,18.793578948863647,-0.09600711346909738,-16.302428164605455,False,2.402478731030639e-07,True,True,True,D_downside_dev_60
D_upside_vol_ratio,label_oc_1,0.9999616195455205,1094265,1406,True,810.0,-0.02882215658604333,0.07989484536898216,-11.556648075907388,6.832400267422693e-31,-0.010036495088765213,-0.04231365939868031,-0.031456173160603035,-0.03671878971809346,-0.02360423468117381,0,5,-4.843806291202242,Q1,-17.569636385512137,-19.072189490266176,1.5025531047540395,-52.56963638551214,False,2.6254841477062483e-30,True,True,True,X_z_D_ret_skew_60
D_upside_vol_ratio,label_oc_2,0.9999616195455205,1094265,1406,True,810.0,-0.02329611098865602,0.0849373075514241,-7.899429270631704,2.8018337160822834e-15,-0.0077159710616012895,-0.036471845117830526,-0.025388104055136175,-0.026643785488211814,-0.020271612560103677,0,5,-3.432845300557799,Q1,-8.49816756326298,-9.769279609876953,1.2711120466139725,-43.49816756326298,False,5.7724525957839815e-15,True,True,True,D_ret_skew_60
D_upside_vol_ratio,label_oc_3,0.9999616195455205,1094265,1406,True,810.0,-0.02065162453649084,0.08558941932884252,-5.954979834645284,2.601038999981891e-09,-0.007019186185416888,-0.0322417675173761,-0.02211056962242728,-0.023606736400955612,-0.018288273458335825,0,5,-1.2648811082649125,Q1,0.2436342222911399,-0.5082199648265837,0.7518541871177253,-34.75636577770886,False,4.371279302180869e-09,True,True,True,X_rank_D_ret_skew_60
D_upside_vol_ratio,label_oc_5,0.9999616195455205,1094265,1406,True,810.0,-0.01743071807528177,0.08533123844378833,-3.957445852363955,7.575545265604882e-05,-0.0066034623801502525,-0.027382663117533183,-0.01700860734082066,-0.019978115176061486,-0.01618517489983419,0,5,4.9921602146558675,Q1,17.36092794265354,18.793578948863647,-1.432651006210111,-17.63907205734646,False,0.00010468026185199473,True,True,True,X_rank_D_ret_skew_60
D_days_since_5pct_up,label_oc_1,1.0,1094307,1406,True,810.0,0.05829091305186544,0.11084396861498286,22.177327664143103,5.68572789849851e-109,0.0519265193675464,0.068820324262014,0.05752859377456204,0.05934568288167518,0.053849251597920866,5,5,14.423054338767452,Q5,-14.032225389882555,-19.099418556184794,5.067193166302241,-49.032225389882555,False,6.481729804288301e-107,True,True,True,D_days_since_5pct_up
D_days_since_5pct_up,label_oc_2,1.0,1094307,1406,True,810.0,0.05170620134024086,0.11325738216505138,15.964569899722704,2.2559139164785085e-57,0.051342217837567886,0.06198130035198059,0.052115171062107536,0.042569138849566514,0.05052737371608198,5,5,17.567206045614718,Q5,-5.879591717964807,-9.935345388179101,4.055753670214293,-40.87959171796481,False,3.025578664453529e-56,True,True,True,D_days_since_5pct_up
D_days_since_5pct_up,label_oc_3,1.0,1094307,1406,True,810.0,0.04854217304474394,0.11120531655526834,12.243633054682789,1.817128485185711e-34,0.05313955269102653,0.05794166578550804,0.047865542404277685,0.03564187506301359,0.04812371844218056,5,5,18.81210673461002,Q5,2.490503501795943,-0.7312461494390411,3.2217496512349846,-32.50949649820406,False,8.691719467601583e-34,True,True,True,D_days_since_5pct_up
D_days_since_5pct_up,label_oc_5,1.0,1094307,1406,True,810.0,0.044887038326662985,0.11023797297987276,8.614376451508084,7.032327136023939e-18,0.055015138004574894,0.053907849009856554,0.04321921278168855,0.025750793724802445,0.04653632875145018,5,5,17.921598566630408,Q5,19.441023269855332,18.500951412474556,0.9400718573807758,-15.558976730144668,False,1.5566704728286002e-17,True,True,True,D_days_since_5pct_up
D_n_5pct_up_60,label_oc_1,1.0,1094307,1406,True,810.0,-0.058429447207901,0.12668069218840095,-20.05161672414307,1.9539122513393654e-89,-0.05379869499059892,-0.06624294516575814,-0.05636368365482955,-0.05960260941801215,-0.05614742388973034,0,5,-12.483134694099265,Q1,-14.803488410662288,-19.25508901370857,4.451600603046285,-49.80348841066229,False,5.810765130070113e-88,True,True,True,D_n_5pct_up_60
D_n_5pct_up_60,label_oc_2,1.0,1094307,1406,True,810.0,-0.049778145090305516,0.13269524562860016,-12.606095230406854,1.954386626401645e-36,-0.05157447558509694,-0.05416253508485966,-0.04901537299703748,-0.04052128890369678,-0.05360343973264333,0,5,-11.879583960139918,Q1,-6.935007388039407,-10.088321457732135,3.1533140696927235,-41.93500738803941,False,9.976122779542726e-36,True,True,True,D_n_5pct_up_60
D_n_5pct_up_60,label_oc_3,1.0,1094307,1406,True,810.0,-0.04624010581986632,0.13214735458791124,-9.354234078711915,8.420759618376172e-21,-0.05243636160606381,-0.047903243900406456,-0.0445201001505416,-0.0329401940917968,-0.05337523742310926,0,5,-10.948121700747992,Q1,0.7599411030057391,-1.2590448593893129,2.0189859623950537,-34.24005889699426,False,2.1572283067300755e-20,True,True,True,D_n_5pct_up_60
D_n_5pct_up_60,label_oc_5,1.0,1094307,1406,True,810.0,-0.043560344480089476,0.13272734956366644,-6.621671608190015,3.5515938340961184e-11,-0.054681678336720566,-0.04250763164759087,-0.04116112721216754,-0.023479754324604425,-0.055927519580075774,0,5,-8.364809327446928,Q1,16.77971717871511,16.859967142369346,-0.08024996365423798,-18.22028282128489,False,6.261057171447797e-11,True,True,True,D_n_5pct_up_60
D_n_5pct_up_252,label_oc_1,1.0,1094307,1406,True,810.0,-0.0630544030296961,0.14320582411225505,-18.265486993577426,1.5581659163804938e-74,-0.06167408300290746,-0.05884191068617284,-0.0639382057553737,-0.0638225530284223,-0.06698128799600885,0,5,-12.262381615894862,Q1,-12.859220944076208,-19.072189490266176,6.21296854618997,-47.859220944076206,False,3.045101390869308e-73,True,True,True,D_n_5pct_up_252
D_n_5pct_up_252,label_oc_2,1.0,1094307,1406,True,810.0,-0.05379895549116441,0.15600833597458155,-10.497935970341647,8.828948253906304e-26,-0.06083528800300653,-0.046679266834426685,-0.05469374471352761,-0.042597190986386944,-0.06415244177156894,0,5,-9.884534277975975,Q1,-5.172954200691948,-9.769279609876953,4.596325409185003,-40.17295420069195,False,2.6256524372486576e-25,True,True,True,D_n_5pct_up_252
D_n_5pct_up_252,label_oc_3,1.0,1094307,1406,True,810.0,-0.04964609741680399,0.15969011951094916,-7.55936249370786,4.0504963288952896e-14,-0.06279318880817623,-0.039390629973917686,-0.04960807419387684,-0.03243857524676333,-0.06394911843063165,0,5,-7.0044136803648875,Q1,2.449129469070393,-0.5082199648265837,2.9573494338969786,-32.55087053092961,False,8.124749234499642e-14,True,True,True,D_n_5pct_up_252
D_n_5pct_up_252,label_oc_5,1.0,1094307,1406,True,810.0,-0.045911192838353494,0.16486800048250624,-5.222472563713671,1.765497217869118e-07,-0.06452625676750245,-0.03370548487896401,-0.04522658921077877,-0.01924356357426389,-0.06677980423925864,0,5,-0.7149356679451617,Q1,18.20635713562139,18.793578948863647,-0.5872218132422585,-16.79364286437861,False,2.7321269163404446e-07,True,True,True,D_n_5pct_up_252
X_turnover_med,label_oc_1,1.0,1094307,1406,True,810.0,0.050541933748383845,0.0952580797347739,20.38254222628014,2.3891840693193793e-92,0.04612513669344838,0.05987581274225233,0.052323084436804695,0.05405113559607836,0.04037069584948811,5,5,12.913375435721589,Q5,-12.553215307853899,-19.072189490266176,6.5189741824122756,-47.5532153078539,False,7.781913825783122e-91,True,True,True,D_amihud_60
X_turnover_med,label_oc_2,1.0,1094307,1406,True,810.0,0.04220078340825524,0.10339751031602588,11.933982616166602,7.871541070010353e-33,0.040637911452314275,0.046532351651835564,0.04083644133983282,0.043114725146810834,0.03989070835813436,5,5,8.584750853599767,Q5,-5.696919016771802,-9.769279609876953,4.07236059310515,-40.6969190167718,False,3.407679804991823e-32,True,True,True,D_amihud_60
X_turnover_med,label_oc_3,1.0,1094307,1406,True,810.0,0.03726566593475248,0.10714190992932343,8.232338070003333,1.8359423874080372e-16,0.03729733710117875,0.03735253166489866,0.03519033471376641,0.038063642970728215,0.0384203739420257,5,5,3.8146144270730193,Q5,0.7611609560572477,-0.5082199648265837,1.2693809208838336,-34.238839043942754,False,3.8878779968640793e-16,True,True,True,D_amihud_60
X_turnover_med,label_oc_5,1.0,1094307,1406,True,810.0,0.03083925509533469,0.1115513496826111,4.973044232785984,6.590961486551868e-07,0.02907461919954903,0.026567990398341557,0.026872389980202707,0.03322877670644206,0.03842550187264592,5,5,-6.403382615616473,Q5,14.189610560602949,18.793578948863647,-4.603968388260696,-20.81038943939705,False,9.929994838769775e-07,True,True,True,D_amihud_60
X_rank_D_range_pct,label_oc_1,1.0,1094307,1406,True,810.0,-0.07204651326389992,0.12269490171054362,-27.166778565687906,1.6043515419531204e-162,-0.06985288093994306,-0.08170380174272536,-0.07085000988766468,-0.06948069211990668,-0.06835830691874437,0,5,-19.846395409561975,Q1,-10.07602026299995,-19.072189490266176,8.996169227266229,-45.07602026299995,False,2.795856918674915e-160,True,True,True,D_range_pct
X_rank_D_range_pct,label_oc_2,1.0,1094307,1406,True,810.0,-0.06396022917984273,0.12334952960392832,-19.857603635272444,9.472365569005874e-88,-0.0663839243343313,-0.07404676584921044,-0.060358247542632026,-0.051635304904226666,-0.06736478740324948,0,5,-23.712714493022965,Q1,-2.325278991116373,-9.769279609876953,7.44400061876058,-37.32527899111637,False,2.1736347051434854e-86,True,True,True,X_rank_D_range_pct
X_rank_D_range_pct,label_oc_3,1.0,1094307,1406,True,810.0,-0.05865931936721956,0.12095928402333431,-15.005652293790256,6.74248278936607e-51,-0.06454091038700151,-0.06932142646895025,-0.05486707374379413,-0.04288432125763658,-0.06167214318576672,0,5,-23.899033427324234,Q1,4.450494753780975,-0.5082199648265837,4.9587147186075615,-30.549505246219024,False,6.4360845914838145e-50,True,True,True,D_range_pct
X_rank_D_range_pct,label_oc_5,1.0,1094307,1406,True,810.0,-0.05059483924858087,0.12074509720491848,-9.518284860289349,1.760607595896993e-21,-0.05912500950783438,-0.06532739946175428,-0.0444773745198327,-0.02938772742021157,-0.054642281623751184,0,5,-20.089237901869325,Q1,19.46003157646996,18.793578948863647,0.6664526276063166,-15.539968423530041,False,4.6572355284502964e-21,True,True,True,X_rank_D_range_pct
X_z_D_range_pct,label_oc_1,1.0,1094307,1406,True,810.0,-0.07204663927870225,0.1226951352055422,-27.166082850909813,1.6350040460087222e-162,-0.06985275864010873,-0.08170444189321835,-0.07085012349038483,-0.06947986632862009,-0.06835912885407827,0,5,-19.846395409561975,Q1,-10.07602026299995,-19.072189490266176,8.996169227266229,-45.07602026299995,False,2.795856918674915e-160,True,True,True,D_range_pct
X_z_D_range_pct,label_oc_2,1.0,1094307,1406,True,810.0,-0.06396002191337058,0.12334936603577203,-19.857280555637644,9.533485548874936e-88,-0.06638490560719999,-0.07404632392810472,-0.06035794327115905,-0.0516346734824435,-0.06736414894686563,0,5,-23.712714493022965,Q1,-2.325278991116373,-9.769279609876953,7.44400061876058,-37.32527899111637,False,2.1736347051434854e-86,True,True,True,X_rank_D_range_pct
X_z_D_range_pct,label_oc_3,1.0,1094307,1406,True,810.0,-0.05865886787891886,0.12095907440464507,-15.00533477891228,6.774825885772436e-51,-0.06454146215620607,-0.06932015762315807,-0.05486666722407894,-0.042883712253798334,-0.061671618604521514,0,5,-23.899033427324234,Q1,4.450494753780975,-0.5082199648265837,4.9587147186075615,-30.549505246219024,False,6.4360845914838145e-50,True,True,True,D_range_pct
X_z_D_range_pct,label_oc_5,1.0,1094307,1406,True,810.0,-0.050594238953859186,0.12074501669768929,-9.518115106920124,1.7634853828488696e-21,-0.05912454522927812,-0.06532712857936822,-0.04447695844241209,-0.029386746512449203,-0.054641413250284994,0,5,-20.089237901869325,Q1,19.46003157646996,18.793578948863647,0.6664526276063166,-15.539968423530041,False,4.6572355284502964e-21,True,True,True,X_rank_D_range_pct
X_rank_D_atr_pct,label_oc_1,1.0,1094307,1406,True,810.0,-0.07599448211153227,0.15959589207933736,-20.617950695631695,1.8941328670223253e-94,-0.07341120560393839,-0.08450600812813583,-0.06927568271260917,-0.07747047972117309,-0.0753114650574777,0,5,-16.717698374698806,Q1,-11.598618553031299,-19.072189490266176,7.473570937234877,-46.5986185530313,False,6.501736605715497e-93,True,True,True,D_vol_yz_20
X_rank_D_atr_pct,label_oc_2,1.0,1094307,1406,True,810.0,-0.06321904704277605,0.17149657287904804,-11.972973944427558,4.9231771062079415e-33,-0.06836862007642784,-0.06951940540284476,-0.05526430651682804,-0.05304841190974364,-0.06987081951986128,0,5,-14.517668563630581,Q1,-5.049272370023462,-9.769279609876953,4.72000723985349,-40.04927237002346,False,2.1615324408159903e-32,True,True,True,D_vol_yz_20
X_rank_D_atr_pct,label_oc_3,1.0,1094307,1406,True,810.0,-0.05756821520973645,0.17394710882799247,-8.618101523583574,6.807331339131655e-18,-0.0671270778504712,-0.06250330577271095,-0.04789376837101342,-0.04261590148735292,-0.0676650906261501,0,5,-11.978358944650845,Q1,1.298003055485843,-0.5082199648265837,1.8062230203124292,-33.70199694451416,False,1.5123277816627075e-17,True,True,True,D_vol_yz_20
X_rank_D_atr_pct,label_oc_5,1.0,1094307,1406,True,810.0,-0.05104377588837366,0.17736186042678415,-5.6991516639378075,1.2040507471566381e-08,-0.062303354368044704,-0.057254692831909516,-0.038659763607962146,-0.029146833021771228,-0.06779462405287641,0,5,-4.538114272350049,Q1,13.937377331910907,18.793578948863647,-4.856201616952737,-21.06262266808909,False,1.975307864677057e-08,True,True,True,D_vol_yz_20
X_z_D_atr_pct,label_oc_1,1.0,1094307,1406,True,810.0,-0.07599450517377315,0.15959607166456188,-20.617773225782233,1.9010925747706132e-94,-0.07341136721741164,-0.08450603236842892,-0.06927577201057113,-0.07747033441222002,-0.07531145065921822,0,5,-16.717698374698806,Q1,-11.598618553031299,-19.072189490266176,7.473570937234877,-46.5986185530313,False,6.501736605715497e-93,True,True,True,D_vol_yz_20
X_z_D_atr_pct,label_oc_2,1.0,1094307,1406,True,810.0,-0.06321901660398264,0.17149691577915124,-11.972862247561421,4.929810829931206e-33,-0.06836805213166965,-0.0695194105600426,-0.05526441156781178,-0.05304872810419579,-0.06987080879785229,0,5,-14.517668563630581,Q1,-5.049272370023462,-9.769279609876953,4.72000723985349,-40.04927237002346,False,2.1615324408159903e-32,True,True,True,D_vol_yz_20
X_z_D_atr_pct,label_oc_3,1.0,1094307,1406,True,810.0,-0.0575682497949131,0.1739474458653999,-8.61805836449035,6.8098970285396766e-18,-0.0671268383912588,-0.06250331701803907,-0.04789388211800488,-0.04261619018613441,-0.06766508944741831,0,5,-11.978358944650845,Q1,1.298003055485843,-0.5082199648265837,1.8062230203124292,-33.70199694451416,False,1.5123277816627075e-17,True,True,True,D_vol_yz_20
X_z_D_atr_pct,label_oc_5,1.0,1094307,1406,True,810.0,-0.05104372821614665,0.17736208992373775,-5.699124200702701,1.2042447069741708e-08,-0.062302744485929866,-0.05725467110401677,-0.03865984490312504,-0.0291471450301567,-0.06779462382934406,0,5,-4.538114272350049,Q1,13.937377331910907,18.793578948863647,-4.856201616952737,-21.06262266808909,False,1.975307864677057e-08,True,True,True,D_vol_yz_20
X_rank_D_rsi14,label_oc_1,1.0,1094307,1406,True,810.0,-0.02430219356676844,0.10313190063734144,-6.920547242751762,4.499022462083044e-12,-0.003151766252069212,-0.034953968790567266,-0.029596762061032178,-0.03030288691269673,-0.02350840867474382,0,5,-7.119561661345117,Q1,-17.35433605328433,-19.072189490266176,1.717853436981841,-52.35433605328433,False,8.317120821296433e-12,True,True,True,D_pdi14
X_rank_D_rsi14,label_oc_2,1.0,1094307,1406,True,810.0,-0.02732119877111074,0.10592869532699044,-6.38128641554371,1.7560651641324817e-10,-0.007750805247094224,-0.03837257238111808,-0.03612796806871671,-0.030704725701480456,-0.023662941167477445,0,5,-10.682288699046236,Q1,-6.512078368861025,-9.769279609876953,3.257201241015929,-41.512078368861026,False,3.002871430666544e-10,True,True,True,D_pdi14
X_rank_D_rsi14,label_oc_3,1.0,1094307,1406,True,810.0,-0.025742168551785335,0.10650525222683528,-5.126573247227699,2.9506329343454577e-07,-0.007170809412641862,-0.03560560662672343,-0.03649601127807785,-0.02949373908519067,-0.01996523483925563,0,5,-10.00648068617832,Q1,2.1214831750683762,-0.5082199648265837,2.6297031398949637,-32.87851682493162,False,4.504992061502188e-07,True,True,True,D_pdi14
X_rank_D_rsi14,label_oc_5,1.0,1094307,1406,True,810.0,-0.021881923655485486,0.10579619661953983,-3.5728492216857286,0.00035311810107176606,-0.009024728029187795,-0.027552169022040225,-0.03377310579203744,-0.025390240597806736,-0.013698497349898253,0,5,-5.0084151133578025,Q1,19.11431733555956,18.793578948863647,0.3207383866959141,-15.885682664440441,False,0.00046899636667419416,True,True,True,D_pdi14
X_z_D_rsi14,label_oc_1,1.0,1094307,1406,True,810.0,-0.0243021932714805,0.10313190069111645,-6.920547089017614,4.499027344853334e-12,-0.003151766252069212,-0.034953968790567266,-0.02959676104444089,-0.03030288691269673,-0.023508408215478952,0,5,-7.119561661345117,Q1,-17.35433605328433,-19.072189490266176,1.717853436981841,-52.35433605328433,False,8.317120821296433e-12,True,True,True,D_pdi14
X_z_D_rsi14,label_oc_2,1.0,1094307,1406,True,810.0,-0.02732119909998253,0.1059286953276638,-6.381286543878336,1.75606369225785e-10,-0.007750805247094224,-0.03837257238111808,-0.03612796979192055,-0.030704725701480456,-0.023662941090078358,0,5,-10.682288699046236,Q1,-6.512078368861025,-9.769279609876953,3.257201241015929,-41.512078368861026,False,3.002871430666544e-10,True,True,True,D_pdi14
X_z_D_rsi14,label_oc_3,1.0,1094307,1406,True,810.0,-0.02574216742095233,0.1065052525338854,-5.1265729190421565,2.950638075369854e-07,-0.007170809412641862,-0.03560560662672343,-0.03649600567898683,-0.02949373908519067,-0.019965234780366856,0,5,-10.00648068617832,Q1,2.1214831750683762,-0.5082199648265837,2.6297031398949637,-32.87851682493162,False,4.504992061502188e-07,True,True,True,D_pdi14
X_z_D_rsi14,label_oc_5,1.0,1094307,1406,True,810.0,-0.02188192172639675,0.10579619699614086,-3.572848844849594,0.0003531186094111257,-0.009024728029187795,-0.027552169022040225,-0.033773096199285785,-0.025390240597806736,-0.013698497290552343,0,5,-5.0084151133578025,Q1,19.11431733555956,18.793578948863647,0.3207383866959141,-15.885682664440441,False,0.00046899636667419416,True,True,True,D_pdi14
X_rank_D_adx14,label_oc_1,1.0,1094307,1406,True,810.0,-0.011229841310259022,0.0694764071521437,-5.231505353381843,1.681351650299995e-07,-0.013499502244400087,-0.0191503365829649,-0.00828783566535816,-0.013435425094063768,-0.0018096308451668957,0,5,-1.4705876497321495,Q1,-17.948102460028764,-19.072189490266176,1.1240870302374155,-52.948102460028764,False,2.6078212708560445e-07,True,True,True,D_adx14
X_rank_D_adx14,label_oc_2,1.0,1094307,1406,True,810.0,-0.006985594149792706,0.07283188669382587,-2.5490596820436227,0.010801381362464944,-0.009948310215350205,-0.015258833824675695,-0.004891377253528609,-0.008235089728987946,0.0033687919245598765,1,4,-0.3727553481901245,Q1,-8.772806673591402,-9.769279609876953,0.9964729362855482,-43.772806673591404,False,0.012893883290012672,True,True,True,D_adx14
X_rank_D_adx14,label_oc_3,1.0,1094307,1406,True,810.0,-0.00508728364735855,0.07381066941275885,-1.5407787517292504,0.1233706425381148,-0.008168093830033946,-0.01370577300473899,-0.0012702552872503807,-0.008340003352570026,0.006008221454519888,1,4,1.2126145386513512,Q1,0.3518140444681694,-0.5082199648265837,0.8600340092947578,-34.64818595553183,False,0.13545058840466212,False,True,False,
X_rank_D_adx14,label_oc_5,1.0,1094307,1406,True,810.0,-0.0020888434564195267,0.07476279089954817,-0.5024580251379706,0.6153453714804142,-0.0015603313867957646,-0.013206733413092713,0.003641319768711188,-0.008342287499603848,0.00898440865753066,2,3,6.400341376408936,Q1,17.973654356245294,18.793578948863647,-0.8199245926183526,-17.026345643754706,False,0.6291423529037419,False,False,False,
X_z_D_adx14,label_oc_1,1.0,1094307,1406,True,810.0,-0.011229837896148589,0.06947639420302155,-5.231504605839566,1.6813584509466603e-07,-0.01349951971979381,-0.019150390914170378,-0.00828773632316957,-0.013435427387403031,-0.0018096389757804201,0,5,-1.4705876497321495,Q1,-17.948102460028764,-19.072189490266176,1.1240870302374155,-52.948102460028764,False,2.6078212708560445e-07,True,True,True,D_adx14
X_z_D_adx14,label_oc_2,1.0,1094307,1406,True,810.0,-0.0069855818717018256,0.07283187719102834,-2.5490573090407382,0.010801454861370265,-0.009948314519110546,-0.015258866158482565,-0.004891278519784162,-0.008235109436076247,0.0033688109020839395,1,4,-0.3727553481901245,Q1,-8.772806673591402,-9.769279609876953,0.9964729362855482,-43.772806673591404,False,0.012893883290012672,True,True,True,D_adx14
X_z_D_adx14,label_oc_3,1.0,1094307,1406,True,810.0,-0.005087276628068239,0.07381063916689391,-1.5407775682696492,0.12337093066681945,-0.008168131015662895,-0.013705827028870137,-0.0012701391681441136,-0.00834000766192763,0.006008235924468075,1,4,1.2126145386513512,Q1,0.3518140444681694,-0.5082199648265837,0.8600340092947578,-34.64818595553183,False,0.13545058840466212,False,True,False,
X_z_D_adx14,label_oc_5,1.0,1094307,1406,True,810.0,-0.0020888608419517363,0.0747627791294722,-0.5024625904213535,0.6153421608861265,-0.0015603884120827765,-0.013206752062325567,0.003641321600451858,-0.008342307005048673,0.008984414993674852,2,3,6.400341376408936,Q1,17.973654356245294,18.793578948863647,-0.8199245926183526,-17.026345643754706,False,0.6291423529037419,False,False,False,
X_rank_D_dist_from_52wh,label_oc_1,1.0,1094307,1406,True,810.0,6.582733915327853e-05,0.10855592252045858,0.015818548226229686,0.9873791509432511,0.03375278391778505,-0.019705497084098404,-0.0043890080814274965,-0.009022412043351613,-0.0003054088877784047,1,1,3.0732625278163135,Q5,-17.69887870332541,-19.072189490266176,1.3733107869407672,-52.698878703325406,False,0.9873791509432511,False,False,False,
X_rank_D_dist_from_52wh,label_oc_2,1.0,1094307,1406,True,810.0,0.004739324063121568,0.12189180729917383,0.8596110818728088,0.3900034642199898,0.036447310242116844,-0.01981584344029618,0.0020977706042956817,-0.000743583912170434,0.005707521279964993,3,3,7.274392536291932,Q5,-5.0752535127260225,-9.769279609876953,4.694026097150929,-40.07525351272602,False,0.4085344988067199,False,False,False,
X_rank_D_dist_from_52wh,label_oc_3,1.0,1094307,1406,True,810.0,0.00847452310065434,0.12886841901434867,1.2753067135923646,0.20220070240061122,0.03892347790452926,-0.017468138043031073,0.006768992012816214,0.003813315542099826,0.01032837076421137,4,4,12.999534009578927,Q5,8.390986783477901,-0.5082199648265837,8.899206748304486,-26.6090132165221,False,0.21714053462797814,False,True,False,
X_rank_D_dist_from_52wh,label_oc_5,1.0,1094307,1406,True,810.0,0.013254532408954434,0.1376450522665415,1.5643771060281548,0.11772903393486744,0.0405210641311194,-0.013921569017394088,0.013947868601124937,0.008866473668826645,0.016846043482896193,4,4,24.472177810162098,Q5,34.873820778727385,18.793578948863647,16.08024182986374,-0.12617922127261494,False,0.1301025605550766,False,True,False,
X_z_D_dist_from_52wh,label_oc_1,1.0,1094307,1406,True,810.0,6.59641236125099e-05,0.10855637433569416,0.01585116404441124,0.9873531305479034,0.03375327102469443,-0.019704525240084324,-0.004388964558204026,-0.009023184807747617,-0.00030545402781502424,1,1,3.0732625278163135,Q5,-17.69887870332541,-19.072189490266176,1.3733107869407672,-52.698878703325406,False,0.9873791509432511,False,False,False,
X_z_D_dist_from_52wh,label_oc_2,1.0,1094307,1406,True,810.0,0.00473917907824229,0.12189271761330185,0.8595828240257691,0.39001904637542123,0.03644600543309397,-0.019814569815712488,0.002097939403278506,-0.0007443579874794365,0.005707432615903985,3,3,7.274392536291932,Q5,-5.0752535127260225,-9.769279609876953,4.694026097150929,-40.07525351272602,False,0.4085344988067199,False,False,False,
X_z_D_dist_from_52wh,label_oc_3,1.0,1094307,1406,True,810.0,0.008474177597733158,0.12886975767184328,1.275252005658148,0.20222005929535392,0.03892152921777904,-0.017466992414839986,0.006769074009208981,0.0038124633798885346,0.010328215795923901,4,4,12.999534009578927,Q5,8.390986783477901,-0.5082199648265837,8.899206748304486,-26.6090132165221,False,0.21714053462797814,False,True,False,
X_z_D_dist_from_52wh,label_oc_5,1.0,1094307,1406,True,810.0,0.013254268421226695,0.13764631445194198,1.564334589249406,0.11773901313390704,0.04051990847847879,-0.01392102484847928,0.01394799337038818,0.008865561345684005,0.016846121365243216,4,4,24.472177810162098,Q5,34.873820778727385,18.793578948863647,16.08024182986374,-0.12617922127261494,False,0.1301025605550766,False,True,False,
X_rank_D_dist_from_52wl,label_oc_1,1.0,1094307,1406,True,810.0,0.013553226808215526,0.0937127122265164,3.5970044412611175,0.00032190298934921024,0.02835016181496514,0.02829467780742757,-0.006317922077282945,0.009991580736174814,0.007469286791879653,4,4,4.442031993857121,Q5,-16.669506312609418,-19.072189490266176,2.402683177656758,-51.669506312609414,False,0.0004308838448431699,True,True,True,X_z_D_dist_from_52wl
X_rank_D_dist_from_52wl,label_oc_2,1.0,1094307,1406,True,810.0,0.014389531153424721,0.10510108349051396,2.9713444002301443,0.0029649907744233954,0.02796702549769584,0.02368796225790859,-0.004755555117653373,0.013193616084521137,0.01186359613723571,4,4,6.949583523446405,Q5,-5.586446635223361,-9.769279609876953,4.182832974653591,-40.58644663522336,False,0.0037626228009380374,True,True,True,X_z_D_dist_from_52wl
X_rank_D_dist_from_52wl,label_oc_3,1.0,1094307,1406,True,810.0,0.016399306869300568,0.10927486113967563,2.831807203058236,0.004628574770827707,0.028301181800074654,0.024830319814082246,-0.001718909762888327,0.016481545723357024,0.01411054184314471,4,4,10.69977940994458,Q5,5.526178352342555,-0.5082199648265837,6.034398317169141,-29.473821647657445,False,0.005787833899901557,True,True,True,X_z_D_dist_from_52wl
X_rank_D_dist_from_52wl,label_oc_5,1.0,1094307,1406,True,810.0,0.019025088571450206,0.11423300788785828,2.577734445363316,0.009945039276383684,0.027222200182702213,0.026953972702111757,0.0015385005397115464,0.02149262003953143,0.017922074709429026,5,5,19.245896447271207,Q5,29.077061445942483,18.793578948863647,10.283482497078836,-5.922938554057517,False,0.011955020852454201,True,True,True,X_z_D_dist_from_52wl
X_z_D_dist_from_52wl,label_oc_1,1.0,1094307,1406,True,810.0,0.013553256802642508,0.09371248706277367,3.5970145669988427,0.0003218904633588811,0.02835027765787162,0.02829467780742757,-0.006317929834142174,0.009991580736174814,0.0074693286357983045,4,4,4.442031993857121,Q5,-16.669506312609418,-19.072189490266176,2.402683177656758,-51.669506312609414,False,0.0004308838448431699,True,True,True,X_z_D_dist_from_52wl
X_z_D_dist_from_52wl,label_oc_2,1.0,1094307,1406,True,810.0,0.01438954840422279,0.10510092815765999,2.9713537089678153,0.0029649008958281646,0.027967075165174382,0.02368796225790859,-0.004755558387504322,0.013193616084521137,0.011863635913436867,4,4,6.949583523446405,Q5,-5.586446635223361,-9.769279609876953,4.182832974653591,-40.58644663522336,False,0.0037626228009380374,True,True,True,X_z_D_dist_from_52wl
X_z_D_dist_from_52wl,label_oc_3,1.0,1094307,1406,True,810.0,0.016399303193519968,0.10927470352986694,2.831815369858167,0.004628456560734513,0.02830111714154973,0.024830319814082246,-0.0017189110554824995,0.016481545723357024,0.014110589233630321,4,4,10.69977940994458,Q5,5.526178352342555,-0.5082199648265837,6.034398317169141,-29.473821647657445,False,0.005787833899901557,True,True,True,X_z_D_dist_from_52wl
X_z_D_dist_from_52wl,label_oc_5,1.0,1094307,1406,True,810.0,0.01902504595559248,0.11423277725918808,2.577739948518718,0.00994488090844759,0.027221927103490026,0.026953972702111757,0.0015384991723038505,0.02149262003953143,0.01792213570802556,5,5,19.245896447271207,Q5,29.077061445942483,18.793578948863647,10.283482497078836,-5.922938554057517,False,0.011955020852454201,True,True,True,X_z_D_dist_from_52wl
X_rank_D_pos_in_52w_range,label_oc_1,1.0,1094307,1406,True,810.0,0.0014529216323291838,0.10862509403942296,0.35950782939179526,0.7192152217775122,0.03131145120713049,-0.010069137043306687,-0.008743698225456608,-0.0058034738626804305,0.0005725989070455713,2,2,3.066208006374961,Q5,-17.345840874415096,-19.072189490266176,1.7263486158510832,-52.345840874415096,False,0.7298865588792498,False,False,False,
X_rank_D_pos_in_52w_range,label_oc_2,1.0,1094307,1406,True,810.0,0.005280369612217671,0.12188215540516442,0.9777490597187696,0.3281984509726168,0.032413215531058095,-0.011396088293988884,-0.0032552466781718644,0.0016381106548561078,0.006995752282671362,3,3,6.304754571414414,Q5,-4.9066257060127665,-9.769279609876953,4.862653903864185,-39.90662570601277,False,0.34750464607652914,False,False,False,
X_rank_D_pos_in_52w_range,label_oc_3,1.0,1094307,1406,True,810.0,0.00889825222808925,0.12834503570754385,1.3577913556613246,0.17452989865098112,0.03402106360388639,-0.008997315953799115,0.0014970882976846154,0.0062926985666040625,0.011667870333878887,4,4,12.158621093381228,Q5,8.494467460597157,-0.5082199648265837,9.00268742542374,-26.505532539402843,False,0.1888899720349153,False,True,False,
X_rank_D_pos_in_52w_range,label_oc_5,1.0,1094307,1406,True,810.0,0.01351372801920541,0.1358421588510615,1.6080209604117797,0.10783058825070112,0.03435063119957861,-0.005099271476607209,0.008253242668205193,0.01170734568929997,0.018339518384357767,4,4,23.698439785666253,Q5,35.53997722580552,18.793578948863647,16.746398276941875,0.5399772258055222,False,0.11992865424956027,False,True,False,
X_z_D_pos_in_52w_range,label_oc_1,1.0,1094307,1406,True,810.0,0.0014529184172989696,0.10862508519794578,0.3595071863335951,0.7192157027552841,0.031311435139204244,-0.010069137043306687,-0.008743698225456608,-0.0058034738626804305,0.0005725988884455616,2,2,3.066208006374961,Q5,-17.345840874415096,-19.072189490266176,1.7263486158510832,-52.345840874415096,False,0.7298865588792498,False,False,False,
X_z_D_pos_in_52w_range,label_oc_2,1.0,1094307,1406,True,810.0,0.005280363911751499,0.12188214830117729,0.977748288692238,0.3281988324056108,0.03241319071660911,-0.011396088293988884,-0.0032552466781718644,0.0016381106548561078,0.00699574858765266,3,3,6.304754571414414,Q5,-4.9066257060127665,-9.769279609876953,4.862653903864185,-39.90662570601277,False,0.34750464607652914,False,False,False,
X_z_D_pos_in_52w_range,label_oc_3,1.0,1094307,1406,True,810.0,0.008898251129874444,0.12834502794358008,1.3577913020054944,0.17452991568138373,0.0340210635589028,-0.008997315953799115,0.0014970882976846154,0.0062926985666040625,0.011667864903206438,4,4,12.158621093381228,Q5,8.494467460597157,-0.5082199648265837,9.00268742542374,-26.505532539402843,False,0.1888899720349153,False,True,False,
X_z_D_pos_in_52w_range,label_oc_5,1.0,1094307,1406,True,810.0,0.01351374129933298,0.13584217165303616,1.6080220712685274,0.10783034496684572,0.034350701999838786,-0.005099271476607209,0.008253242668205193,0.01170734568929997,0.018339514047429596,4,4,23.698439785666253,Q5,35.53997722580552,18.793578948863647,16.746398276941875,0.5399772258055222,False,0.11992865424956027,False,True,False,
X_rank_D_drawdown_252,label_oc_1,1.0,1094307,1406,True,810.0,0.01540577200350904,0.11842947762030645,3.5258274073774465,0.00042216199456515934,0.046527500849180586,-0.005362301625089439,0.013379309994043546,0.00629374617994261,0.01618782152508506,4,4,4.980594416707527,Q5,-17.250971991380702,-19.072189490266176,1.8212174988854744,-52.2509719913807,False,0.0005553449593100392,True,True,True,X_rank_D_drawdown_252
X_rank_D_drawdown_252,label_oc_2,1.0,1094307,1406,True,810.0,0.016732593156364026,0.134450868720505,2.804313141307029,0.005042390600870069,0.04888156538829553,-0.009834202884556416,0.01579528446144842,0.00846481167302063,0.02034265993089122,4,4,8.24399644543476,Q5,-5.324093098023177,-9.769279609876953,4.445186511853777,-40.32409309802318,False,0.0062595464016957465,True,True,True,X_rank_D_drawdown_252
X_rank_D_drawdown_252,label_oc_3,1.0,1094307,1406,True,810.0,0.019514618224270457,0.14210971886729623,2.7023599612937943,0.006884918017644862,0.051814094026121534,-0.008851752617840184,0.019075891874107402,0.01103132442461046,0.024485842225735778,4,4,13.74138266689114,Q5,7.427880315858719,-0.5082199648265837,7.936100280685306,-27.57211968414128,False,0.008379611265577614,True,True,True,X_rank_D_drawdown_252
X_rank_D_drawdown_252,label_oc_5,1.0,1094307,1406,True,810.0,0.023475694278996526,0.15097757123448166,2.5468259519281453,0.010870763652934518,0.05368992699954909,-0.005629173173548705,0.02427717113939841,0.013503828665816611,0.03150813257410492,4,4,24.167859928788065,Q5,32.83191523570205,18.793578948863647,14.03833628683841,-2.1680847642979515,False,0.01290903183785974,True,True,True,X_z_D_drawdown_252
X_z_D_drawdown_252,label_oc_1,1.0,1094307,1406,True,810.0,0.01540569746696879,0.11842948138083607,3.525808537159348,0.0004221920743292696,0.046527500849180586,-0.005362459588640089,0.013379332971202834,0.006293499325260109,0.016187830386667212,4,4,4.980594416707527,Q5,-17.250971991380702,-19.072189490266176,1.8212174988854744,-52.2509719913807,False,0.0005553449593100392,True,True,True,X_rank_D_drawdown_252
X_z_D_drawdown_252,label_oc_2,1.0,1094307,1406,True,810.0,0.01673258799159706,0.13445091881670723,2.8043117489011857,0.005042412379143796,0.04888156538829553,-0.009834309928851013,0.01579530625467628,0.008464720116893656,0.020342810360533356,4,4,8.24399644543476,Q5,-5.324093098023177,-9.769279609876953,4.445186511853777,-40.32409309802318,False,0.0062595464016957465,True,True,True,X_rank_D_drawdown_252
X_z_D_drawdown_252,label_oc_3,1.0,1094307,1406,True,810.0,0.019514589513930796,0.14210973413215272,2.7023558945203114,0.006885002238676344,0.051814094026121534,-0.008852037470483232,0.019075912789464678,0.011031193521419264,0.02448609252160977,4,4,13.74138266689114,Q5,7.427880315858719,-0.5082199648265837,7.936100280685306,-27.57211968414128,False,0.008379611265577614,True,True,True,X_rank_D_drawdown_252
X_z_D_drawdown_252,label_oc_5,1.0,1094307,1406,True,810.0,0.02347571443776308,0.1509775155563411,2.5468314272242507,0.010870593100617089,0.05368992699954909,-0.005629348696885048,0.024277187170864717,0.013503796776393148,0.03150842378463415,4,4,24.167859928788065,Q5,32.83191523570205,18.793578948863647,14.03833628683841,-2.1680847642979515,False,0.01290903183785974,True,True,True,X_z_D_drawdown_252
X_rank_D_dvol_z20,label_oc_1,1.0,1094307,1406,True,810.0,-0.029091940537891825,0.0685509249883589,-11.533273241935765,8.966836688895503e-31,-0.027980437414552802,-0.031896623676906204,-0.0321066741306828,-0.025588588419236856,-0.027891650542725188,0,5,-8.11128780123771,Q1,-17.027587253328097,-19.072189490266176,2.044602236938077,-52.02758725332809,False,3.369954008354134e-30,True,True,True,X_z_D_dvol_z20
X_rank_D_dvol_z20,label_oc_2,1.0,1094307,1406,True,810.0,-0.030942089021013412,0.06980327202122853,-9.996815859790697,1.573760364366055e-23,-0.028566009280629297,-0.03707752151416981,-0.03397305001756919,-0.026403126348947377,-0.028698721458209783,0,5,-13.028436209054501,Q1,-7.306401045972225,-9.769279609876953,2.4628785639047264,-42.30640104597222,False,4.4298439885859324e-23,True,True,True,X_z_D_dvol_z20
X_rank_D_dvol_z20,label_oc_3,1.0,1094307,1406,True,810.0,-0.028787837631030405,0.06740000282881062,-8.679178417541292,3.986379277756403e-18,-0.025823194943027712,-0.03715735249116161,-0.0335758178983425,-0.02384798546549833,-0.023553465017667644,0,5,-14.518746073116084,Q1,0.658755531309998,-0.5082199648265837,1.166975496136584,-34.34124446869,False,9.063255812114468e-18,True,True,True,X_rank_D_dvol_z20
X_rank_D_dvol_z20,label_oc_5,1.0,1094307,1406,True,810.0,-0.023312164799498807,0.06720719960825629,-6.690497571288053,2.2241305086516687e-11,-0.018609322820949015,-0.03373992942309585,-0.030608547093279235,-0.019184073180144236,-0.014450487697470656,0,5,-13.528792464084953,Q1,18.13573376963096,18.793578948863647,-0.6578451792326863,-16.86426623036904,False,3.9423082815388216e-11,True,True,True,X_rank_D_dvol_z20
X_z_D_dvol_z20,label_oc_1,1.0,1094307,1406,True,810.0,-0.029092022186514695,0.0685507543159989,-11.533376521898008,8.95608305993943e-31,-0.027980752357774162,-0.03189668309649366,-0.0321069463250589,-0.02558828993490304,-0.027891710789152823,0,5,-8.11128780123771,Q1,-17.027587253328097,-19.072189490266176,2.044602236938077,-52.02758725332809,False,3.369954008354134e-30,True,True,True,X_z_D_dvol_z20
X_z_D_dvol_z20,label_oc_2,1.0,1094307,1406,True,810.0,-0.03094206776372552,0.06980320074532018,-9.996820639807778,1.573684425976599e-23,-0.028566185314202887,-0.037077518995391426,-0.03397296673697865,-0.0264028800544987,-0.028698770980130985,0,5,-13.028436209054501,Q1,-7.306401045972225,-9.769279609876953,2.4628785639047264,-42.30640104597222,False,4.4298439885859324e-23,True,True,True,X_z_D_dvol_z20
X_z_D_dvol_z20,label_oc_3,1.0,1094307,1406,True,810.0,-0.028787733746569257,0.0674000919493299,-8.6791218408097,3.988362572290139e-18,-0.02582326084252044,-0.037157019017600865,-0.03357570894244962,-0.023847792846799682,-0.023553514199302267,0,5,-14.518746073116084,Q1,0.658755531309998,-0.5082199648265837,1.166975496136584,-34.34124446869,False,9.063255812114468e-18,True,True,True,X_rank_D_dvol_z20
X_z_D_dvol_z20,label_oc_5,1.0,1094307,1406,True,810.0,-0.023312012514910992,0.06720733141020536,-6.690456627626298,2.2247529191140136e-11,-0.018609277646486847,-0.03373925593067333,-0.03060845572671037,-0.019184032382593946,-0.014450576248469259,0,5,-13.528792464084953,Q1,18.13573376963096,18.793578948863647,-0.6578451792326863,-16.86426623036904,False,3.9423082815388216e-11,True,True,True,X_rank_D_dvol_z20
X_rank_D_dvol_z252,label_oc_1,1.0,1094307,1406,True,810.0,-0.0406141145774841,0.08772562121256548,-11.819034328138653,3.1124156740149177e-32,-0.01858719255751566,-0.06265425508568274,-0.04365534086801803,-0.04298940000583339,-0.035203638732807234,0,5,-9.708894571526951,Q1,-15.391831825538844,-19.072189490266176,3.680357664727335,-50.391831825538844,False,1.3280450407544942e-31,True,True,True,D_vol_z252
X_rank_D_dvol_z252,label_oc_2,1.0,1094307,1406,True,810.0,-0.03611945540361048,0.08722447009580458,-8.9088437289047,5.15675366842454e-19,-0.011794609796055434,-0.061748771515064034,-0.04067739877671086,-0.03518992389547859,-0.031204065525413202,0,5,-10.933177630392125,Q1,-7.73810292283641,-9.769279609876953,2.0311766870405408,-42.73810292283641,False,1.2196995112508392e-18,True,True,True,D_vol_z252
X_rank_D_dvol_z252,label_oc_3,1.0,1094307,1406,True,810.0,-0.03201676258574549,0.08574521157880714,-7.0688250491749125,1.5625098792642412e-12,-0.004977700386958703,-0.06065633556852253,-0.03902695155007114,-0.029851188823209182,-0.02559449165665306,0,5,-9.86306337961257,Q1,-1.4077448235153491,-0.5082199648265837,-0.8995248586887635,-36.40774482351535,False,2.9408847617570244e-12,True,True,True,D_vol_z252
X_rank_D_dvol_z252,label_oc_5,1.0,1094307,1406,True,810.0,-0.02500340230920586,0.08686811484817467,-4.8520828761921875,1.2217154641632917e-06,0.003849975900088686,-0.05740410256579709,-0.03358105428983786,-0.021547376376051048,-0.01636519516512266,1,4,-3.704295226905775,Q1,11.783684974403094,18.793578948863647,-7.009893974460548,-23.216315025596906,False,1.8100177913569565e-06,True,True,True,D_vol_z252
X_z_D_dvol_z252,label_oc_1,1.0,1094307,1406,True,810.0,-0.040614194383196904,0.08772569261164773,-11.81866966407217,3.125953970196982e-32,-0.018584394899829146,-0.0626542724370203,-0.04366125490930412,-0.042985275296231536,-0.03520502408994549,0,5,-9.708894571526951,Q1,-15.391831825538844,-19.072189490266176,3.680357664727335,-50.391831825538844,False,1.3280450407544942e-31,True,True,True,D_vol_z252
X_z_D_dvol_z252,label_oc_2,1.0,1094307,1406,True,810.0,-0.03611932044177607,0.08722374426863763,-8.908532651928903,5.171240617876365e-19,-0.011792453568089225,-0.06174853592504957,-0.0406813101035243,-0.03518736930405989,-0.03120442404267375,0,5,-10.933177630392125,Q1,-7.73810292283641,-9.769279609876953,2.0311766870405408,-42.73810292283641,False,1.2196995112508392e-18,True,True,True,D_vol_z252
X_z_D_dvol_z252,label_oc_3,1.0,1094307,1406,True,810.0,-0.032016241202595455,0.08574437297371286,-7.06860117730835,1.565032241636779e-12,-0.004975996646548813,-0.06065617213254305,-0.039029125272309693,-0.02984821241023757,-0.025594552535917102,0,5,-9.86306337961257,Q1,-1.4077448235153491,-0.5082199648265837,-0.8995248586887635,-36.40774482351535,False,2.9408847617570244e-12,True,True,True,D_vol_z252
X_z_D_dvol_z252,label_oc_5,1.0,1094307,1406,True,810.0,-0.02500301854354962,0.08686794609289596,-4.851946530037648,1.222555876618295e-06,0.003852292894692268,-0.05740429112370579,-0.03358331781977154,-0.021545073253449586,-0.016365442121641264,1,4,-3.704295226905775,Q1,11.783684974403094,18.793578948863647,-7.009893974460548,-23.216315025596906,False,1.8100177913569565e-06,True,True,True,D_vol_z252
X_rank_D_realvol_20,label_oc_1,1.0,1094307,1406,True,810.0,-0.06465230809461693,0.141825373699484,-19.972813077626625,9.495210494341913e-89,-0.06209495665322232,-0.07331762943846769,-0.05804334985806684,-0.06597449739600013,-0.06383401918749539,0,5,-14.025766049294953,Q1,-12.99873339233427,-19.072189490266176,6.073456097931908,-47.99873339233427,False,2.4119927759247203e-87,True,True,True,D_vol_yz_20
X_rank_D_realvol_20,label_oc_2,1.0,1094307,1406,True,810.0,-0.05603309124549202,0.1484108138570447,-12.895915767387613,4.745916415414814e-38,-0.06014055257797932,-0.06378114536446419,-0.04985402327816367,-0.04630405435087047,-0.060071309771548106,0,5,-14.080537092153353,Q1,-4.913821730732298,-9.769279609876953,4.855457879144654,-39.913821730732295,False,2.5803311630849855e-37,True,True,True,D_vol_yz_20
X_rank_D_realvol_20,label_oc_3,1.0,1094307,1406,True,810.0,-0.05236217600884082,0.14801871902955044,-9.748118392581341,1.8791890555551173e-22,-0.060805357369243286,-0.0594302028856309,-0.04437966160839391,-0.03861455398215279,-0.058559051261939464,0,5,-12.802516603513082,Q1,2.611475897250506,-0.5082199648265837,3.119695862077091,-32.38852410274949,False,5.149313271080837e-22,True,True,True,D_vol_yz_20
X_rank_D_realvol_20,label_oc_5,1.0,1094307,1406,True,810.0,-0.04790902199320448,0.14850776225395154,-6.798933937798835,1.0539612974207585e-11,-0.060317062803534945,-0.05664524058662537,-0.037035475909230446,-0.028038413891389183,-0.057474874595164295,0,5,-8.330558593983397,Q1,17.32120777864307,18.793578948863647,-1.4723711702205764,-17.67879222135693,False,1.8937762274742204e-11,True,True,True,D_vol_yz_20
X_z_D_realvol_20,label_oc_1,1.0,1094307,1406,True,810.0,-0.06465230086080316,0.14182535302938895,-19.972677485353078,9.521024115492317e-89,-0.0620950893849556,-0.07331773118535856,-0.05804319818742309,-0.06597459744589215,-0.06383380091159353,0,5,-14.025766049294953,Q1,-12.99873339233427,-19.072189490266176,6.073456097931908,-47.99873339233427,False,2.4119927759247203e-87,True,True,True,D_vol_yz_20
X_z_D_realvol_20,label_oc_2,1.0,1094307,1406,True,810.0,-0.05603303947587341,0.1484109033146836,-12.895796878573792,4.753241616209184e-38,-0.06014085250968573,-0.06378089790352139,-0.04985383480800454,-0.046304226943218216,-0.06007101519458589,0,5,-14.080537092153353,Q1,-4.913821730732298,-9.769279609876953,4.855457879144654,-39.913821730732295,False,2.5803311630849855e-37,True,True,True,D_vol_yz_20
X_z_D_realvol_20,label_oc_3,1.0,1094307,1406,True,810.0,-0.05236188588236642,0.14801906005323334,-9.747963443189784,1.8820589441084928e-22,-0.0608047527868041,-0.05942984341973747,-0.04437938083532659,-0.03861459643621946,-0.0585588028484559,0,5,-12.802516603513082,Q1,2.611475897250506,-0.5082199648265837,3.119695862077091,-32.38852410274949,False,5.149313271080837e-22,True,True,True,D_vol_yz_20
X_z_D_realvol_20,label_oc_5,1.0,1094307,1406,True,810.0,-0.047908519205478006,0.14850831879665144,-6.798810228260605,1.0548665828474824e-11,-0.06031597391012886,-0.056644707119182944,-0.0370350140684761,-0.02803836430853322,-0.05747449400612003,0,5,-8.330558593983397,Q1,17.32120777864307,18.793578948863647,-1.4723711702205764,-17.67879222135693,False,1.8937762274742204e-11,True,True,True,D_vol_yz_20
X_rank_D_realvol_ratio_20_60,label_oc_1,0.9999616195455205,1094265,1406,True,810.0,-0.012616726104747051,0.06497073083186494,-5.249987351961715,1.5210965408833963e-07,-0.009097647474697261,-0.024658054807304826,-0.008443518850471383,-0.009316722909521095,-0.011571406480403845,0,5,-2.753241086724511,Q1,-18.565838730110407,-19.072189490266176,0.5063507601557683,-53.56583873011041,False,2.3917931815269957e-07,True,True,True,X_z_D_realvol_ratio_20_60
X_rank_D_realvol_ratio_20_60,label_oc_2,0.9999616195455205,1094265,1406,True,810.0,-0.011588553761031352,0.06677237447214725,-4.204319608074277,2.6186869124796058e-05,-0.0073816661901463946,-0.02602109169166941,-0.007886369476007843,-0.006693913269096814,-0.009965504155480262,0,5,-4.612104610575288,Q1,-9.013969845460004,-9.769279609876953,0.755309764416949,-44.013969845460004,False,3.648060185814541e-05,True,True,True,X_rank_D_realvol_ratio_20_60
X_rank_D_realvol_ratio_20_60,label_oc_3,0.9999616195455205,1094265,1406,True,810.0,-0.011057448839832057,0.06704980737404972,-3.467650340354119,0.0005250299633314035,-0.005782708789300101,-0.028093573371140622,-0.006437324203754097,-0.0068544335666113195,-0.008129623575345211,0,5,-6.11712735774092,Q1,0.09683077299700206,-0.5082199648265837,0.6050507378235901,-34.903169227003,False,0.0006866602686667026,True,True,True,X_rank_D_realvol_ratio_20_60
X_rank_D_realvol_ratio_20_60,label_oc_5,0.9999616195455205,1094265,1406,True,810.0,-0.009195888423065783,0.06851760485958308,-2.329827543800929,0.019815267772288352,-0.0037498710792002315,-0.031944457516190426,-0.0022454153838066186,-0.005405460333289468,-0.002657506067452892,0,5,-6.388520851792777,Q1,17.470179242611113,18.793578948863647,-1.3233997062525287,-17.529820757388887,False,0.023089833148206933,True,True,True,X_rank_D_realvol_ratio_20_60
X_z_D_realvol_ratio_20_60,label_oc_1,0.9999616195455205,1094265,1406,True,810.0,-0.012616730920843195,0.06497072641282561,-5.249989481652399,1.5210789550815943e-07,-0.009097671572317107,-0.024658054807304826,-0.008443518850471383,-0.009316722909521095,-0.011571406480403845,0,5,-2.753241086724511,Q1,-18.565838730110407,-19.072189490266176,0.5063507601557683,-53.56583873011041,False,2.3917931815269957e-07,True,True,True,X_z_D_realvol_ratio_20_60
X_z_D_realvol_ratio_20_60,label_oc_2,0.9999616195455205,1094265,1406,True,810.0,-0.011588545904299231,0.06677236205536809,-4.204317624959282,2.6187098702265198e-05,-0.0073816268785258906,-0.02602109169166941,-0.007886369476007843,-0.006693913269096814,-0.009965504155480262,0,5,-4.612104610575288,Q1,-9.013969845460004,-9.769279609876953,0.755309764416949,-44.013969845460004,False,3.648060185814541e-05,True,True,True,X_rank_D_realvol_ratio_20_60
X_z_D_realvol_ratio_20_60,label_oc_3,0.9999616195455205,1094265,1406,True,810.0,-0.01105743777038218,0.06704979633791368,-3.4676482257918626,0.0005250340943167915,-0.005782653402657645,-0.028093573371140622,-0.006437324203754097,-0.0068544335666113195,-0.008129623575345211,0,5,-6.11712735774092,Q1,0.09683077299700206,-0.5082199648265837,0.6050507378235901,-34.903169227003,False,0.0006866602686667026,True,True,True,X_rank_D_realvol_ratio_20_60
X_z_D_realvol_ratio_20_60,label_oc_5,0.9999616195455205,1094265,1406,True,810.0,-0.009195873168096695,0.06851757891792759,-2.3298250856470415,0.019815397745610336,-0.0037497947500666428,-0.031944457516190426,-0.0022454153838066186,-0.005405460333289468,-0.002657506067452892,0,5,-6.388520851792777,Q1,17.470179242611113,18.793578948863647,-1.3233997062525287,-17.529820757388887,False,0.023089833148206933,True,True,True,X_rank_D_realvol_ratio_20_60
X_rank_D_amihud_20,label_oc_1,1.0,1094307,1406,True,810.0,-0.057142982107763696,0.10175231768326241,-21.02127690643934,4.190084654756978e-98,-0.056415271815656906,-0.06400865957343117,-0.058116002773224366,-0.06058489739722049,-0.04662750062158509,0,5,-15.708581344282381,Q1,-11.665170117757906,-19.072189490266176,7.407019372508269,-46.66517011775791,False,1.9178995794662015e-96,True,True,True,D_amihud_60
X_rank_D_amihud_20,label_oc_2,1.0,1094307,1406,True,810.0,-0.04910381018390491,0.11294429409364515,-12.26810429368235,1.343623748840224e-34,-0.05304221182939133,-0.04979674349536497,-0.04698389550100611,-0.04815903937310083,-0.04754271621521184,0,5,-13.12930988059746,Q1,-4.233755014581483,-9.769279609876953,5.535524595295468,-39.23375501458148,False,6.477094221628171e-34,True,True,True,D_amihud_60
X_rank_D_amihud_20,label_oc_3,1.0,1094307,1406,True,810.0,-0.04430402984549704,0.11855585207217324,-8.592404138200878,8.51682162007848e-18,-0.05074548099575176,-0.04019481735340462,-0.041690192700451725,-0.04193471417770384,-0.046945543595369475,0,5,-9.595792784897409,Q1,2.761584425048429,-0.5082199648265837,3.269804389875016,-32.238415574951574,False,1.869246638631394e-17,True,True,True,D_amihud_60
X_rank_D_amihud_20,label_oc_5,1.0,1094307,1406,True,810.0,-0.038004194545438456,0.1250701928281916,-5.391695561420788,6.979594429773439e-08,-0.04339500927561684,-0.02863687657257101,-0.034017988380242815,-0.0355511835894659,-0.048382979730700486,0,5,-1.228541318490409,Q1,17.2667426782189,18.793578948863647,-1.526836270644747,-17.7332573217811,False,1.1056728010031376e-07,True,True,True,D_amihud_60
X_z_D_amihud_20,label_oc_1,1.0,1094307,1406,True,810.0,-0.05714279308569647,0.10175287893213654,-21.021097864657623,4.205920130408337e-98,-0.056414515126420754,-0.0640093846369749,-0.05811570199614443,-0.06058467930735614,-0.046627106732948224,0,5,-15.708581344282381,Q1,-11.665170117757906,-19.072189490266176,7.407019372508269,-46.66517011775791,False,1.9178995794662015e-96,True,True,True,D_amihud_60
X_z_D_amihud_20,label_oc_2,1.0,1094307,1406,True,810.0,-0.04910276872751628,0.11294387689075927,-12.26804186741445,1.3446599115076027e-34,-0.053039126344192875,-0.049796745633140876,-0.0469834448700321,-0.048158480132354346,-0.04754160240988123,0,5,-13.12930988059746,Q1,-4.233755014581483,-9.769279609876953,5.535524595295468,-39.23375501458148,False,6.477094221628171e-34,True,True,True,D_amihud_60
X_z_D_amihud_20,label_oc_3,1.0,1094307,1406,True,810.0,-0.044302850448851974,0.11855536595528991,-8.592275186409577,8.526388176213376e-18,-0.05074245050386029,-0.04019443143315871,-0.041689511391903994,-0.04193411625762851,-0.046944342330726606,0,5,-9.595792784897409,Q1,2.761584425048429,-0.5082199648265837,3.269804389875016,-32.238415574951574,False,1.869246638631394e-17,True,True,True,D_amihud_60
X_z_D_amihud_20,label_oc_5,1.0,1094307,1406,True,810.0,-0.038002984996084704,0.12506973988867215,-5.391602862806805,6.983196637914553e-08,-0.043392113303314966,-0.028636189296652008,-0.03401712742121034,-0.03555082767682382,-0.04838173223885381,0,5,-1.228541318490409,Q1,17.2667426782189,18.793578948863647,-1.526836270644747,-17.7332573217811,False,1.1056728010031376e-07,True,True,True,D_amihud_60
X_rank_D_gap_pct,label_oc_1,1.0,1094307,1406,True,810.0,-0.04242937828295826,0.0638146434725369,-21.922431960801617,1.5874620016285858e-106,-0.03538503074684632,-0.04490445565531199,-0.036913266396079746,-0.053080362686750426,-0.041865781611906176,0,5,-19.622484929842685,Q1,-13.00522919211098,-19.072189490266176,6.066960298155198,-48.00522919211098,False,1.2084945620224717e-104,True,True,True,X_rank_D_gap_pct
X_rank_D_gap_pct,label_oc_2,1.0,1094307,1406,True,810.0,-0.03311508431628043,0.066361789825522,-15.872894399695005,9.763269256784329e-57,-0.022804320044800718,-0.03850101917175309,-0.028936391742838515,-0.040124260620700083,-0.03520200324356143,0,5,-18.297169235513124,Q1,-5.8784628105427466,-9.769279609876953,3.8908167993342055,-40.87846281054274,False,1.2141956675709967e-55,True,True,True,X_z_D_gap_pct
X_rank_D_gap_pct,label_oc_3,1.0,1094307,1406,True,810.0,-0.026698385365577927,0.06780568507170132,-12.82983007467497,1.116086904666438e-37,-0.01605541639945817,-0.032690161219690345,-0.02564853561169844,-0.03139669555836053,-0.02769756224906124,0,5,-13.753959015328746,Q1,0.4995151610132766,-0.5082199648265837,1.007735125839864,-34.50048483898672,False,5.872334175321874e-37,True,True,True,X_z_D_gap_pct
X_rank_D_gap_pct,label_oc_5,1.0,1094307,1406,True,810.0,-0.022493691748238197,0.06899841513706777,-10.56863192896695,4.1652631851714227e-26,-0.01397972699010043,-0.027047762214594758,-0.026093305699095282,-0.022238757435986675,-0.023106724789168514,0,5,-10.179852249722265,Q1,18.300165750430224,18.793578948863647,-0.4934131984334175,-16.699834249569776,False,1.2662400082921126e-25,True,True,True,X_z_D_gap_pct
X_z_D_gap_pct,label_oc_1,1.0,1094307,1406,True,810.0,-0.042429948766199044,0.06381531259777307,-21.922355678700974,1.5901244237137786e-106,-0.03538496423021167,-0.04490444776095003,-0.03691307473477664,-0.053081772748166126,-0.04186748600373228,0,5,-19.622484929842685,Q1,-13.00522919211098,-19.072189490266176,6.066960298155198,-48.00522919211098,False,1.2084945620224717e-104,True,True,True,X_rank_D_gap_pct
X_z_D_gap_pct,label_oc_2,1.0,1094307,1406,True,810.0,-0.033115169197631765,0.06636188250248742,-15.873038525269706,9.740871592222488e-57,-0.02280358533918007,-0.03850039151818937,-0.0289359741985337,-0.04012434051112953,-0.03520412043097191,0,5,-18.297169235513124,Q1,-5.8784628105427466,-9.769279609876953,3.8908167993342055,-40.87846281054274,False,1.2141956675709967e-55,True,True,True,X_z_D_gap_pct
X_z_D_gap_pct,label_oc_3,1.0,1094307,1406,True,810.0,-0.02669861051427398,0.06780571643812855,-12.83039904331882,1.1079206568262866e-37,-0.016055762420513115,-0.032688798245977715,-0.025648503023977833,-0.03139700113875148,-0.02769942612077431,0,5,-13.753959015328746,Q1,0.4995151610132766,-0.5082199648265837,1.007735125839864,-34.50048483898672,False,5.872334175321874e-37,True,True,True,X_z_D_gap_pct
X_z_D_gap_pct,label_oc_5,1.0,1094307,1406,True,810.0,-0.02249365072942604,0.06899866556752908,-10.568828077183808,4.1565615617654843e-26,-0.013979591903056681,-0.027046678380413688,-0.026093142240301626,-0.022238376899366977,-0.02310827694209562,0,5,-10.179852249722265,Q1,18.300165750430224,18.793578948863647,-0.4934131984334175,-16.699834249569776,False,1.2662400082921126e-25,True,True,True,X_z_D_gap_pct
X_rank_D_intraday_ret_pct,label_oc_1,1.0,1094307,1406,True,810.0,-0.01365348778285032,0.09576845552503643,-4.909094301130291,9.149797533313352e-07,0.010459824869981336,-0.010883447553044384,-0.016583552337570848,-0.025259202256868805,-0.025957275913862734,1,4,-4.703079986594542,Q1,-22.65406009366069,-19.072189490266176,-3.5818706033945116,-57.65406009366069,False,1.3664763128354438e-06,True,True,True,D_WQ_38
X_rank_D_intraday_ret_pct,label_oc_2,1.0,1094307,1406,True,810.0,-0.029829481844099386,0.09240563438045922,-11.291273197116135,1.4492201465155792e-29,-0.011556585538105861,-0.03097615368430197,-0.03240871393800771,-0.041834563520112146,-0.03236237867225343,0,5,-19.35204207508014,Q1,-8.555217248368058,-9.769279609876953,1.2140623615088917,-43.55521724836806,False,5.136096270552623e-29,True,True,True,D_WQ_38
X_rank_D_intraday_ret_pct,label_oc_3,1.0,1094307,1406,True,810.0,-0.029978577305095244,0.08809549955014803,-11.79518497228589,4.1329153465865403e-32,-0.01156725169158793,-0.03700522966970276,-0.03245596234161825,-0.03924713133473782,-0.029618592572287838,0,5,-26.001014185569037,Q1,3.0582289891362824,-0.5082199648265837,3.566448953962868,-31.941771010863718,False,1.7237281079665815e-31,True,True,True,D_WQ_33
X_rank_D_intraday_ret_pct,label_oc_5,1.0,1094307,1406,True,810.0,-0.0248166390569411,0.08558507789428059,-9.04841207617071,1.4506241381502628e-19,-0.009871622691141054,-0.030303233544540488,-0.02702200547722201,-0.03326730663014299,-0.02362327379313158,0,5,-29.88928418764908,Q1,23.47361322357761,18.793578948863647,4.6800342747139565,-11.526386776422392,False,3.5185351435985096e-19,True,True,True,D_WQ_33
X_z_D_intraday_ret_pct,label_oc_1,1.0,1094307,1406,True,810.0,-0.013653817529407872,0.09576849780263572,-4.90924407329546,9.142813034578112e-07,0.010459972002974218,-0.01088481946483773,-0.0165833522444715,-0.025259485894852315,-0.025957616285155423,1,4,-4.703079986594542,Q1,-22.65406009366069,-19.072189490266176,-3.5818706033945116,-57.65406009366069,False,1.3664763128354438e-06,True,True,True,D_WQ_38
X_z_D_intraday_ret_pct,label_oc_2,1.0,1094307,1406,True,810.0,-0.029829908281311202,0.09240570695621246,-11.29146656874597,1.4460349364984055e-29,-0.011556276395724987,-0.03097752369692139,-0.03240965206329314,-0.0418349411902283,-0.03236213657180992,0,5,-19.35204207508014,Q1,-8.555217248368058,-9.769279609876953,1.2140623615088917,-43.55521724836806,False,5.136096270552623e-29,True,True,True,D_WQ_38
X_z_D_intraday_ret_pct,label_oc_3,1.0,1094307,1406,True,810.0,-0.0299788731145701,0.08809559271693883,-11.795294081696047,4.1275621717897913e-32,-0.01156706575792998,-0.037006081528592936,-0.032456648469765245,-0.03924757384189555,-0.029618279226935947,0,5,-26.001014185569037,Q1,3.0582289891362824,-0.5082199648265837,3.566448953962868,-31.941771010863718,False,1.7237281079665815e-31,True,True,True,D_WQ_33
X_z_D_intraday_ret_pct,label_oc_5,1.0,1094307,1406,True,810.0,-0.024816776283177147,0.08558526481540658,-9.04843808585777,1.450278706000554e-19,-0.009871229907494582,-0.030304527145287374,-0.02702214544177111,-0.03326717884657531,-0.0236230482173404,0,5,-29.88928418764908,Q1,23.47361322357761,18.793578948863647,4.6800342747139565,-11.526386776422392,False,3.5185351435985096e-19,True,True,True,D_WQ_33
X_rank_D_ret_skew_60,label_oc_1,1.0,1094307,1406,True,810.0,-0.026939990875626704,0.062259629444144,-14.778663004697226,2.0111895087921314e-49,-0.013978005564820898,-0.03514515577931729,-0.029441440348271366,-0.0333123750399862,-0.022837576983432396,0,5,-4.599778717162391,Q1,-17.591823531871018,-19.072189490266176,1.4803659583951596,-52.591823531871015,False,1.8100705579129183e-48,True,True,True,X_z_D_ret_skew_60
X_rank_D_ret_skew_60,label_oc_2,1.0,1094307,1406,True,810.0,-0.02189654356406077,0.06466082897880948,-10.627436231247612,2.2213508829606772e-26,-0.012019524796439425,-0.029118150741773603,-0.022626177166736712,-0.025426891210492977,-0.02029766386819163,0,5,-3.2230213117140063,Q1,-9.443957312465662,-9.769279609876953,0.32532229741128843,-44.44395731246566,False,6.943833493049372e-26,True,True,True,D_ret_skew_60
X_rank_D_ret_skew_60,label_oc_3,1.0,1094307,1406,True,810.0,-0.019889152004542325,0.06437160020487112,-8.244756363363493,1.654970747573559e-16,-0.01181555659332919,-0.025367710246804082,-0.019844242767803208,-0.0234631002699548,-0.0189584622081527,0,5,-2.2944707105225706,Q1,-1.3205340763769995,-0.5082199648265837,-0.812314111550412,-36.320534076377,False,3.531949188676419e-16,True,True,True,X_rank_D_ret_skew_60
X_rank_D_ret_skew_60,label_oc_5,1.0,1094307,1406,True,810.0,-0.017901479870003848,0.06417694455362408,-5.7254162755103115,1.0318042234574416e-08,-0.012054463962538908,-0.022254578367550085,-0.01569293424136331,-0.021436369005607768,-0.018068459539260742,0,5,0.3123669053033488,Q1,15.363821675029754,18.793578948863647,-3.4297572738338933,-19.636178324970246,False,1.7064436342810387e-08,True,True,True,X_rank_D_ret_skew_60
X_z_D_ret_skew_60,label_oc_1,1.0,1094307,1406,True,810.0,-0.02694007323672261,0.062259483572427686,-14.778805740636859,2.006932253615131e-49,-0.013978407391992456,-0.03514513496830909,-0.029441444796278575,-0.03331237687946365,-0.022837601690438615,0,5,-4.599778717162391,Q1,-17.591823531871018,-19.072189490266176,1.4803659583951596,-52.591823531871015,False,1.8100705579129183e-48,True,True,True,X_z_D_ret_skew_60
X_z_D_ret_skew_60,label_oc_2,1.0,1094307,1406,True,810.0,-0.021896493746296042,0.06466076782902111,-10.627356725431746,2.2232449341780884e-26,-0.012019247378335639,-0.02911813979594609,-0.022626152026328828,-0.025426898602367104,-0.0202977205129628,0,5,-3.2230213117140063,Q1,-9.443957312465662,-9.769279609876953,0.32532229741128843,-44.44395731246566,False,6.943833493049372e-26,True,True,True,D_ret_skew_60
X_z_D_ret_skew_60,label_oc_3,1.0,1094307,1406,True,810.0,-0.01988899126745153,0.06437170185278203,-8.2445710424809,1.657537557843758e-16,-0.011814653088926144,-0.02536769509018525,-0.019844229073214363,-0.023463154915733173,-0.0189585354000436,0,5,-2.2944707105225706,Q1,-1.3205340763769995,-0.5082199648265837,-0.812314111550412,-36.320534076377,False,3.531949188676419e-16,True,True,True,X_rank_D_ret_skew_60
X_z_D_ret_skew_60,label_oc_5,1.0,1094307,1406,True,810.0,-0.017901240841771787,0.06417706898290175,-5.725244720979041,1.032847462854313e-08,-0.012053125435912339,-0.02225457103494445,-0.015692899232871777,-0.021436434000383493,-0.0180685789953037,0,5,0.3123669053033488,Q1,15.363821675029754,18.793578948863647,-3.4297572738338933,-19.636178324970246,False,1.7064436342810387e-08,True,True,True,X_rank_D_ret_skew_60
X_rank_D_downside_dev_60,label_oc_1,1.0,1094307,1406,True,810.0,-0.06033524281184978,0.15108918783083156,-15.66685421931194,2.5488631974668044e-55,-0.06324428827197977,-0.060423912659233886,-0.054902454313530455,-0.061142695953850565,-0.06195709115835354,0,5,-14.30804109887694,Q1,-12.855710360570995,-19.072189490266176,6.216479129695182,-47.855710360570995,False,3.009942444095084e-54,True,True,True,X_rank_D_downside_dev_60
X_rank_D_downside_dev_60,label_oc_2,1.0,1094307,1406,True,810.0,-0.052957086211896966,0.16586228396263833,-9.411311001881684,4.8998667874927745e-21,-0.06414790421884638,-0.048680728528127236,-0.048802676567806645,-0.042498013250470805,-0.06062880699677866,0,5,-14.82128846032943,Q1,-5.088432722619144,-9.769279609876953,4.6808468872578075,-40.088432722619146,False,1.2703148597694059e-20,True,True,True,X_rank_D_downside_dev_60
X_rank_D_downside_dev_60,label_oc_3,1.0,1094307,1406,True,810.0,-0.05033202285218406,0.16914667890803886,-7.141830492813962,9.209612830515435e-13,-0.06609003925680033,-0.04393810224347011,-0.04556271630709482,-0.034406621660933244,-0.061622455317655735,0,5,-15.074958211380705,Q1,2.6309432086665923,-0.5082199648265837,3.139163173493179,-32.369056791333406,False,1.7653286239635204e-12,True,True,True,X_rank_D_downside_dev_60
X_rank_D_downside_dev_60,label_oc_5,1.0,1094307,1406,True,810.0,-0.048854874621611914,0.17336938924669074,-5.247922216864232,1.5382421394764992e-07,-0.06796244117240044,-0.041175254619623,-0.04397250498061633,-0.024273910530432888,-0.06682630653128699,0,5,-14.952955736264968,Q1,18.697571835394545,18.793578948863647,-0.09600711346909738,-16.302428164605455,False,2.402478731030639e-07,True,True,True,D_downside_dev_60
X_z_D_downside_dev_60,label_oc_1,1.0,1094307,1406,True,810.0,-0.06033558647189988,0.15108983742835183,-15.6667687980216,2.552290376571855e-55,-0.06324612320401128,-0.06042381579448009,-0.05490250571885742,-0.0611424891014807,-0.061957227575887036,0,5,-14.30804109887694,Q1,-12.855710360570995,-19.072189490266176,6.216479129695182,-47.855710360570995,False,3.009942444095084e-54,True,True,True,X_rank_D_downside_dev_60
X_z_D_downside_dev_60,label_oc_2,1.0,1094307,1406,True,810.0,-0.052957157539366854,0.16586287182041776,-9.411244471815756,4.902969634197707e-21,-0.0641483969502304,-0.04868072580096182,-0.04880273204657624,-0.04249768111933049,-0.060628950027109905,0,5,-14.82128846032943,Q1,-5.088432722619144,-9.769279609876953,4.6808468872578075,-40.088432722619146,False,1.2703148597694059e-20,True,True,True,X_rank_D_downside_dev_60
X_z_D_downside_dev_60,label_oc_3,1.0,1094307,1406,True,810.0,-0.05033181652721728,0.1691468445588553,-7.1417683765172155,9.21377658998504e-13,-0.06608915747265347,-0.043938104623738365,-0.04556279977576992,-0.034406245995607675,-0.06162259406533429,0,5,-15.074958211380705,Q1,2.6309432086665923,-0.5082199648265837,3.139163173493179,-32.369056791333406,False,1.7653286239635204e-12,True,True,True,X_rank_D_downside_dev_60
X_z_D_downside_dev_60,label_oc_5,1.0,1094307,1406,True,810.0,-0.048854769502708374,0.17336971967652573,-5.24789978947198,1.538429362852953e-07,-0.06796210322449485,-0.04117515752407379,-0.04397260360063635,-0.024273515484217113,-0.0668265113036041,0,5,-14.952955736264968,Q1,18.697571835394545,18.793578948863647,-0.09600711346909738,-16.302428164605455,False,2.402478731030639e-07,True,True,True,D_downside_dev_60
X_rank_D_bb_pctB_20,label_oc_1,0.9999616195455205,1094265,1406,True,810.0,-0.027721473647500668,0.09623804009791109,-8.967588396272765,3.030772329665043e-19,-0.010582113489657645,-0.03313381749220446,-0.034446074616595976,-0.032012092714532335,-0.02843074582423981,0,5,-8.282972944411737,Q1,-16.207999158326643,-19.072189490266176,2.864190331939534,-51.20799915832664,False,7.227249254866531e-19,True,True,True,D_ema20_angle_z252
X_rank_D_bb_pctB_20,label_oc_2,0.9999616195455205,1094265,1406,True,810.0,-0.03263938982273441,0.0957719052820366,-8.672144842878213,4.240557607288058e-18,-0.01646984310883208,-0.03855555256573535,-0.04311813328480118,-0.035012795578532575,-0.03004984005537003,0,5,-13.854242168044983,Q1,-5.057478722610077,-9.769279609876953,4.711800887266874,-40.05747872261008,False,9.547883913035453e-18,True,True,True,D_ema20_angle_z252
X_rank_D_bb_pctB_20,label_oc_3,0.9999616195455205,1094265,1406,True,810.0,-0.03123846512046436,0.09450802762535086,-7.0754851242789885,1.4892683699579907e-12,-0.015257170887306102,-0.03663836693435232,-0.04461380698962595,-0.03316512060592149,-0.0265345999189292,0,5,-14.515924842601311,Q1,3.5119552831095575,-0.5082199648265837,4.020175247936145,-31.488044716890442,False,2.82295107433423e-12,True,True,True,D_ema20_angle_z252
X_rank_D_bb_pctB_20,label_oc_5,0.9999616195455205,1094265,1406,True,810.0,-0.02729181828418248,0.09325770235108832,-5.0626171191691824,4.135398551759959e-07,-0.017111276652948985,-0.02819857603624941,-0.04237121652858096,-0.028107798499719575,-0.020693704535260166,0,5,-11.01668090025894,Q1,20.413955660629096,18.793578948863647,1.6203767117654473,-14.586044339370904,False,6.272849374077508e-07,True,True,True,D_ema20_angle_z252
X_z_D_bb_pctB_20,label_oc_1,0.9999616195455205,1094265,1406,True,810.0,-0.02772139308773027,0.09623802606583047,-8.967526112274527,3.0324861639571557e-19,-0.01058169220878923,-0.03313381617275833,-0.034446086315226304,-0.032012092714532335,-0.028430753612665668,0,5,-8.282972944411737,Q1,-16.207999158326643,-19.072189490266176,2.864190331939534,-51.20799915832664,False,7.227249254866531e-19,True,True,True,D_ema20_angle_z252
X_z_D_bb_pctB_20,label_oc_2,0.9999616195455205,1094265,1406,True,810.0,-0.0326392769247954,0.0957719655203085,-8.67206577642461,4.24350396134909e-18,-0.01646930465006035,-0.03855555791148012,-0.04311808558054941,-0.035012795578532575,-0.030049855924707165,0,5,-13.854242168044983,Q1,-5.057478722610077,-9.769279609876953,4.711800887266874,-40.05747872261008,False,9.547883913035453e-18,True,True,True,D_ema20_angle_z252
X_z_D_bb_pctB_20,label_oc_3,0.9999616195455205,1094265,1406,True,810.0,-0.03123834761147823,0.09450809746106346,-7.075427178177325,1.4898908447875104e-12,-0.015256603298179362,-0.03663836244435881,-0.044613796651357215,-0.03316512060592149,-0.02653459439287177,0,5,-14.515924842601311,Q1,3.5119552831095575,-0.5082199648265837,4.020175247936145,-31.488044716890442,False,2.82295107433423e-12,True,True,True,D_ema20_angle_z252
X_z_D_bb_pctB_20,label_oc_5,0.9999616195455205,1094265,1406,True,810.0,-0.027291710550012987,0.09325772029567504,-5.062587310183277,4.1360454206271285e-07,-0.017110740927900114,-0.02819858615723393,-0.042371212442682306,-0.028107798499719575,-0.020693695204186756,0,5,-11.01668090025894,Q1,20.413955660629096,18.793578948863647,1.6203767117654473,-14.586044339370904,False,6.272849374077508e-07,True,True,True,D_ema20_angle_z252
X_rank_D_donch_pos_20,label_oc_1,1.0,1094307,1406,True,810.0,-0.019899196280098595,0.09585168295445809,-6.511741547236361,7.428445434862482e-11,-0.0024759382568905267,-0.023547424178160165,-0.026985930688006445,-0.024436120013000714,-0.022042939285767265,0,5,-6.091897571748464,Q1,-16.516867105955455,-19.072189490266176,2.555322384310721,-51.516867105955455,False,1.2896378434476278e-10,True,True,True,D_ema20_angle_z252
X_rank_D_donch_pos_20,label_oc_2,1.0,1094307,1406,True,810.0,-0.025552239216889667,0.09669099501308309,-6.800838766075067,1.0401177924051377e-11,-0.009186229268503711,-0.029487376877438493,-0.036662297647989915,-0.028123813837175694,-0.024305913775197047,0,5,-11.984566733547423,Q1,-5.139515186793765,-9.769279609876953,4.629764423083188,-40.139515186793766,False,1.8871290905532288e-11,True,True,True,D_ema20_angle_z252
X_rank_D_donch_pos_20,label_oc_3,1.0,1094307,1406,True,810.0,-0.024829170967302513,0.09618660025201191,-5.610700522655521,2.015092248949458e-08,-0.009629934222863557,-0.02788058302206311,-0.03856741741974452,-0.027546312920426853,-0.02053688230005244,0,5,-12.993079828528343,Q1,3.4292147099196937,-0.5082199648265837,3.93743467474628,-31.570785290080305,False,3.2739367146495103e-08,True,True,True,D_ema20_angle_z252
X_rank_D_donch_pos_20,label_oc_5,1.0,1094307,1406,True,810.0,-0.021642377359461232,0.09520000736745643,-3.924285203550662,8.698763289599017e-05,-0.014504109630392841,-0.0203338626880047,-0.03614098377174166,-0.023248708164266833,-0.014011379120263835,0,5,-10.324013894388418,Q1,19.50083012630452,18.793578948863647,0.7072511774408762,-15.499169873695479,False,0.00011947797412818832,True,True,True,D_ema20_angle_z252
X_z_D_donch_pos_20,label_oc_1,1.0,1094307,1406,True,810.0,-0.01989918125720522,0.0958516765301709,-6.511738106160745,7.428615647929319e-11,-0.0024759557716063025,-0.023547364412408085,-0.026985896425101068,-0.024436129409627284,-0.02204293126370153,0,5,-6.091897571748464,Q1,-16.516867105955455,-19.072189490266176,2.555322384310721,-51.516867105955455,False,1.2896378434476278e-10,True,True,True,D_ema20_angle_z252
X_z_D_donch_pos_20,label_oc_2,1.0,1094307,1406,True,810.0,-0.025552233539775877,0.0966909907770701,-6.800837329096447,1.0401281683312386e-11,-0.009186234547561734,-0.029487292945931252,-0.03666230521640531,-0.02812384135364554,-0.024305928883223627,0,5,-11.984566733547423,Q1,-5.139515186793765,-9.769279609876953,4.629764423083188,-40.139515186793766,False,1.8871290905532288e-11,True,True,True,D_ema20_angle_z252
X_z_D_donch_pos_20,label_oc_3,1.0,1094307,1406,True,810.0,-0.024829169969591856,0.09618660512971777,-5.61069998802328,2.015098474952403e-08,-0.00962994549942323,-0.0278805259759518,-0.03856742965323218,-0.027546328889808097,-0.020536894830040623,0,5,-12.993079828528343,Q1,3.4292147099196937,-0.5082199648265837,3.93743467474628,-31.570785290080305,False,3.2739367146495103e-08,True,True,True,D_ema20_angle_z252
X_z_D_donch_pos_20,label_oc_5,1.0,1094307,1406,True,810.0,-0.021642367387692284,0.09520001076340073,-3.924283219926664,8.698834958455816e-05,-0.014504110740321822,-0.020333789595822147,-0.036141001602003266,-0.023248717888248466,-0.014011373673326786,0,5,-10.324013894388418,Q1,19.50083012630452,18.793578948863647,0.7072511774408762,-15.499169873695479,False,0.00011947797412818832,True,True,True,D_ema20_angle_z252
X_rank_D_ema20_angle_deg,label_oc_1,1.0,1094307,1406,True,810.0,-0.0341458508466595,0.11789665045591483,-8.088480046126348,6.04138819767737e-16,-0.009241467397776947,-0.05102626284110307,-0.03663354211261154,-0.04249485308397713,-0.03134310298949133,0,5,-11.041552937749687,Q1,-16.587682256944124,-19.072189490266176,2.4845072333220513,-51.58768225694412,False,1.2563376418823827e-15,True,True,True,D_ema20_angle_z252
X_rank_D_ema20_angle_deg,label_oc_2,1.0,1094307,1406,True,810.0,-0.0384789913228617,0.11865218527205322,-7.6895053533543525,1.477049554962415e-14,-0.013912508227530427,-0.055928860971298455,-0.04505991938956242,-0.043655919173881855,-0.033854207158669464,0,5,-17.714064394900046,Q1,-4.629596691323248,-9.769279609876953,5.139682918553703,-39.62959669132325,False,2.980241579924165e-14,True,True,True,D_ema20_angle_z252
X_rank_D_ema20_angle_deg,label_oc_3,1.0,1094307,1406,True,810.0,-0.0368376737837374,0.11811452775613286,-6.473161226654249,9.597344910253047e-11,-0.0126905076474973,-0.053088708355181764,-0.04605428193828271,-0.04178086344971778,-0.03059621911047459,0,5,-18.728609580382702,Q1,4.464091716366297,-0.5082199648265837,4.972311681192884,-30.535908283633702,False,1.6535475865524143e-10,True,True,True,D_ema20_angle_z252
X_rank_D_ema20_angle_deg,label_oc_5,1.0,1094307,1406,True,810.0,-0.032496264838099434,0.11606174953078734,-4.829660828330818,1.3676581093193677e-06,-0.01410221862117801,-0.04277317317071503,-0.043935821008241394,-0.03635579938993924,-0.02533977991828762,0,5,-15.620032925804045,Q1,22.03929463451724,18.793578948863647,3.2457156856536007,-12.96070536548276,False,2.0117809608052635e-06,True,True,True,D_ema20_angle_z252
X_z_D_ema20_angle_deg,label_oc_1,1.0,1094307,1406,True,810.0,-0.03414565725156665,0.11789669739753088,-8.088449351210627,6.042910587416724e-16,-0.009241519792101633,-0.05102501168716583,-0.03663411471557875,-0.042494448916657476,-0.03134316443039067,0,5,-11.041552937749687,Q1,-16.587682256944124,-19.072189490266176,2.4845072333220513,-51.58768225694412,False,1.2563376418823827e-15,True,True,True,D_ema20_angle_z252
X_z_D_ema20_angle_deg,label_oc_2,1.0,1094307,1406,True,810.0,-0.03847898389873169,0.1186521383178537,-7.68954410409518,1.4766022884910413e-14,-0.013913227308709974,-0.0559276364905514,-0.045060218818878,-0.04365615210978245,-0.03385414327330042,0,5,-17.714064394900046,Q1,-4.629596691323248,-9.769279609876953,5.139682918553703,-39.62959669132325,False,2.980241579924165e-14,True,True,True,D_ema20_angle_z252
X_z_D_ema20_angle_deg,label_oc_3,1.0,1094307,1406,True,810.0,-0.03683774162494107,0.11811431240879144,-6.473216081984179,9.593859788171839e-11,-0.012691688958873945,-0.05308758156360166,-0.046054281917988306,-0.041780903274500715,-0.030596463364404577,0,5,-18.728609580382702,Q1,4.464091716366297,-0.5082199648265837,4.972311681192884,-30.535908283633702,False,1.6535475865524143e-10,True,True,True,D_ema20_angle_z252
X_z_D_ema20_angle_deg,label_oc_5,1.0,1094307,1406,True,810.0,-0.03249629688802003,0.11606149317716076,-4.829684822240445,1.3674933230266378e-06,-0.014103534901054314,-0.04277204923081552,-0.04393524915258712,-0.036356128059524546,-0.025339990379068707,0,5,-15.620032925804045,Q1,22.03929463451724,18.793578948863647,3.2457156856536007,-12.96070536548276,False,2.0117809608052635e-06,True,True,True,D_ema20_angle_z252
X_relvol_20,label_oc_1,1.0,1094307,1406,True,810.0,-0.06465230809461693,0.141825373699484,-19.972813077626625,9.495210494341913e-89,-0.06209495665322232,-0.07331762943846769,-0.05804334985806684,-0.06597449739600013,-0.06383401918749539,0,5,-14.025766049294953,Q1,-12.99873339233427,-19.072189490266176,6.073456097931908,-47.99873339233427,False,2.4119927759247203e-87,True,True,True,D_vol_yz_20
X_relvol_20,label_oc_2,1.0,1094307,1406,True,810.0,-0.05603309124549202,0.1484108138570447,-12.895915767387613,4.745916415414814e-38,-0.06014055257797932,-0.06378114536446419,-0.04985402327816367,-0.04630405435087047,-0.060071309771548106,0,5,-14.080537092153353,Q1,-4.913821730732298,-9.769279609876953,4.855457879144654,-39.913821730732295,False,2.5803311630849855e-37,True,True,True,D_vol_yz_20
X_relvol_20,label_oc_3,1.0,1094307,1406,True,810.0,-0.05236217600884082,0.14801871902955044,-9.748118392581341,1.8791890555551173e-22,-0.060805357369243286,-0.0594302028856309,-0.04437966160839391,-0.03861455398215279,-0.058559051261939464,0,5,-12.802516603513082,Q1,2.611475897250506,-0.5082199648265837,3.119695862077091,-32.38852410274949,False,5.149313271080837e-22,True,True,True,D_vol_yz_20
X_relvol_20,label_oc_5,1.0,1094307,1406,True,810.0,-0.04790902199320448,0.14850776225395154,-6.798933937798835,1.0539612974207585e-11,-0.060317062803534945,-0.05664524058662537,-0.037035475909230446,-0.028038413891389183,-0.057474874595164295,0,5,-8.330558593983397,Q1,17.32120777864307,18.793578948863647,-1.4723711702205764,-17.67879222135693,False,1.8937762274742204e-11,True,True,True,D_vol_yz_20
